
=== changed files ===
.dockerignore
.env.example
.gitignore
.vercelignore
Dockerfile
README.md
app/account/page.tsx
app/api/account/delete/route.ts
app/api/analyze/route.ts
app/api/billing/checkout/route.ts
app/api/billing/entitlements/route.ts
app/api/billing/webhook/route.ts
app/api/health/route.ts
app/api/journal/export/route.ts
app/api/journal/route.ts
app/api/sync/pull/route.ts
app/api/sync/push/route.ts
app/api/transcribe/route.ts
app/archive-belief/page.tsx
app/archive-detail/page.tsx
app/archive/ArchivePageClient.tsx
app/archive/page.tsx
app/blind-spots/page.tsx
app/bookmarks/page.tsx
app/contact/page.tsx
app/creator-kit/page.tsx
app/creator-preview/page.tsx
app/debug/callbacks/page.tsx
app/debug/changes/page.tsx
app/debug/patterns/page.tsx
app/debug/retention/page.tsx
app/demo/page.tsx
app/discover/page.tsx
app/entry/[id]/page.tsx
app/export/page.tsx
app/export/print/page.tsx
app/feelings-timeline/page.tsx
app/how-it-works/page.tsx
app/insights/page.tsx
app/intentions/page.tsx
app/internal/activation/page.tsx
app/internal/apple-store-readiness/page.tsx
app/internal/archive-attachment/page.tsx
app/internal/archive-belief/page.tsx
app/internal/archive-divergence/page.tsx
app/internal/archive-individuality/page.tsx
app/internal/archive-moat/page.tsx
app/internal/archive-reputation/page.tsx
app/internal/archive-simplicity/page.tsx
app/internal/archive-voice/page.tsx
app/internal/archive/page.tsx
app/internal/auth-value-validation/page.tsx
app/internal/behavior-truth/page.tsx
app/internal/blind-spot-discovery/page.tsx
app/internal/blind-spot-performance/page.tsx
app/internal/callback-learning/page.tsx
app/internal/conversion/page.tsx
app/internal/distribution/page.tsx
app/internal/durability-review/page.tsx
app/internal/emotional-integrity/page.tsx
app/internal/entitlements/page.tsx
app/internal/first-magic-moment/page.tsx
app/internal/first-week-retention/page.tsx
app/internal/founder-review/page.tsx
app/internal/founder-test/page.tsx
app/internal/google-play-readiness/page.tsx
app/internal/launch/page.tsx
app/internal/mobile-archive-review/page.tsx
app/internal/mobile-parity/page.tsx
app/internal/mobile-push-readiness/page.tsx
app/internal/mobile-readiness/page.tsx
app/internal/mobile-web-parity/page.tsx
app/internal/north-star/page.tsx
app/internal/onboarding-clarity/page.tsx
app/internal/open-loop-activation/page.tsx
app/internal/open-loop-performance/page.tsx
app/internal/open-loops-readout/page.tsx
app/internal/organic-referral/page.tsx
app/internal/page.tsx
app/internal/paywall-attribution/page.tsx
app/internal/performance-health/page.tsx
app/internal/product-simplification/page.tsx
app/internal/push-verification/page.tsx
app/internal/recurrence-density/page.tsx
app/internal/reflection-friction/page.tsx
app/internal/restore-verification/page.tsx
app/internal/resurfacing-confidence/page.tsx
app/internal/resurfacing-timing/page.tsx
app/internal/resurfacing-variety/page.tsx
app/internal/retention-core/page.tsx
app/internal/retention-discovery/page.tsx
app/internal/return-trigger-attribution/page.tsx
app/internal/return/page.tsx
app/internal/revenuecat-verification/page.tsx
app/internal/sacredness-review/page.tsx
app/internal/silence-intelligence/page.tsx
app/internal/store-readiness/page.tsx
app/internal/theory-curiosity/page.tsx
app/internal/theory-discovery/page.tsx
app/internal/transcript-cleanup/page.tsx
app/internal/vulnerability-timing/page.tsx
app/invite/page.tsx
app/journal/page.tsx
app/launch/page.tsx
app/layout.tsx
app/manifest.ts
app/memory/page.tsx
app/monthly/page.tsx
app/offline/page.tsx
app/open-loops/page.tsx
app/page.tsx
app/pilot/page.tsx
app/pricing/PricingPageClient.tsx
app/pricing/page.tsx
app/privacy-simple/page.tsx
app/privacy/page.tsx
app/record/page.tsx
app/reminders/page.tsx
app/roundups/[period]/page.tsx
app/roundups/page.tsx
app/safety/page.tsx
app/search/page.tsx
app/seasons/page.tsx
app/settings/page.tsx
app/terms/page.tsx
app/territories/[slug]/page.tsx
app/territories/page.tsx
app/theories/page.tsx
app/threads/[slug]/page.tsx
app/threads/page.tsx
app/timeline/page.tsx
app/updates/page.tsx
app/weekly/page.tsx
app/welcome/page.tsx
apps/voicememory_mobile/.env.example
apps/voicememory_mobile/.gitignore
apps/voicememory_mobile/.metadata
apps/voicememory_mobile/APP_STORE_SUBMISSION_PACK.md
apps/voicememory_mobile/REVENUECAT_LAUNCH_BLOCKERS.md
apps/voicememory_mobile/analysis_options.yaml
apps/voicememory_mobile/android/app/build.gradle.kts
apps/voicememory_mobile/android/app/src/main/AndroidManifest.xml
apps/voicememory_mobile/android/app/src/main/kotlin/com/voicememory/mobile/MainActivity.kt
apps/voicememory_mobile/android/app/src/main/kotlin/com/voicememory/mobile/widget/ObjectiveWidgetStorage.kt
apps/voicememory_mobile/android/app/src/main/res/values/strings.xml
apps/voicememory_mobile/android/gradle.properties
apps/voicememory_mobile/docs/ANDROID_RELEASE_CHECKLIST.md
apps/voicememory_mobile/docs/APP_REVIEW_NOTES.md
apps/voicememory_mobile/docs/APP_STORE_COPY.md
apps/voicememory_mobile/docs/IOS_RELEASE_CHECKLIST.md
apps/voicememory_mobile/docs/IOS_WIDGETKIT_SETUP.md
apps/voicememory_mobile/docs/NO_DASHBOARD_RELEASE_MODE.md
apps/voicememory_mobile/docs/PLAY_STORE_COPY.md
apps/voicememory_mobile/docs/PRIVACY_CHECKLIST.md
apps/voicememory_mobile/docs/REVENUECAT_RELEASE_CHECKLIST.md
apps/voicememory_mobile/docs/SECURITY_AUDIT_NOTES.md
apps/voicememory_mobile/docs/TESTFLIGHT_BUILD_NOTES.md
apps/voicememory_mobile/docs/TESTFLIGHT_MANUAL_QA.md
apps/voicememory_mobile/docs/TESTFLIGHT_RELEASE_CHECKLIST.md
apps/voicememory_mobile/docs/WIDGET_SHORTCUT_PREP.md
apps/voicememory_mobile/docs/beta/TESTFLIGHT_NOTES.md
apps/voicememory_mobile/docs/physical_device_smoke_proof.md
apps/voicememory_mobile/docs/release/LANDING_APP_CONTINUITY_CHECKLIST.md
apps/voicememory_mobile/docs/revenue/LONG_TERM_ARCHIVE_HISTORY.md
apps/voicememory_mobile/docs/revenue/PAID_REASON_V1.md
apps/voicememory_mobile/docs/revenue/PRICING_HYPOTHESES.md
apps/voicememory_mobile/docs/revenue/PRO_VALUE_LADDER.md
apps/voicememory_mobile/docs/revenue/REVENUE_EXPERIMENTS.md
apps/voicememory_mobile/docs/revenue/TESTFLIGHT_REVENUE_SCRIPT.md
apps/voicememory_mobile/docs/security-hardening-checklist.md
apps/voicememory_mobile/integration_test/full_app_screenshot_test.dart
apps/voicememory_mobile/integration_test/full_visual_audit_test.dart
apps/voicememory_mobile/integration_test/onboarding_screenshot_test.dart
apps/voicememory_mobile/integration_test/production_ui_verify_test.dart
apps/voicememory_mobile/integration_test/revenuecat_e2e_audit_test.dart
apps/voicememory_mobile/integration_test/revenuecat_production_evidence_test.dart
apps/voicememory_mobile/integration_test/subscription_review_preview_test.dart
apps/voicememory_mobile/integration_test/ui_screenshot_audit_test.dart
apps/voicememory_mobile/ios/.gitignore
apps/voicememory_mobile/ios/Flutter/AppFrameworkInfo.plist
"apps/voicememory_mobile/ios/Flutter/Flutter 2.podspec"
"apps/voicememory_mobile/ios/Flutter/Generated 2.xcconfig"
"apps/voicememory_mobile/ios/Flutter/Generated 3.xcconfig"
apps/voicememory_mobile/ios/Flutter/Release.xcconfig
"apps/voicememory_mobile/ios/Flutter/flutter_export_environment 2.sh"
"apps/voicememory_mobile/ios/Flutter/flutter_export_environment 3.sh"
apps/voicememory_mobile/ios/Podfile
apps/voicememory_mobile/ios/Podfile.lock
apps/voicememory_mobile/ios/Runner.xcodeproj/project.pbxproj
apps/voicememory_mobile/ios/Runner.xcodeproj/xcshareddata/xcschemes/Runner.xcscheme
apps/voicememory_mobile/ios/Runner/AppDelegate.swift
apps/voicememory_mobile/ios/Runner/Info.plist
apps/voicememory_mobile/ios/Runner/IosCaptureAudioSession.swift
apps/voicememory_mobile/ios/Runner/IosNativeVoiceRecorder.swift
apps/voicememory_mobile/ios/Runner/ObjectiveWidgetStorage.swift
apps/voicememory_mobile/ios/Runner/Runner.entitlements
apps/voicememory_mobile/ios/TodayCheckWidget/TodayCheckWidget.swift
apps/voicememory_mobile/lib/api/api_client.dart
apps/voicememory_mobile/lib/api/api_error_message.dart
apps/voicememory_mobile/lib/api/api_errors.dart
apps/voicememory_mobile/lib/api/api_exceptions.dart
apps/voicememory_mobile/lib/app.dart
apps/voicememory_mobile/lib/audio/recording_service.dart
apps/voicememory_mobile/lib/auth/account_auth.dart
apps/voicememory_mobile/lib/auth/auth_trigger_rules.dart
apps/voicememory_mobile/lib/auth/guest_first_auth.dart
apps/voicememory_mobile/lib/billing/archive_entitlement_reader.dart
apps/voicememory_mobile/lib/billing/archive_intelligence_proof.dart
apps/voicememory_mobile/lib/billing/archive_intelligence_proof_analytics.dart
apps/voicememory_mobile/lib/billing/archive_intelligence_proof_copy.dart
apps/voicememory_mobile/lib/billing/archive_loop_entitlement_ids.dart
apps/voicememory_mobile/lib/billing/archive_paywall_copy.dart
apps/voicememory_mobile/lib/billing/archive_paywall_plans.dart
apps/voicememory_mobile/lib/billing/archive_paywall_stats.dart
apps/voicememory_mobile/lib/billing/archive_pro_feature_map.dart
apps/voicememory_mobile/lib/billing/billing_async_guard.dart
apps/voicememory_mobile/lib/billing/billing_service.dart
apps/voicememory_mobile/lib/billing/paywall_access.dart
apps/voicememory_mobile/lib/billing/paywall_attribution_event.dart
apps/voicememory_mobile/lib/billing/paywall_attribution_store.dart
apps/voicememory_mobile/lib/billing/paywall_objection_follow_up.dart
apps/voicememory_mobile/lib/billing/paywall_rejection_reason.dart
apps/voicememory_mobile/lib/billing/paywall_source.dart
apps/voicememory_mobile/lib/billing/paywall_trigger_engine.dart
apps/voicememory_mobile/lib/billing/paywall_unavailable_state.dart
apps/voicememory_mobile/lib/billing/pro_retention_check.dart
apps/voicememory_mobile/lib/billing/pro_value_preview_engine.dart
apps/voicememory_mobile/lib/billing/purchase_intent_return_cue.dart
apps/voicememory_mobile/lib/billing/restore_production_evidence.dart
apps/voicememory_mobile/lib/billing/restore_purchases_copy.dart
apps/voicememory_mobile/lib/billing/restore_purchases_feedback.dart
apps/voicememory_mobile/lib/billing/restore_purchases_flow.dart
apps/voicememory_mobile/lib/billing/revenuecat_archive_loop_billing.dart
apps/voicememory_mobile/lib/billing/revenuecat_archive_loop_logs.dart
apps/voicememory_mobile/lib/billing/revenuecat_diagnostics_log.dart
apps/voicememory_mobile/lib/billing/revenuecat_offerings_debug_log.dart
apps/voicememory_mobile/lib/billing/revenuecat_purchase_journey.dart
apps/voicememory_mobile/lib/billing/revenuecat_service.dart
apps/voicememory_mobile/lib/billing/store_billing_port.dart
apps/voicememory_mobile/lib/billing/subscription_copy.dart
apps/voicememory_mobile/lib/billing/suggestion_attribution_event.dart
apps/voicememory_mobile/lib/billing/suggestion_attribution_store.dart
apps/voicememory_mobile/lib/billing/value_moment_paywall.dart
apps/voicememory_mobile/lib/billing/value_moment_paywall_trigger.dart
apps/voicememory_mobile/lib/config/app_config.dart
apps/voicememory_mobile/lib/config/archive_differentiation_preview.dart
apps/voicememory_mobile/lib/config/archive_intelligence_preview.dart
apps/voicememory_mobile/lib/config/archive_me_demo_state.dart
apps/voicememory_mobile/lib/config/creator_demo_mode.dart
apps/voicememory_mobile/lib/config/first_three_session_preview.dart
apps/voicememory_mobile/lib/config/production_navigation.dart
apps/voicememory_mobile/lib/config/release_config.dart
apps/voicememory_mobile/lib/config/screenshot_mode.dart
apps/voicememory_mobile/lib/config/screenshot_sample_data.dart
apps/voicememory_mobile/lib/core/config/v1_navigation_guard.dart
apps/voicememory_mobile/lib/design/archive_confidence_display.dart
apps/voicememory_mobile/lib/design/archive_relative_date.dart
apps/voicememory_mobile/lib/design/empty_archive_experience.dart
apps/voicememory_mobile/lib/design/warm_archive_copy.dart
apps/voicememory_mobile/lib/dev/screenshot_registry.dart
apps/voicememory_mobile/lib/dev/visual_audit_overrides.dart
apps/voicememory_mobile/lib/dev/visual_audit_registry.dart
apps/voicememory_mobile/lib/features/acquisition/acquisition_cohort_coordinator.dart
apps/voicememory_mobile/lib/features/acquisition/acquisition_cohort_model.dart
apps/voicememory_mobile/lib/features/acquisition/acquisition_cohort_store.dart
apps/voicememory_mobile/lib/features/acquisition/acquisition_intent_model.dart
apps/voicememory_mobile/lib/features/acquisition/acquisition_intent_store.dart
apps/voicememory_mobile/lib/features/acquisition/audience_wedge_store.dart
apps/voicememory_mobile/lib/features/action_items/action_item_filter.dart
apps/voicememory_mobile/lib/features/action_items/action_item_store.dart
apps/voicememory_mobile/lib/features/action_items/action_items_export.dart
apps/voicememory_mobile/lib/features/action_items_v1_gate/action_items_suppression_hardening.dart
apps/voicememory_mobile/lib/features/action_items_v1_gate/action_items_v1_secondary_gate.dart
apps/voicememory_mobile/lib/features/action_items_v1_gate/action_items_v1_secondary_gate_copy.dart
apps/voicememory_mobile/lib/features/activation/activation_dropoff_review_copy.dart
apps/voicememory_mobile/lib/features/activation/activation_dropoff_review_engine.dart
apps/voicememory_mobile/lib/features/activation/activation_dropoff_review_model.dart
apps/voicememory_mobile/lib/features/activation/activation_events_store.dart
apps/voicememory_mobile/lib/features/activation/activation_loop_score_engine.dart
apps/voicememory_mobile/lib/features/activation/activation_loop_score_model.dart
apps/voicememory_mobile/lib/features/activation/activation_summary_engine.dart
apps/voicememory_mobile/lib/features/activation/activation_summary_model.dart
apps/voicememory_mobile/lib/features/activation/activation_tracker.dart
apps/voicememory_mobile/lib/features/activation/archive_evidence_map.dart
apps/voicememory_mobile/lib/features/activation/archive_health_action_plan.dart
apps/voicememory_mobile/lib/features/activation/archive_health_score.dart
apps/voicememory_mobile/lib/features/activation/archive_home_summary.dart
apps/voicememory_mobile/lib/features/activation/archive_insight_feedback.dart
apps/voicememory_mobile/lib/features/activation/archive_insight_feedback_adaptation.dart
apps/voicememory_mobile/lib/features/activation/archive_workspace_hint_store.dart
apps/voicememory_mobile/lib/features/activation/archive_workspace_hints.dart
apps/voicememory_mobile/lib/features/activation/archive_workspace_layout.dart
apps/voicememory_mobile/lib/features/activation/archive_workspace_quick_actions.dart
apps/voicememory_mobile/lib/features/activation/belief_evidence_trail.dart
apps/voicememory_mobile/lib/features/activation/belief_history_timeline.dart
apps/voicememory_mobile/lib/features/activation/belief_update_payoff.dart
apps/voicememory_mobile/lib/features/activation/capture_context_tags.dart
apps/voicememory_mobile/lib/features/activation/context_aware_archive_copy.dart
apps/voicememory_mobile/lib/features/activation/context_insights.dart
apps/voicememory_mobile/lib/features/activation/correction_informed_next_prompt.dart
apps/voicememory_mobile/lib/features/activation/day_two_return_loop_payoff.dart
apps/voicememory_mobile/lib/features/activation/evidence_attention_filters.dart
apps/voicememory_mobile/lib/features/activation/first_loop_activation_coordinator.dart
apps/voicememory_mobile/lib/features/activation/first_loop_activation_model.dart
apps/voicememory_mobile/lib/features/activation/first_loop_activation_store.dart
apps/voicememory_mobile/lib/features/activation/first_pattern_correction_store.dart
apps/voicememory_mobile/lib/features/activation/first_three_journey_coordinator.dart
apps/voicememory_mobile/lib/features/activation/first_three_journey_engine.dart
apps/voicememory_mobile/lib/features/activation/first_three_session_copy.dart
apps/voicememory_mobile/lib/features/activation/first_three_session_gates.dart
apps/voicememory_mobile/lib/features/activation/insight_quality_dashboard.dart
apps/voicememory_mobile/lib/features/activation/next_moment_prompt.dart
apps/voicememory_mobile/lib/features/activation/paywall_timing_gates.dart
apps/voicememory_mobile/lib/features/activation/return_capture_metrics_store.dart
apps/voicememory_mobile/lib/features/activation/return_day_friction_coordinator.dart
apps/voicememory_mobile/lib/features/activation/return_day_friction_model.dart
apps/voicememory_mobile/lib/features/activation/return_day_friction_store.dart
apps/voicememory_mobile/lib/features/activation/returning_user_today.dart
apps/voicememory_mobile/lib/features/activation/second_session_payoff.dart
apps/voicememory_mobile/lib/features/activation/third_entry_belief_payoff.dart
apps/voicememory_mobile/lib/features/activation/third_session_archive_usefulness_engine.dart
apps/voicememory_mobile/lib/features/activation/third_session_archive_usefulness_model.dart
apps/voicememory_mobile/lib/features/activation/watch_for_prompt_metrics_store.dart
apps/voicememory_mobile/lib/features/activation/weekly_archive_review.dart
apps/voicememory_mobile/lib/features/aha/aha_moment_candidate.dart
apps/voicememory_mobile/lib/features/aha/aha_moment_engine.dart
apps/voicememory_mobile/lib/features/aha/aha_moment_store.dart
apps/voicememory_mobile/lib/features/anchor_calibration/anchor_calibration_analytics.dart
apps/voicememory_mobile/lib/features/anchor_calibration/anchor_calibration_engine.dart
apps/voicememory_mobile/lib/features/anchor_calibration/anchor_calibration_model.dart
apps/voicememory_mobile/lib/features/android_after_ios_proof/android_after_ios_proof_copy.dart
apps/voicememory_mobile/lib/features/android_after_ios_proof/android_after_ios_proof_gate.dart
apps/voicememory_mobile/lib/features/annual_plan_future/annual_plan_future_copy.dart
apps/voicememory_mobile/lib/features/annual_plan_future/annual_plan_future_gate.dart
apps/voicememory_mobile/lib/features/app_review/archive_app_review_access.dart
apps/voicememory_mobile/lib/features/archive_agreement/archive_agreement_copy.dart
apps/voicememory_mobile/lib/features/archive_agreement/archive_agreement_models.dart
apps/voicememory_mobile/lib/features/archive_agreement/archive_agreement_service.dart
apps/voicememory_mobile/lib/features/archive_agreement/archive_agreement_store.dart
apps/voicememory_mobile/lib/features/archive_analyst/archive_analyst_belief_catalog.dart
apps/voicememory_mobile/lib/features/archive_analyst/archive_analyst_confidence_engine.dart
apps/voicememory_mobile/lib/features/archive_analyst/archive_analyst_copy.dart
apps/voicememory_mobile/lib/features/archive_analyst/archive_analyst_engine.dart
apps/voicememory_mobile/lib/features/archive_analyst/archive_analyst_gate.dart
apps/voicememory_mobile/lib/features/archive_analyst/archive_analyst_models.dart
apps/voicememory_mobile/lib/features/archive_analyst/archive_belief_visibility.dart
apps/voicememory_mobile/lib/features/archive_analyst/topical_counter_evidence.dart
apps/voicememory_mobile/lib/features/archive_backup_bridge/archive_backup_bridge_analytics.dart
apps/voicememory_mobile/lib/features/archive_backup_bridge/archive_backup_bridge_copy.dart
apps/voicememory_mobile/lib/features/archive_backup_bridge/archive_backup_bridge_dismiss_store.dart
apps/voicememory_mobile/lib/features/archive_backup_bridge/archive_backup_bridge_engine.dart
apps/voicememory_mobile/lib/features/archive_backup_bridge/archive_backup_bridge_model.dart
apps/voicememory_mobile/lib/features/archive_beliefs/archive_belief_models.dart
apps/voicememory_mobile/lib/features/archive_beliefs/archive_beliefs_presenter.dart
apps/voicememory_mobile/lib/features/archive_beliefs/belief_change_timeline.dart
apps/voicememory_mobile/lib/features/archive_calendar/archive_calendar_copy.dart
apps/voicememory_mobile/lib/features/archive_calendar/archive_calendar_engine.dart
apps/voicememory_mobile/lib/features/archive_calendar/archive_calendar_gates.dart
apps/voicememory_mobile/lib/features/archive_calendar/archive_calendar_models.dart
apps/voicememory_mobile/lib/features/archive_challenge/archive_challenge_engine.dart
apps/voicememory_mobile/lib/features/archive_challenge/archive_challenge_models.dart
apps/voicememory_mobile/lib/features/archive_challenge/archive_challenge_store.dart
apps/voicememory_mobile/lib/features/archive_change_feed/archive_change_feed_copy.dart
apps/voicememory_mobile/lib/features/archive_change_feed/archive_change_feed_engine.dart
apps/voicememory_mobile/lib/features/archive_change_feed/archive_change_feed_models.dart
apps/voicememory_mobile/lib/features/archive_clarity/archive_clarity_copy.dart
apps/voicememory_mobile/lib/features/archive_clarity/archive_clarity_engine.dart
apps/voicememory_mobile/lib/features/archive_clarity/archive_clarity_gates.dart
apps/voicememory_mobile/lib/features/archive_clarity/archive_clarity_models.dart
apps/voicememory_mobile/lib/features/archive_clean/archive_clean_section_engine.dart
apps/voicememory_mobile/lib/features/archive_clean/archive_clean_section_model.dart
apps/voicememory_mobile/lib/features/archive_compression/archive_compression_coordinator.dart
apps/voicememory_mobile/lib/features/archive_compression/archive_compression_engine.dart
apps/voicememory_mobile/lib/features/archive_compression/archive_compression_model.dart
apps/voicememory_mobile/lib/features/archive_compression/archive_compression_store.dart
apps/voicememory_mobile/lib/features/archive_controls/archive_control_analytics.dart
apps/voicememory_mobile/lib/features/archive_controls/archive_control_copy.dart
apps/voicememory_mobile/lib/features/archive_controls/archive_control_engine.dart
apps/voicememory_mobile/lib/features/archive_controls/archive_exclusion_engine.dart
apps/voicememory_mobile/lib/features/archive_controls/archive_exclusion_model.dart
apps/voicememory_mobile/lib/features/archive_controls/archive_exclusion_store.dart
apps/voicememory_mobile/lib/features/archive_daily_change/archive_daily_change_copy.dart
apps/voicememory_mobile/lib/features/archive_daily_change/archive_daily_change_engine.dart
apps/voicememory_mobile/lib/features/archive_daily_change/archive_daily_change_models.dart
apps/voicememory_mobile/lib/features/archive_daily_change/archive_daily_change_store.dart
apps/voicememory_mobile/lib/features/archive_deep_dive/archive_deep_dive_copy.dart
apps/voicememory_mobile/lib/features/archive_deep_dive/archive_deep_dive_engine.dart
apps/voicememory_mobile/lib/features/archive_deep_dive/archive_deep_dive_gate.dart
apps/voicememory_mobile/lib/features/archive_deep_dive/archive_deep_dive_inquiry_engine.dart
apps/voicememory_mobile/lib/features/archive_deep_dive/archive_deep_dive_models.dart
apps/voicememory_mobile/lib/features/archive_deep_dive/archive_deep_dive_reflection_service.dart
apps/voicememory_mobile/lib/features/archive_depth/archive_depth_copy.dart
apps/voicememory_mobile/lib/features/archive_depth/archive_depth_engine.dart
apps/voicememory_mobile/lib/features/archive_depth/archive_depth_gates.dart
apps/voicememory_mobile/lib/features/archive_depth/archive_depth_models.dart
apps/voicememory_mobile/lib/features/archive_discovery_share/archive_discovery_share_analytics.dart
apps/voicememory_mobile/lib/features/archive_discovery_share/archive_discovery_share_card_model.dart
apps/voicememory_mobile/lib/features/archive_discovery_share/archive_discovery_share_copy.dart
apps/voicememory_mobile/lib/features/archive_discovery_share/archive_discovery_share_engine.dart
apps/voicememory_mobile/lib/features/archive_discovery_share/archive_discovery_share_moments.dart
apps/voicememory_mobile/lib/features/archive_discovery_share/archive_discovery_share_palette.dart
apps/voicememory_mobile/lib/features/archive_discovery_share/archive_discovery_share_types.dart
apps/voicememory_mobile/lib/features/archive_evidence/archive_belief_correction_store.dart
apps/voicememory_mobile/lib/features/archive_evidence/archive_belief_thread_engine.dart
apps/voicememory_mobile/lib/features/archive_evidence/archive_belief_thread_model.dart
apps/voicememory_mobile/lib/features/archive_evidence/archive_entry_signal_guard.dart
apps/voicememory_mobile/lib/features/archive_evidence/archive_evidence.dart
apps/voicememory_mobile/lib/features/archive_evidence/archive_evidence_analytics.dart
apps/voicememory_mobile/lib/features/archive_evidence/archive_evidence_guard.dart
apps/voicememory_mobile/lib/features/archive_evidence/archive_evidence_heuristics.dart
apps/voicememory_mobile/lib/features/archive_evidence/archive_evidence_quality.dart
apps/voicememory_mobile/lib/features/archive_evidence/archive_evidence_quality_gate.dart
apps/voicememory_mobile/lib/features/archive_evidence/archive_evidence_threshold.dart
apps/voicememory_mobile/lib/features/archive_evidence/archive_intelligence_tier_resolver.dart
apps/voicememory_mobile/lib/features/archive_evidence/archive_moment_record.dart
apps/voicememory_mobile/lib/features/archive_evidence/archive_repeat_phrase_sanitizer.dart
apps/voicememory_mobile/lib/features/archive_evidence/comparable_evidence_text.dart
apps/voicememory_mobile/lib/features/archive_evolution/archive_evolution_analytics.dart
apps/voicememory_mobile/lib/features/archive_evolution/archive_evolution_coordinator.dart
apps/voicememory_mobile/lib/features/archive_evolution/archive_evolution_copy.dart
apps/voicememory_mobile/lib/features/archive_evolution/archive_evolution_engine.dart
apps/voicememory_mobile/lib/features/archive_evolution/archive_evolution_models.dart
apps/voicememory_mobile/lib/features/archive_evolution/archive_evolution_store.dart
apps/voicememory_mobile/lib/features/archive_explanation_v2/archive_explanation_v2_analytics.dart
apps/voicememory_mobile/lib/features/archive_explanation_v2/archive_followup_question_engine.dart
apps/voicememory_mobile/lib/features/archive_explanation_v2/archive_interpretation_engine.dart
apps/voicememory_mobile/lib/features/archive_explanation_v2/archive_interpretation_models.dart
apps/voicememory_mobile/lib/features/archive_explanation_v2/archive_interpretation_store.dart
apps/voicememory_mobile/lib/features/archive_explanations/archive_explanation_analytics.dart
apps/voicememory_mobile/lib/features/archive_explanations/archive_explanation_engine.dart
apps/voicememory_mobile/lib/features/archive_explanations/archive_explanation_navigation.dart
apps/voicememory_mobile/lib/features/archive_explanations/belief_timeline_engine.dart
apps/voicememory_mobile/lib/features/archive_explanations/cross_reference_engine.dart
apps/voicememory_mobile/lib/features/archive_explanations/explanation_models.dart
apps/voicememory_mobile/lib/features/archive_export/archive_export_pack.dart
apps/voicememory_mobile/lib/features/archive_export/archive_export_pack_copy.dart
apps/voicememory_mobile/lib/features/archive_growth/archive_confidence_engine.dart
apps/voicememory_mobile/lib/features/archive_growth/archive_growth_copy.dart
apps/voicememory_mobile/lib/features/archive_growth/archive_growth_maturity.dart
apps/voicememory_mobile/lib/features/archive_growth/archive_growth_metrics.dart
apps/voicememory_mobile/lib/features/archive_growth/archive_growth_service.dart
apps/voicememory_mobile/lib/features/archive_growth/archive_journey_engine.dart
apps/voicememory_mobile/lib/features/archive_growth/archive_journey_store.dart
apps/voicememory_mobile/lib/features/archive_growth/archive_share_discovery.dart
apps/voicememory_mobile/lib/features/archive_history/archive_history_copy.dart
apps/voicememory_mobile/lib/features/archive_history/archive_history_engine.dart
apps/voicememory_mobile/lib/features/archive_history/archive_history_filter.dart
apps/voicememory_mobile/lib/features/archive_history/archive_history_item.dart
apps/voicememory_mobile/lib/features/archive_home/archive_home_card_priority.dart
apps/voicememory_mobile/lib/features/archive_home/archive_home_priority_copy.dart
apps/voicememory_mobile/lib/features/archive_home/archive_home_priority_engine.dart
apps/voicememory_mobile/lib/features/archive_home/archive_home_priority_models.dart
apps/voicememory_mobile/lib/features/archive_maturity/archive_maturity_engine.dart
apps/voicememory_mobile/lib/features/archive_memory/archive_evolution_coordinator.dart
apps/voicememory_mobile/lib/features/archive_memory/archive_evolution_engine.dart
apps/voicememory_mobile/lib/features/archive_memory/archive_evolution_model.dart
apps/voicememory_mobile/lib/features/archive_memory/archive_evolution_store.dart
apps/voicememory_mobile/lib/features/archive_memory/archive_memory_summary_coordinator.dart
apps/voicememory_mobile/lib/features/archive_memory/archive_memory_summary_engine.dart
apps/voicememory_mobile/lib/features/archive_memory/archive_memory_summary_model.dart
apps/voicememory_mobile/lib/features/archive_memory/archive_memory_summary_store.dart
apps/voicememory_mobile/lib/features/archive_memory/memory_quality_coordinator.dart
apps/voicememory_mobile/lib/features/archive_memory/memory_quality_engine.dart
apps/voicememory_mobile/lib/features/archive_memory/memory_quality_model.dart
apps/voicememory_mobile/lib/features/archive_memory_after_v1/archive_memory_after_v1_copy.dart
apps/voicememory_mobile/lib/features/archive_memory_after_v1/archive_memory_after_v1_gate.dart
apps/voicememory_mobile/lib/features/archive_milestone/archive_milestone_engine.dart
apps/voicememory_mobile/lib/features/archive_milestones/archive_milestones_copy.dart
apps/voicememory_mobile/lib/features/archive_milestones/archive_milestones_engine.dart
apps/voicememory_mobile/lib/features/archive_milestones/archive_milestones_gates.dart
apps/voicememory_mobile/lib/features/archive_milestones/archive_milestones_models.dart
apps/voicememory_mobile/lib/features/archive_movement/archive_movement.dart
apps/voicememory_mobile/lib/features/archive_narrative/archive_narrative_engine.dart
apps/voicememory_mobile/lib/features/archive_narrative/narrative_summary_models.dart
apps/voicememory_mobile/lib/features/archive_packs/archive_pack_markdown_import.dart
apps/voicememory_mobile/lib/features/archive_packs/archive_pack_store.dart
apps/voicememory_mobile/lib/features/archive_packs/cross_pack_confirmation.dart
apps/voicememory_mobile/lib/features/archive_packs/entry_pack_scope.dart
apps/voicememory_mobile/lib/features/archive_packs/pack_archive_export.dart
apps/voicememory_mobile/lib/features/archive_prompt/archive_prompt_engine.dart
apps/voicememory_mobile/lib/features/archive_prompt_assist/archive_prompt_assist.dart
apps/voicememory_mobile/lib/features/archive_prompt_assist/archive_prompt_assist_copy.dart
apps/voicememory_mobile/lib/features/archive_proof/archive_belief_surface.dart
apps/voicememory_mobile/lib/features/archive_proof/archive_change_timeline_metrics_store.dart
apps/voicememory_mobile/lib/features/archive_proof/archive_current_belief_engine.dart
apps/voicememory_mobile/lib/features/archive_proof/archive_current_belief_gates.dart
apps/voicememory_mobile/lib/features/archive_proof/archive_demo_preview_copy.dart
apps/voicememory_mobile/lib/features/archive_proof/archive_demo_preview_resolver.dart
apps/voicememory_mobile/lib/features/archive_proof/archive_first_comparison_display.dart
apps/voicememory_mobile/lib/features/archive_proof/archive_first_comparison_ui_gates.dart
apps/voicememory_mobile/lib/features/archive_proof/archive_paid_value_proof_copy.dart
apps/voicememory_mobile/lib/features/archive_proof/archive_paid_value_proof_source.dart
apps/voicememory_mobile/lib/features/archive_proof/low_effort_capture_copy_guard.dart
apps/voicememory_mobile/lib/features/archive_proof/proof_surface_advice_guard.dart
apps/voicememory_mobile/lib/features/archive_proof/proof_surface_why_appeared_copy.dart
apps/voicememory_mobile/lib/features/archive_proof/visible_archive_proof_copy.dart
apps/voicememory_mobile/lib/features/archive_question/archive_question_engine.dart
apps/voicememory_mobile/lib/features/archive_reactivity/archive_change_timeline_metrics_store.dart
apps/voicememory_mobile/lib/features/archive_reactivity/archive_copy_grammar_gate.dart
apps/voicememory_mobile/lib/features/archive_reactivity/archive_copy_minimum_bar.dart
apps/voicememory_mobile/lib/features/archive_reactivity/archive_copy_normalizer.dart
apps/voicememory_mobile/lib/features/archive_reactivity/archive_display_copy_guard.dart
apps/voicememory_mobile/lib/features/archive_reactivity/archive_full_loop_log.dart
apps/voicememory_mobile/lib/features/archive_reactivity/archive_log_hygiene.dart
apps/voicememory_mobile/lib/features/archive_reactivity/archive_positive_pattern_detector.dart
apps/voicememory_mobile/lib/features/archive_reputation/archive_reputation.dart
apps/voicememory_mobile/lib/features/archive_review/archive_range_review_engine.dart
apps/voicememory_mobile/lib/features/archive_review/archive_range_review_model.dart
apps/voicememory_mobile/lib/features/archive_review/archive_range_review_store.dart
apps/voicememory_mobile/lib/features/archive_search/archive_entry_search_engine.dart
apps/voicememory_mobile/lib/features/archive_search/archive_search_engine.dart
apps/voicememory_mobile/lib/features/archive_search/archive_search_filters.dart
apps/voicememory_mobile/lib/features/archive_search/archive_search_model.dart
apps/voicememory_mobile/lib/features/archive_search/archive_search_parser.dart
apps/voicememory_mobile/lib/features/archive_search/archive_search_query.dart
apps/voicememory_mobile/lib/features/archive_search/archive_search_result.dart
apps/voicememory_mobile/lib/features/archive_state_object/archive_state_object.dart
apps/voicememory_mobile/lib/features/archive_surprises/archive_surprises_copy.dart
apps/voicememory_mobile/lib/features/archive_surprises/archive_surprises_engine.dart
apps/voicememory_mobile/lib/features/archive_surprises/archive_surprises_models.dart
apps/voicememory_mobile/lib/features/archive_synthesis/archive_monthly_review_store.dart
apps/voicememory_mobile/lib/features/archive_synthesis/archive_synthesis_copy.dart
apps/voicememory_mobile/lib/features/archive_synthesis/archive_synthesis_hash.dart
apps/voicememory_mobile/lib/features/archive_synthesis/archive_synthesis_models.dart
apps/voicememory_mobile/lib/features/archive_synthesis/archive_synthesis_pack_builder.dart
apps/voicememory_mobile/lib/features/archive_synthesis/archive_synthesis_pro_gate.dart
apps/voicememory_mobile/lib/features/archive_synthesis/archive_synthesis_service.dart
apps/voicememory_mobile/lib/features/archive_synthesis/archive_synthesis_store.dart
apps/voicememory_mobile/lib/features/archive_synthesis/archive_synthesis_trigger.dart
apps/voicememory_mobile/lib/features/archive_tab/archive_tab_four_state_copy.dart
apps/voicememory_mobile/lib/features/archive_tab/archive_tab_four_state_engine.dart
apps/voicememory_mobile/lib/features/archive_theory/archive_theory_copy.dart
apps/voicememory_mobile/lib/features/archive_theory/archive_theory_engine.dart
apps/voicememory_mobile/lib/features/archive_theory/archive_theory_models.dart
apps/voicememory_mobile/lib/features/archive_theory/archive_theory_strengthening.dart
apps/voicememory_mobile/lib/features/archive_theory/theory_ranking_engine.dart
apps/voicememory_mobile/lib/features/archive_theory/theory_ranking_models.dart
apps/voicememory_mobile/lib/features/archive_thought_map/archive_thought_map_copy.dart
apps/voicememory_mobile/lib/features/archive_thought_map/archive_thought_map_engine.dart
apps/voicememory_mobile/lib/features/archive_thought_map/archive_thought_map_evidence_builder.dart
apps/voicememory_mobile/lib/features/archive_thought_map/archive_thought_map_models.dart
apps/voicememory_mobile/lib/features/archive_timeline_spine/archive_timeline_spine_analytics.dart
apps/voicememory_mobile/lib/features/archive_timeline_spine/archive_timeline_spine_copy.dart
apps/voicememory_mobile/lib/features/archive_timeline_spine/archive_timeline_spine_engine.dart
apps/voicememory_mobile/lib/features/archive_timeline_spine/archive_timeline_spine_model.dart
apps/voicememory_mobile/lib/features/archive_v1/archive_theme_gap_engine.dart
apps/voicememory_mobile/lib/features/archive_v1/archive_v1_builder.dart
apps/voicememory_mobile/lib/features/archive_v1/archive_v1_copy.dart
apps/voicememory_mobile/lib/features/archive_v1/archive_v1_models.dart
apps/voicememory_mobile/lib/features/archive_value/archive_value_progress.dart
apps/voicememory_mobile/lib/features/archive_watchlist/archive_watchlist_copy.dart
apps/voicememory_mobile/lib/features/archive_watchlist/archive_watchlist_engine.dart
apps/voicememory_mobile/lib/features/archive_watchlist/archive_watchlist_gates.dart
apps/voicememory_mobile/lib/features/archive_watchlist/archive_watchlist_models.dart
apps/voicememory_mobile/lib/features/archive_watchlist/archive_watchlist_store.dart
apps/voicememory_mobile/lib/features/b2b_workplace_pressure_future/b2b_workplace_pressure_future_copy.dart
apps/voicememory_mobile/lib/features/b2b_workplace_pressure_future/b2b_workplace_pressure_future_gate.dart
apps/voicememory_mobile/lib/features/belief_change/belief_change_detector.dart
apps/voicememory_mobile/lib/features/belief_change/belief_change_models.dart
apps/voicememory_mobile/lib/features/belief_change/belief_change_moment_analytics.dart
apps/voicememory_mobile/lib/features/belief_change/belief_change_moment_copy.dart
apps/voicememory_mobile/lib/features/belief_change/belief_change_moment_engine.dart
apps/voicememory_mobile/lib/features/belief_change/belief_change_moment_gates.dart
apps/voicememory_mobile/lib/features/belief_change/belief_change_moment_model.dart
apps/voicememory_mobile/lib/features/belief_evolution/belief_evolution_models.dart
apps/voicememory_mobile/lib/features/belief_evolution/belief_evolution_service.dart
apps/voicememory_mobile/lib/features/belief_evolution/belief_evolution_store.dart
apps/voicememory_mobile/lib/features/belief_lifecycle/belief_lifecycle_copy.dart
apps/voicememory_mobile/lib/features/belief_lifecycle/belief_lifecycle_engine.dart
apps/voicememory_mobile/lib/features/belief_lifecycle/belief_lifecycle_models.dart
apps/voicememory_mobile/lib/features/belief_shift/belief_shift_engine.dart
apps/voicememory_mobile/lib/features/belief_shift/belief_shift_models.dart
apps/voicememory_mobile/lib/features/beta/archive_activation_funnel_store.dart
apps/voicememory_mobile/lib/features/beta/archive_activation_funnel_tracker.dart
apps/voicememory_mobile/lib/features/beta/archive_beta_mission_copy.dart
apps/voicememory_mobile/lib/features/beta/archive_beta_mission_gate.dart
apps/voicememory_mobile/lib/features/beta/archive_beta_mission_gates.dart
apps/voicememory_mobile/lib/features/beta/archive_beta_mission_store.dart
apps/voicememory_mobile/lib/features/beta/beta_activation_loop_counts.dart
apps/voicememory_mobile/lib/features/beta/beta_activation_loop_store.dart
apps/voicememory_mobile/lib/features/beta/beta_activation_loop_tracker.dart
apps/voicememory_mobile/lib/features/beta/beta_metrics_decision_copy.dart
apps/voicememory_mobile/lib/features/beta/beta_metrics_decision_engine.dart
apps/voicememory_mobile/lib/features/beta/beta_metrics_decision_model.dart
apps/voicememory_mobile/lib/features/beta/beta_release_qa_copy.dart
apps/voicememory_mobile/lib/features/beta/beta_release_qa_engine.dart
apps/voicememory_mobile/lib/features/beta/beta_release_qa_model.dart
apps/voicememory_mobile/lib/features/beta/beta_report_export_copy.dart
apps/voicememory_mobile/lib/features/beta/beta_report_export_engine.dart
apps/voicememory_mobile/lib/features/beta/beta_report_export_model.dart
apps/voicememory_mobile/lib/features/beta/confirmed_repeat_beta_feedback_analytics.dart
apps/voicememory_mobile/lib/features/beta/confirmed_repeat_beta_feedback_copy.dart
apps/voicememory_mobile/lib/features/beta/confirmed_repeat_beta_feedback_gates.dart
apps/voicememory_mobile/lib/features/beta/confirmed_repeat_beta_feedback_models.dart
apps/voicememory_mobile/lib/features/beta/confirmed_repeat_beta_feedback_store.dart
apps/voicememory_mobile/lib/features/beta/core_value_feedback_analytics.dart
apps/voicememory_mobile/lib/features/beta/core_value_feedback_copy.dart
apps/voicememory_mobile/lib/features/beta/core_value_feedback_gates.dart
apps/voicememory_mobile/lib/features/beta/core_value_feedback_model.dart
apps/voicememory_mobile/lib/features/beta/core_value_feedback_store.dart
apps/voicememory_mobile/lib/features/beta/proof_of_value_copy.dart
apps/voicememory_mobile/lib/features/beta/proof_of_value_engine.dart
apps/voicememory_mobile/lib/features/beta/proof_of_value_model.dart
apps/voicememory_mobile/lib/features/beta/proof_value_bottleneck_playbook_copy.dart
apps/voicememory_mobile/lib/features/beta/proof_value_bottleneck_playbook_engine.dart
apps/voicememory_mobile/lib/features/beta/proof_value_bottleneck_playbook_model.dart
apps/voicememory_mobile/lib/features/beta/release_candidate_smoke_copy.dart
apps/voicememory_mobile/lib/features/beta/release_candidate_smoke_engine.dart
apps/voicememory_mobile/lib/features/beta/release_candidate_smoke_model.dart
apps/voicememory_mobile/lib/features/beta/tester_mission_analytics.dart
apps/voicememory_mobile/lib/features/beta/tester_mission_copy.dart
apps/voicememory_mobile/lib/features/beta/tester_mission_engine.dart
apps/voicememory_mobile/lib/features/beta/tester_mission_gates.dart
apps/voicememory_mobile/lib/features/beta/tester_mission_model.dart
apps/voicememory_mobile/lib/features/beta/tester_mission_store.dart
apps/voicememory_mobile/lib/features/beta_activation/beta_activation_summary_copy.dart
apps/voicememory_mobile/lib/features/beta_activation/beta_activation_summary_engine.dart
apps/voicememory_mobile/lib/features/beta_activation/beta_activation_summary_model.dart
apps/voicememory_mobile/lib/features/beta_activation/beta_activation_summary_store.dart
apps/voicememory_mobile/lib/features/beta_activation/beta_activation_summary_tracker.dart
apps/voicememory_mobile/lib/features/beta_activation_path/beta_activation_path_analytics.dart
apps/voicememory_mobile/lib/features/beta_activation_path/beta_activation_path_copy.dart
apps/voicememory_mobile/lib/features/beta_activation_path/beta_activation_path_engine.dart
apps/voicememory_mobile/lib/features/beta_activation_path/beta_activation_path_model.dart
apps/voicememory_mobile/lib/features/beta_activation_path/beta_activation_path_store.dart
apps/voicememory_mobile/lib/features/beta_conversion_diagnosis/beta_conversion_diagnosis_copy.dart
apps/voicememory_mobile/lib/features/beta_conversion_diagnosis/beta_conversion_diagnosis_engine.dart
apps/voicememory_mobile/lib/features/beta_conversion_diagnosis/beta_conversion_diagnosis_model.dart
apps/voicememory_mobile/lib/features/beta_decision/beta_decision_copy.dart
apps/voicememory_mobile/lib/features/beta_decision/beta_decision_engine.dart
apps/voicememory_mobile/lib/features/beta_decision/beta_decision_model.dart
apps/voicememory_mobile/lib/features/beta_decision_rules/beta_decision_rule_copy.dart
apps/voicememory_mobile/lib/features/beta_decision_rules/beta_decision_rule_engine.dart
apps/voicememory_mobile/lib/features/beta_decision_rules/beta_decision_rule_model.dart
apps/voicememory_mobile/lib/features/beta_expansion_proof/beta_expansion_proof_copy.dart
apps/voicememory_mobile/lib/features/beta_feedback/beta_feedback_analytics.dart
apps/voicememory_mobile/lib/features/beta_feedback/beta_feedback_controller.dart
apps/voicememory_mobile/lib/features/beta_feedback/beta_feedback_copy.dart
apps/voicememory_mobile/lib/features/beta_feedback/beta_feedback_engine.dart
apps/voicememory_mobile/lib/features/beta_feedback/beta_feedback_gates.dart
apps/voicememory_mobile/lib/features/beta_feedback/beta_feedback_model.dart
apps/voicememory_mobile/lib/features/beta_feedback/beta_feedback_models.dart
apps/voicememory_mobile/lib/features/beta_feedback/beta_feedback_response_copy.dart
apps/voicememory_mobile/lib/features/beta_feedback/beta_feedback_response_engine.dart
apps/voicememory_mobile/lib/features/beta_feedback/beta_feedback_response_models.dart
apps/voicememory_mobile/lib/features/beta_feedback/beta_feedback_store.dart
apps/voicememory_mobile/lib/features/beta_feedback_capture/beta_feedback_capture_analytics.dart
apps/voicememory_mobile/lib/features/beta_feedback_capture/beta_feedback_capture_copy.dart
apps/voicememory_mobile/lib/features/beta_feedback_capture/beta_feedback_capture_engine.dart
apps/voicememory_mobile/lib/features/beta_feedback_capture/beta_feedback_capture_model.dart
apps/voicememory_mobile/lib/features/beta_feedback_capture/beta_feedback_capture_store.dart
apps/voicememory_mobile/lib/features/beta_feedback_intelligence/beta_feedback_intelligence_analytics.dart
apps/voicememory_mobile/lib/features/beta_feedback_intelligence/beta_feedback_intelligence_copy.dart
apps/voicememory_mobile/lib/features/beta_feedback_intelligence/beta_feedback_intelligence_engine.dart
apps/voicememory_mobile/lib/features/beta_feedback_intelligence/beta_feedback_intelligence_model.dart
apps/voicememory_mobile/lib/features/beta_feedback_intelligence/beta_feedback_intelligence_store.dart
apps/voicememory_mobile/lib/features/beta_fix_playbooks/beta_fix_playbook_copy.dart
apps/voicememory_mobile/lib/features/beta_fix_playbooks/beta_fix_playbook_engine.dart
apps/voicememory_mobile/lib/features/beta_fix_playbooks/beta_fix_playbook_model.dart
apps/voicememory_mobile/lib/features/beta_improvement/beta_improvement_branch_keys.dart
apps/voicememory_mobile/lib/features/beta_improvement/beta_improvement_pack_engine.dart
apps/voicememory_mobile/lib/features/beta_improvement/beta_improvement_recommendation_gate.dart
apps/voicememory_mobile/lib/features/beta_improvement/capture_friction_copy_fix.dart
apps/voicememory_mobile/lib/features/beta_improvement/pro_packaging_boundary_model.dart
apps/voicememory_mobile/lib/features/beta_improvement/pro_packaging_branch_engine.dart
apps/voicememory_mobile/lib/features/beta_improvement/pro_packaging_copy_fix.dart
apps/voicememory_mobile/lib/features/beta_improvement/pro_utility_boundary_model.dart
apps/voicememory_mobile/lib/features/beta_improvement/pro_utility_branch_engine.dart
apps/voicememory_mobile/lib/features/beta_improvement/pro_utility_copy_fix.dart
apps/voicememory_mobile/lib/features/beta_improvement/proof_emotional_clarity_copy_fix.dart
apps/voicememory_mobile/lib/features/beta_improvement/proof_emotional_clarity_engine.dart
apps/voicememory_mobile/lib/features/beta_improvement/proof_to_pro_path_engine.dart
apps/voicememory_mobile/lib/features/beta_improvement/proof_to_pro_path_model.dart
apps/voicememory_mobile/lib/features/beta_improvement/record_onboarding_copy_fix.dart
apps/voicememory_mobile/lib/features/beta_improvement/return_reason_copy_fix.dart
apps/voicememory_mobile/lib/features/beta_invite/beta_invite_analytics.dart
apps/voicememory_mobile/lib/features/beta_invite/beta_invite_copy.dart
apps/voicememory_mobile/lib/features/beta_invite/beta_invite_engine.dart
apps/voicememory_mobile/lib/features/beta_invite/beta_invite_model.dart
apps/voicememory_mobile/lib/features/beta_invite/beta_invite_models.dart
apps/voicememory_mobile/lib/features/beta_invite/beta_invite_store.dart
apps/voicememory_mobile/lib/features/beta_outcomes/beta_outcomes_copy.dart
apps/voicememory_mobile/lib/features/beta_outcomes/beta_outcomes_engine.dart
apps/voicememory_mobile/lib/features/beta_proof_feedback/beta_proof_feedback_analytics.dart
apps/voicememory_mobile/lib/features/beta_proof_feedback/beta_proof_feedback_copy.dart
apps/voicememory_mobile/lib/features/beta_proof_feedback/beta_proof_feedback_engine.dart
apps/voicememory_mobile/lib/features/beta_proof_feedback/beta_proof_feedback_model.dart
apps/voicememory_mobile/lib/features/beta_proof_feedback/beta_proof_feedback_store.dart
apps/voicememory_mobile/lib/features/beta_proof_lift/beta_proof_lift_analytics.dart
apps/voicememory_mobile/lib/features/beta_proof_lift/beta_proof_lift_copy.dart
apps/voicememory_mobile/lib/features/beta_proof_lift/beta_proof_lift_engine.dart
apps/voicememory_mobile/lib/features/beta_proof_lift/beta_proof_lift_model.dart
apps/voicememory_mobile/lib/features/beta_readiness/beta_readiness_analytics.dart
apps/voicememory_mobile/lib/features/beta_readiness/beta_readiness_copy.dart
apps/voicememory_mobile/lib/features/beta_readiness/beta_readiness_engine.dart
apps/voicememory_mobile/lib/features/beta_readiness/beta_readiness_model.dart
apps/voicememory_mobile/lib/features/beta_repair_lab/beta_repair_lab_analytics.dart
apps/voicememory_mobile/lib/features/beta_repair_lab/beta_repair_lab_copy.dart
apps/voicememory_mobile/lib/features/beta_repair_lab/beta_repair_lab_engine.dart
apps/voicememory_mobile/lib/features/beta_repair_lab/beta_repair_lab_model.dart
apps/voicememory_mobile/lib/features/beta_repair_lab/beta_repair_lab_store.dart
apps/voicememory_mobile/lib/features/beta_results_reader/beta_results_reader.dart
apps/voicememory_mobile/lib/features/beta_results_reader/beta_results_reader_copy.dart
apps/voicememory_mobile/lib/features/beta_results_reader/beta_results_summary.dart
apps/voicememory_mobile/lib/features/beta_test_script/beta_test_script_analytics.dart
apps/voicememory_mobile/lib/features/beta_test_script/beta_test_script_copy.dart
apps/voicememory_mobile/lib/features/beta_test_script/beta_test_script_engine.dart
apps/voicememory_mobile/lib/features/beta_test_script/beta_test_script_model.dart
apps/voicememory_mobile/lib/features/beta_test_script/beta_test_script_store.dart
apps/voicememory_mobile/lib/features/beta_tester_report/beta_tester_report_analytics.dart
apps/voicememory_mobile/lib/features/beta_tester_report/beta_tester_report_copy.dart
apps/voicememory_mobile/lib/features/beta_tester_report/beta_tester_report_engine.dart
apps/voicememory_mobile/lib/features/beta_tester_report/beta_tester_report_model.dart
apps/voicememory_mobile/lib/features/beta_today_summary/beta_today_summary_analytics.dart
apps/voicememory_mobile/lib/features/beta_today_summary/beta_today_summary_copy.dart
apps/voicememory_mobile/lib/features/beta_today_summary/beta_today_summary_engine.dart
apps/voicememory_mobile/lib/features/beta_today_summary/beta_today_summary_model.dart
apps/voicememory_mobile/lib/features/beta_validation_decision_matrix/beta_validation_decision_matrix_copy.dart
apps/voicememory_mobile/lib/features/beta_validation_decision_matrix/beta_validation_decision_matrix_engine.dart
apps/voicememory_mobile/lib/features/beta_validation_decision_matrix/beta_validation_decision_matrix_model.dart
apps/voicememory_mobile/lib/features/blind_spots/blind_spot_local.dart
apps/voicememory_mobile/lib/features/bulk_actions/archive_selection_controller.dart
apps/voicememory_mobile/lib/features/bulk_actions/bulk_archive_action.dart
apps/voicememory_mobile/lib/features/bulk_actions/bulk_archive_action_service.dart
apps/voicememory_mobile/lib/features/capacity_loop/before_yes_copy.dart
apps/voicememory_mobile/lib/features/capacity_loop/before_yes_engine.dart
apps/voicememory_mobile/lib/features/capacity_loop/capacity_activation_fit_copy.dart
apps/voicememory_mobile/lib/features/capacity_loop/capacity_activation_fit_engine.dart
apps/voicememory_mobile/lib/features/capacity_loop/capacity_activation_fit_models.dart
apps/voicememory_mobile/lib/features/capacity_loop/capacity_activation_fit_store.dart
apps/voicememory_mobile/lib/features/capacity_loop/capacity_beta_mission_copy.dart
apps/voicememory_mobile/lib/features/capacity_loop/capacity_beta_mission_engine.dart
apps/voicememory_mobile/lib/features/capacity_loop/capacity_beta_mission_models.dart
apps/voicememory_mobile/lib/features/capacity_loop/capacity_beta_mission_store.dart
apps/voicememory_mobile/lib/features/capacity_loop/capacity_beta_signal_copy.dart
apps/voicememory_mobile/lib/features/capacity_loop/capacity_beta_signal_engine.dart
apps/voicememory_mobile/lib/features/capacity_loop/capacity_beta_signal_models.dart
apps/voicememory_mobile/lib/features/capacity_loop/capacity_boundary_response_copy.dart
apps/voicememory_mobile/lib/features/capacity_loop/capacity_boundary_response_engine.dart
apps/voicememory_mobile/lib/features/capacity_loop/capacity_boundary_response_models.dart
apps/voicememory_mobile/lib/features/capacity_loop/capacity_boundary_response_store.dart
apps/voicememory_mobile/lib/features/capacity_loop/capacity_cost_copy.dart
apps/voicememory_mobile/lib/features/capacity_loop/capacity_cost_engine.dart
apps/voicememory_mobile/lib/features/capacity_loop/capacity_cost_models.dart
apps/voicememory_mobile/lib/features/capacity_loop/capacity_cost_store.dart
apps/voicememory_mobile/lib/features/capacity_loop/capacity_decision_outcome_copy.dart
apps/voicememory_mobile/lib/features/capacity_loop/capacity_decision_outcome_engine.dart
apps/voicememory_mobile/lib/features/capacity_loop/capacity_decision_outcome_models.dart
apps/voicememory_mobile/lib/features/capacity_loop/capacity_decision_outcome_store.dart
apps/voicememory_mobile/lib/features/capacity_loop/capacity_launch_wedge_gates.dart
apps/voicememory_mobile/lib/features/capacity_loop/capacity_loop_copy.dart
apps/voicememory_mobile/lib/features/capacity_loop/capacity_loop_engine.dart
apps/voicememory_mobile/lib/features/capacity_loop/capacity_loop_gates.dart
apps/voicememory_mobile/lib/features/capacity_loop/capacity_loop_models.dart
apps/voicememory_mobile/lib/features/capacity_loop/capacity_pull_reason_copy.dart
apps/voicememory_mobile/lib/features/capacity_loop/capacity_pull_reason_engine.dart
apps/voicememory_mobile/lib/features/capacity_loop/capacity_pull_reason_models.dart
apps/voicememory_mobile/lib/features/capacity_loop/capacity_pull_reason_store.dart
apps/voicememory_mobile/lib/features/capacity_loop/capacity_return_trigger_copy.dart
apps/voicememory_mobile/lib/features/capacity_loop/capacity_return_trigger_engine.dart
apps/voicememory_mobile/lib/features/capacity_loop/capacity_return_trigger_models.dart
apps/voicememory_mobile/lib/features/capacity_loop/capacity_three_moment_copy.dart
apps/voicememory_mobile/lib/features/capacity_loop/capacity_three_moment_engine.dart
apps/voicememory_mobile/lib/features/capacity_loop/capacity_three_moment_gates.dart
apps/voicememory_mobile/lib/features/capacity_loop/capacity_three_moment_models.dart
apps/voicememory_mobile/lib/features/capacity_loop/capacity_weekly_review_copy.dart
apps/voicememory_mobile/lib/features/capacity_loop/capacity_weekly_review_engine.dart
apps/voicememory_mobile/lib/features/capacity_loop/capacity_weekly_review_gates.dart
apps/voicememory_mobile/lib/features/capacity_loop/capacity_weekly_review_models.dart
apps/voicememory_mobile/lib/features/capacity_loop/low_effort_yes_capture_copy.dart
apps/voicememory_mobile/lib/features/capacity_loop/low_effort_yes_capture_engine.dart
apps/voicememory_mobile/lib/features/capacity_loop/low_effort_yes_capture_models.dart
apps/voicememory_mobile/lib/features/capacity_loop/quick_capture_friction_copy.dart
apps/voicememory_mobile/lib/features/capacity_loop/quick_capture_friction_engine.dart
apps/voicememory_mobile/lib/features/capacity_loop/quick_capture_friction_models.dart
apps/voicememory_mobile/lib/features/capacity_loop/quick_capture_friction_store.dart
apps/voicememory_mobile/lib/features/capacity_loop/yes_capture_timing.dart
apps/voicememory_mobile/lib/features/change_trail_clarity/change_trail_clarity.dart
apps/voicememory_mobile/lib/features/change_trail_clarity/change_trail_clarity_copy.dart
apps/voicememory_mobile/lib/features/chat_differentiation/chat_differentiation_copy.dart
apps/voicememory_mobile/lib/features/collections/archive_collection.dart
apps/voicememory_mobile/lib/features/collections/archive_collection_store.dart
apps/voicememory_mobile/lib/features/come_back_tomorrow/come_back_tomorrow_v2_analytics.dart
apps/voicememory_mobile/lib/features/come_back_tomorrow/come_back_tomorrow_v2_engine.dart
apps/voicememory_mobile/lib/features/come_back_tomorrow/come_back_tomorrow_v2_model.dart
apps/voicememory_mobile/lib/features/come_back_tomorrow/come_back_tomorrow_v2_store.dart
apps/voicememory_mobile/lib/features/commercial_proof_executor/commercial_proof_executor.dart
apps/voicememory_mobile/lib/features/commercial_proof_executor/commercial_proof_executor_copy.dart
apps/voicememory_mobile/lib/features/commercial_readiness_gate/commercial_readiness_gate.dart
apps/voicememory_mobile/lib/features/commercial_readiness_gate/commercial_readiness_gate_copy.dart
apps/voicememory_mobile/lib/features/comparison_engine/comparison_engine.dart
apps/voicememory_mobile/lib/features/comparison_engine/comparison_engine_config.dart
apps/voicememory_mobile/lib/features/comparison_engine/comparison_engine_model.dart
apps/voicememory_mobile/lib/features/comparison_engine/comparison_engine_prompt.dart
apps/voicememory_mobile/lib/features/comparison_engine/domain/mappers/archive_moment_record_mapper.dart
apps/voicememory_mobile/lib/features/comparison_engine/domain/models/archive_moment_record.dart
apps/voicememory_mobile/lib/features/comparison_engine/domain/models/pattern_comparison_plan.dart
apps/voicememory_mobile/lib/features/comparison_engine/domain/models/pattern_evidence_view_state.dart
apps/voicememory_mobile/lib/features/comparison_engine/domain/services/comparison_manifest_formatter.dart
apps/voicememory_mobile/lib/features/comparison_engine/domain/services/comparison_output_parser.dart
apps/voicememory_mobile/lib/features/comparison_engine/domain/services/historical_context_pruner.dart
apps/voicememory_mobile/lib/features/comparison_engine/domain/services/local_text_comparison_engine.dart
apps/voicememory_mobile/lib/features/comparison_engine/domain/services/pattern_comparison_executor.dart
apps/voicememory_mobile/lib/features/comparison_engine/domain/services/pro_trail_gate.dart
apps/voicememory_mobile/lib/features/comparison_engine/infrastructure/comparison_preference_store.dart
apps/voicememory_mobile/lib/features/comparison_engine/infrastructure/journal_comparison_model_api_client.dart
apps/voicememory_mobile/lib/features/comparison_engine/presentation/controllers/post_save_comparison_controller.dart
apps/voicememory_mobile/lib/features/comparison_engine/presentation/widgets/pattern_evidence_card.dart
apps/voicememory_mobile/lib/features/comparison_engine/presentation/widgets/post_save_comparison_section.dart
apps/voicememory_mobile/lib/features/comparison_engine/presentation/widgets/post_save_pattern_comparison_section.dart
apps/voicememory_mobile/lib/features/context_trail_clarity/context_trail_clarity.dart
apps/voicememory_mobile/lib/features/context_trail_clarity/context_trail_clarity_copy.dart
apps/voicememory_mobile/lib/features/contextual_privacy/contextual_privacy_analytics.dart
apps/voicememory_mobile/lib/features/contextual_privacy/contextual_privacy_controls_sheet.dart
apps/voicememory_mobile/lib/features/contextual_privacy/contextual_privacy_copy.dart
apps/voicememory_mobile/lib/features/contextual_privacy/contextual_privacy_model.dart
apps/voicememory_mobile/lib/features/contradiction_change_future/contradiction_change_future_copy.dart
apps/voicememory_mobile/lib/features/contradiction_change_future/contradiction_change_future_gate.dart
apps/voicememory_mobile/lib/features/contradiction_detection/contradiction_detection_service.dart
apps/voicememory_mobile/lib/features/contradiction_detection/contradiction_report.dart
apps/voicememory_mobile/lib/features/contradiction_detection/statement_analysis.dart
apps/voicememory_mobile/lib/features/copy_quality/archive_copy_repetition_audit.dart
apps/voicememory_mobile/lib/features/core_archive_journey/core_archive_journey.dart
apps/voicememory_mobile/lib/features/core_archive_journey/core_archive_journey_copy.dart
apps/voicememory_mobile/lib/features/core_metrics_minimum/core_metrics_beta_reducer.dart
apps/voicememory_mobile/lib/features/core_metrics_minimum/core_metrics_beta_reducer_copy.dart
apps/voicememory_mobile/lib/features/core_metrics_minimum/core_metrics_minimum_set.dart
apps/voicememory_mobile/lib/features/core_metrics_minimum/core_metrics_minimum_set_copy.dart
apps/voicememory_mobile/lib/features/core_metrics_minimum/core_metrics_minimum_set_v2.dart
apps/voicememory_mobile/lib/features/core_metrics_minimum/core_metrics_minimum_set_v2_copy.dart
apps/voicememory_mobile/lib/features/correction_memory/correction_memory_analytics.dart
apps/voicememory_mobile/lib/features/correction_memory/correction_memory_copy.dart
apps/voicememory_mobile/lib/features/correction_memory/correction_memory_engine.dart
apps/voicememory_mobile/lib/features/correction_memory/correction_memory_model.dart
apps/voicememory_mobile/lib/features/correction_memory/correction_memory_store.dart
apps/voicememory_mobile/lib/features/cross_device_continuity_future/cross_device_continuity_future_copy.dart
apps/voicememory_mobile/lib/features/cross_device_continuity_future/cross_device_continuity_future_gate.dart
apps/voicememory_mobile/lib/features/curiosity_loop/application/curiosity_hook_coordinator.dart
apps/voicememory_mobile/lib/features/curiosity_loop/application/curiosity_hook_journal_store.dart
apps/voicememory_mobile/lib/features/curiosity_loop/curiosity_hook_copy.dart
apps/voicememory_mobile/lib/features/curiosity_loop/curiosity_hook_gates.dart
apps/voicememory_mobile/lib/features/curiosity_loop/data/models/curiosity_reaction_record.dart
apps/voicememory_mobile/lib/features/curiosity_loop/data/repositories/curiosity_reaction_repository.dart
apps/voicememory_mobile/lib/features/curiosity_loop/domain/models/cognitive_biomarkers.dart
apps/voicememory_mobile/lib/features/curiosity_loop/domain/models/curiosity_hook.dart
apps/voicememory_mobile/lib/features/curiosity_loop/domain/models/trajectory_assessment.dart
apps/voicememory_mobile/lib/features/curiosity_loop/domain/models/weekly_telemetry_summary.dart
apps/voicememory_mobile/lib/features/curiosity_loop/domain/services/cognitive_analyzer.dart
apps/voicememory_mobile/lib/features/curiosity_loop/domain/services/cognitive_anomaly_detector.dart
apps/voicememory_mobile/lib/features/curiosity_loop/domain/services/cognitive_trajectory_evaluator.dart
apps/voicememory_mobile/lib/features/curiosity_loop/domain/services/curiosity_prompt_generator.dart
apps/voicememory_mobile/lib/features/curiosity_loop/domain/services/curiosity_prompt_resolver.dart
apps/voicememory_mobile/lib/features/curiosity_loop/domain/services/jargon_aware_analyzer.dart
apps/voicememory_mobile/lib/features/curiosity_loop/domain/services/moving_baseline_calculator.dart
apps/voicememory_mobile/lib/features/curiosity_loop/domain/services/telemetry_analytics_aggregator.dart
apps/voicememory_mobile/lib/features/curiosity_loop/infrastructure/encrypted_prefs_json_blob.dart
apps/voicememory_mobile/lib/features/curiosity_loop/infrastructure/interceptors/cognitive_alert_interceptor.dart
apps/voicememory_mobile/lib/features/curiosity_loop/infrastructure/interceptors/cognitive_baseline_interceptor.dart
apps/voicememory_mobile/lib/features/curiosity_loop/infrastructure/interceptors/cognitive_trajectory_interceptor.dart
apps/voicememory_mobile/lib/features/curiosity_loop/infrastructure/interceptors/curiosity_loop_trigger_interceptor.dart
apps/voicememory_mobile/lib/features/curiosity_loop/infrastructure/stores/local_cognitive_baseline_store.dart
apps/voicememory_mobile/lib/features/curiosity_loop/models/curiosity_hook.dart
apps/voicememory_mobile/lib/features/curiosity_loop/presentation/models/curiosity_hook_presentation.dart
apps/voicememory_mobile/lib/features/curiosity_loop/presentation/models/telemetry_data_point.dart
apps/voicememory_mobile/lib/features/curiosity_loop/presentation/weekly_productivity_report_screen.dart
apps/voicememory_mobile/lib/features/curiosity_loop/presentation/widgets/clinical_telemetry_trend_widget.dart
apps/voicememory_mobile/lib/features/curiosity_loop/presentation/widgets/connected_clinical_telemetry_trend_widget.dart
apps/voicememory_mobile/lib/features/curiosity_loop/presentation/widgets/curiosity_hook_card.dart
apps/voicememory_mobile/lib/features/curiosity_loop/presentation/widgets/grounding_breath_spacer.dart
apps/voicememory_mobile/lib/features/curiosity_loop/presentation/widgets/weekly_growth_preview_card.dart
apps/voicememory_mobile/lib/features/curiosity_loop/presentation/yesterdays_snapshot_screen.dart
apps/voicememory_mobile/lib/features/curiosity_loop/repositories/clinical_trajectory_history_store.dart
apps/voicememory_mobile/lib/features/curiosity_loop/repositories/cognitive_baseline_store.dart
apps/voicememory_mobile/lib/features/curiosity_loop/repositories/curiosity_hook_repository.dart
apps/voicememory_mobile/lib/features/curiosity_loop/repositories/curiosity_loop_repository.dart
apps/voicememory_mobile/lib/features/curiosity_loop/services/clinical_cognitive_telemetry.dart
apps/voicememory_mobile/lib/features/curiosity_loop/services/cognitive_baseline_telemetry.dart
apps/voicememory_mobile/lib/features/curiosity_loop/services/cognitive_trajectory_telemetry.dart
apps/voicememory_mobile/lib/features/curiosity_loop/services/curiosity_adaptive_timing_engine.dart
apps/voicememory_mobile/lib/features/curiosity_loop/services/curiosity_data_exporter.dart
apps/voicememory_mobile/lib/features/curiosity_loop/services/curiosity_hook_coordinator.dart
apps/voicememory_mobile/lib/features/curiosity_loop/services/curiosity_hook_engine.dart
apps/voicememory_mobile/lib/features/curiosity_loop/services/curiosity_hook_metadata_extractor.dart
apps/voicememory_mobile/lib/features/curiosity_loop/services/curiosity_memory_recall_hook_enricher.dart
apps/voicememory_mobile/lib/features/curiosity_loop/services/curiosity_notification_launch_controller.dart
apps/voicememory_mobile/lib/features/curiosity_loop/services/curiosity_notification_scheduler.dart
apps/voicememory_mobile/lib/features/curiosity_loop/services/curiosity_telemetry_tracker.dart
apps/voicememory_mobile/lib/features/curiosity_loop/services/productivity_report_engine.dart
apps/voicememory_mobile/lib/features/curiosity_loop/services/yesterdays_snapshot_coordinator.dart
apps/voicememory_mobile/lib/features/curiosity_loop/services/yesterdays_snapshot_engine.dart
apps/voicememory_mobile/lib/features/curiosity_loop/weekly_productivity_report_copy.dart
apps/voicememory_mobile/lib/features/curiosity_loop/yesterdays_snapshot_copy.dart
apps/voicememory_mobile/lib/features/curiosity_loop/yesterdays_snapshot_gates.dart
apps/voicememory_mobile/lib/features/curiosity_loop/yesterdays_snapshot_reaction.dart
apps/voicememory_mobile/lib/features/curiosity_loop/yesterdays_snapshot_routes.dart
apps/voicememory_mobile/lib/features/curiosity_loop/yesterdays_snapshot_store.dart
apps/voicememory_mobile/lib/features/current_relevance/current_relevance_analytics.dart
apps/voicememory_mobile/lib/features/current_relevance/current_relevance_copy.dart
apps/voicememory_mobile/lib/features/current_relevance/current_relevance_engine.dart
apps/voicememory_mobile/lib/features/current_relevance/current_relevance_model.dart
apps/voicememory_mobile/lib/features/current_relevance/current_relevance_store.dart
apps/voicememory_mobile/lib/features/daily_archive_exercise/daily_archive_exercise_copy.dart
apps/voicememory_mobile/lib/features/daily_archive_exercise/daily_archive_exercise_engine.dart
apps/voicememory_mobile/lib/features/daily_archive_exercise/daily_archive_exercise_gates.dart
apps/voicememory_mobile/lib/features/daily_archive_exercise/daily_archive_exercise_models.dart
apps/voicememory_mobile/lib/features/daily_archive_memory/daily_archive_memory_analytics.dart
apps/voicememory_mobile/lib/features/daily_archive_memory/daily_archive_memory_copy.dart
apps/voicememory_mobile/lib/features/daily_archive_memory/daily_archive_memory_engine.dart
apps/voicememory_mobile/lib/features/daily_archive_memory/daily_archive_memory_model.dart
apps/voicememory_mobile/lib/features/daily_discoveries/daily_discovery_engine.dart
apps/voicememory_mobile/lib/features/daily_discoveries/daily_discovery_models.dart
apps/voicememory_mobile/lib/features/daily_discoveries/daily_discovery_store.dart
apps/voicememory_mobile/lib/features/daily_question/adaptive_daily_question_copy.dart
apps/voicememory_mobile/lib/features/daily_question/adaptive_daily_question_engine.dart
apps/voicememory_mobile/lib/features/daily_question/adaptive_daily_question_model.dart
apps/voicememory_mobile/lib/features/debug/archive_activation_scripted_e2e_gate.dart
apps/voicememory_mobile/lib/features/debug/archive_beta_debug_gate.dart
apps/voicememory_mobile/lib/features/demo/archive_me_demo_archive.dart
apps/voicememory_mobile/lib/features/demo/demo_share_pack.dart
apps/voicememory_mobile/lib/features/demo/sample_archive_copy.dart
apps/voicememory_mobile/lib/features/demo/sample_archive_demo_paths.dart
apps/voicememory_mobile/lib/features/demo/sample_archive_entries.dart
apps/voicememory_mobile/lib/features/demo/sample_archive_tour.dart
apps/voicememory_mobile/lib/features/demo/sample_archive_workspace.dart
apps/voicememory_mobile/lib/features/discover/belief_engine.dart
apps/voicememory_mobile/lib/features/discover/blind_spot_engine.dart
apps/voicememory_mobile/lib/features/discover/chapter_engine.dart
apps/voicememory_mobile/lib/features/discover/contradiction_engine.dart
apps/voicememory_mobile/lib/features/discover/discover_analytics.dart
apps/voicememory_mobile/lib/features/discover/discover_cache.dart
apps/voicememory_mobile/lib/features/discover/discover_engine.dart
apps/voicememory_mobile/lib/features/discover/discover_local.dart
apps/voicememory_mobile/lib/features/discover/discover_models.dart
apps/voicememory_mobile/lib/features/discover/growth_timeline_engine.dart
apps/voicememory_mobile/lib/features/discover/theme_engine.dart
apps/voicememory_mobile/lib/features/early_archive/archive_change_timeline_copy.dart
apps/voicememory_mobile/lib/features/early_archive/archive_change_timeline_engine.dart
apps/voicememory_mobile/lib/features/early_archive/archive_change_timeline_gates.dart
apps/voicememory_mobile/lib/features/early_archive/archive_change_timeline_model.dart
apps/voicememory_mobile/lib/features/early_archive/archive_proof_surface_copy.dart
apps/voicememory_mobile/lib/features/early_archive/archive_proof_surface_layout.dart
apps/voicememory_mobile/lib/features/early_archive/archive_summary_copy.dart
apps/voicememory_mobile/lib/features/early_archive/archive_summary_engine.dart
apps/voicememory_mobile/lib/features/early_archive/archive_summary_gates.dart
apps/voicememory_mobile/lib/features/early_archive/archive_summary_model.dart
apps/voicememory_mobile/lib/features/early_archive/archive_watching_engine.dart
apps/voicememory_mobile/lib/features/early_archive/archive_watching_gates.dart
apps/voicememory_mobile/lib/features/early_archive/confirmed_repeat_evidence_phrase_engine.dart
apps/voicememory_mobile/lib/features/early_archive/confirmed_repeat_helpful_action_capture.dart
apps/voicememory_mobile/lib/features/early_archive/confirmed_repeat_thought_map_analytics.dart
apps/voicememory_mobile/lib/features/early_archive/confirmed_repeat_thought_map_copy.dart
apps/voicememory_mobile/lib/features/early_archive/confirmed_repeat_thought_map_engine.dart
apps/voicememory_mobile/lib/features/early_archive/confirmed_repeat_thought_map_gates.dart
apps/voicememory_mobile/lib/features/early_archive/confirmed_repeat_thought_map_models.dart
apps/voicememory_mobile/lib/features/early_archive/confirmed_repeat_thought_map_store.dart
apps/voicememory_mobile/lib/features/early_archive/confirmed_repeat_trigger_capture.dart
apps/voicememory_mobile/lib/features/early_archive/confirmed_repeat_why_matters_copy.dart
apps/voicememory_mobile/lib/features/early_archive/confirmed_repeat_why_matters_gates.dart
apps/voicememory_mobile/lib/features/early_archive/confirmed_repeat_why_matters_store.dart
apps/voicememory_mobile/lib/features/early_archive/daily_return_reason_analytics.dart
apps/voicememory_mobile/lib/features/early_archive/daily_return_reason_copy.dart
apps/voicememory_mobile/lib/features/early_archive/daily_return_reason_engine.dart
apps/voicememory_mobile/lib/features/early_archive/daily_return_reason_gates.dart
apps/voicememory_mobile/lib/features/early_archive/daily_return_reason_model.dart
apps/voicememory_mobile/lib/features/early_archive/early_archive_insight_feedback_analytics.dart
apps/voicememory_mobile/lib/features/early_archive/early_archive_insight_feedback_copy.dart
apps/voicememory_mobile/lib/features/early_archive/early_archive_insight_feedback_models.dart
apps/voicememory_mobile/lib/features/early_archive/early_archive_insight_feedback_store.dart
apps/voicememory_mobile/lib/features/early_archive/early_archive_insight_quality_copy.dart
apps/voicememory_mobile/lib/features/early_archive/early_archive_insight_quality_engine.dart
apps/voicememory_mobile/lib/features/early_archive/early_archive_proof_analytics.dart
apps/voicememory_mobile/lib/features/early_archive/early_archive_return_reminder_copy.dart
apps/voicememory_mobile/lib/features/early_archive/early_archive_return_reminder_gates.dart
apps/voicememory_mobile/lib/features/early_archive/early_archive_return_reminder_service.dart
apps/voicememory_mobile/lib/features/early_archive/early_archive_return_reminder_session.dart
apps/voicememory_mobile/lib/features/early_archive/early_archive_return_reminder_store.dart
apps/voicememory_mobile/lib/features/early_archive/early_evidence_milestone_store.dart
apps/voicememory_mobile/lib/features/early_archive/early_evidence_timeline_demo.dart
apps/voicememory_mobile/lib/features/early_archive/early_evidence_timeline_demo_copy.dart
apps/voicememory_mobile/lib/features/early_archive/early_evidence_timeline_engine.dart
apps/voicememory_mobile/lib/features/early_archive/early_first_signal_copy.dart
apps/voicememory_mobile/lib/features/early_archive/early_first_signal_engine.dart
apps/voicememory_mobile/lib/features/early_archive/early_first_signal_record_routes.dart
apps/voicememory_mobile/lib/features/early_archive/early_repeat_progress_copy.dart
apps/voicememory_mobile/lib/features/early_archive/early_repeat_progress_engine.dart
apps/voicememory_mobile/lib/features/early_archive/early_repeat_progress_gates.dart
apps/voicememory_mobile/lib/features/early_archive/early_repeat_progress_model.dart
apps/voicememory_mobile/lib/features/early_archive/early_saved_moments_analytics.dart
apps/voicememory_mobile/lib/features/early_archive/early_saved_moments_copy.dart
apps/voicememory_mobile/lib/features/early_archive/early_saved_moments_engine.dart
apps/voicememory_mobile/lib/features/early_archive/early_saved_moments_gates.dart
apps/voicememory_mobile/lib/features/early_archive/early_saved_moments_model.dart
apps/voicememory_mobile/lib/features/early_archive/first_proof_moment_analytics.dart
apps/voicememory_mobile/lib/features/early_archive/first_proof_moment_copy.dart
apps/voicememory_mobile/lib/features/early_archive/first_proof_moment_engine.dart
apps/voicememory_mobile/lib/features/early_archive/first_proof_moment_gates.dart
apps/voicememory_mobile/lib/features/early_archive/first_week_loop_analytics.dart
apps/voicememory_mobile/lib/features/early_archive/first_week_loop_copy.dart
apps/voicememory_mobile/lib/features/early_archive/first_week_loop_engine.dart
apps/voicememory_mobile/lib/features/early_archive/first_week_loop_gates.dart
apps/voicememory_mobile/lib/features/early_archive/first_week_loop_model.dart
apps/voicememory_mobile/lib/features/early_archive/helpful_action_appeared_analytics.dart
apps/voicememory_mobile/lib/features/early_archive/helpful_action_appeared_copy.dart
apps/voicememory_mobile/lib/features/early_archive/helpful_action_appeared_engine.dart
apps/voicememory_mobile/lib/features/early_archive/helpful_action_appeared_gates.dart
apps/voicememory_mobile/lib/features/early_archive/helpful_action_appeared_model.dart
apps/voicememory_mobile/lib/features/early_archive/positive_pattern_analytics.dart
apps/voicememory_mobile/lib/features/early_archive/positive_pattern_engine.dart
apps/voicememory_mobile/lib/features/early_archive/positive_pattern_gates.dart
apps/voicememory_mobile/lib/features/early_archive/positive_reinforcement_analytics.dart
apps/voicememory_mobile/lib/features/early_archive/positive_reinforcement_copy.dart
apps/voicememory_mobile/lib/features/early_archive/positive_reinforcement_engine.dart
apps/voicememory_mobile/lib/features/early_archive/positive_reinforcement_gates.dart
apps/voicememory_mobile/lib/features/early_archive/post_save_return_check_answer_analytics.dart
apps/voicememory_mobile/lib/features/early_archive/post_save_return_check_answer_copy.dart
apps/voicememory_mobile/lib/features/early_archive/post_save_return_check_answer_engine.dart
apps/voicememory_mobile/lib/features/early_archive/post_save_return_check_answer_gates.dart
apps/voicememory_mobile/lib/features/early_archive/post_save_return_check_answer_model.dart
apps/voicememory_mobile/lib/features/early_archive/post_save_return_handoff_copy.dart
apps/voicememory_mobile/lib/features/early_archive/post_save_return_handoff_engine.dart
apps/voicememory_mobile/lib/features/early_archive/post_save_return_handoff_gates.dart
apps/voicememory_mobile/lib/features/early_archive/post_save_return_handoff_model.dart
apps/voicememory_mobile/lib/features/early_archive/private_archive_report_analytics.dart
apps/voicememory_mobile/lib/features/early_archive/private_archive_report_copy.dart
apps/voicememory_mobile/lib/features/early_archive/private_archive_report_engine.dart
apps/voicememory_mobile/lib/features/early_archive/private_archive_report_gates.dart
apps/voicememory_mobile/lib/features/early_archive/private_archive_report_model.dart
apps/voicememory_mobile/lib/features/early_archive/record_proof_stack_policy.dart
apps/voicememory_mobile/lib/features/early_archive/return_check_payoff_analytics.dart
apps/voicememory_mobile/lib/features/early_archive/return_check_payoff_copy.dart
apps/voicememory_mobile/lib/features/early_archive/return_check_payoff_engine.dart
apps/voicememory_mobile/lib/features/early_archive/return_check_payoff_gates.dart
apps/voicememory_mobile/lib/features/early_archive/return_check_payoff_model.dart
apps/voicememory_mobile/lib/features/early_archive/weekly_archive_review_analytics.dart
apps/voicememory_mobile/lib/features/early_archive/weekly_archive_review_copy.dart
apps/voicememory_mobile/lib/features/early_archive/weekly_archive_review_engine.dart
apps/voicememory_mobile/lib/features/early_archive/weekly_archive_review_gates.dart
apps/voicememory_mobile/lib/features/early_archive/weekly_archive_review_model.dart
apps/voicememory_mobile/lib/features/early_archive/what_changed_since_last_time_analytics.dart
apps/voicememory_mobile/lib/features/early_archive/what_changed_since_last_time_copy.dart
apps/voicememory_mobile/lib/features/early_archive/what_changed_since_last_time_engine.dart
apps/voicememory_mobile/lib/features/early_archive/what_changed_since_last_time_gates.dart
apps/voicememory_mobile/lib/features/early_archive/what_changed_since_last_time_model.dart
apps/voicememory_mobile/lib/features/early_insights/early_archive_insight_analytics.dart
apps/voicememory_mobile/lib/features/early_insights/early_archive_wins.dart
apps/voicememory_mobile/lib/features/entry_importance/entry_importance_analytics.dart
apps/voicememory_mobile/lib/features/entry_importance/entry_importance_copy.dart
apps/voicememory_mobile/lib/features/entry_importance/entry_importance_store.dart
apps/voicememory_mobile/lib/features/evidence_anchors/evidence_anchor_analytics.dart
apps/voicememory_mobile/lib/features/evidence_anchors/evidence_anchor_engine.dart
apps/voicememory_mobile/lib/features/evidence_anchors/evidence_anchor_model.dart
apps/voicememory_mobile/lib/features/evidence_trail/evidence_trail_builder.dart
apps/voicememory_mobile/lib/features/evidence_trail/evidence_trail_models.dart
apps/voicememory_mobile/lib/features/evidence_trail/evidence_trail_navigation.dart
apps/voicememory_mobile/lib/features/evidence_trail_clarity/evidence_trail_clarity_analytics.dart
apps/voicememory_mobile/lib/features/evidence_trail_clarity/evidence_trail_clarity_copy.dart
apps/voicememory_mobile/lib/features/evidence_trail_clarity/evidence_trail_clarity_engine.dart
apps/voicememory_mobile/lib/features/evidence_trail_clarity/evidence_trail_clarity_model.dart
apps/voicememory_mobile/lib/features/evidence_trail_clarity/evidence_trail_outcome_decision_copy.dart
apps/voicememory_mobile/lib/features/evidence_trail_clarity/evidence_trail_outcome_decision_matrix.dart
apps/voicememory_mobile/lib/features/evidence_trail_pro_understanding/evidence_trail_pro_understanding.dart
apps/voicememory_mobile/lib/features/evidence_trail_pro_understanding/evidence_trail_pro_understanding_copy.dart
apps/voicememory_mobile/lib/features/evidence_weighting/evidence_weighting_analytics.dart
apps/voicememory_mobile/lib/features/evidence_weighting/evidence_weighting_copy.dart
apps/voicememory_mobile/lib/features/evidence_weighting/evidence_weighting_engine.dart
apps/voicememory_mobile/lib/features/evidence_weighting/evidence_weighting_model.dart
apps/voicememory_mobile/lib/features/export/archive_export_format.dart
apps/voicememory_mobile/lib/features/export/private_recap_engine.dart
apps/voicememory_mobile/lib/features/export/private_recap_model.dart
apps/voicememory_mobile/lib/features/export/private_recap_service.dart
apps/voicememory_mobile/lib/features/export/selected_archive_export.dart
apps/voicememory_mobile/lib/features/fact_ledger/archive_fact.dart
apps/voicememory_mobile/lib/features/fact_ledger/fact_ledger_export.dart
apps/voicememory_mobile/lib/features/fact_ledger/fact_ledger_filter.dart
apps/voicememory_mobile/lib/features/fact_ledger/fact_ledger_policy.dart
apps/voicememory_mobile/lib/features/fact_ledger/fact_ledger_store.dart
apps/voicememory_mobile/lib/features/feature_noise_reduction/feature_noise_reduction.dart
apps/voicememory_mobile/lib/features/feature_noise_reduction/feature_noise_reduction_copy.dart
apps/voicememory_mobile/lib/features/feedback/archive_feedback_coordinator.dart
apps/voicememory_mobile/lib/features/feedback/archive_feedback_model.dart
apps/voicememory_mobile/lib/features/feedback/archive_feedback_store.dart
apps/voicememory_mobile/lib/features/feedback/archive_feedback_summary_engine.dart
apps/voicememory_mobile/lib/features/feedback/value_testimonial_store.dart
apps/voicememory_mobile/lib/features/first25/first25_journal_hooks.dart
apps/voicememory_mobile/lib/features/first25/first25_recording_retention.dart
apps/voicememory_mobile/lib/features/first25/first25_user_metrics.dart
apps/voicememory_mobile/lib/features/first_five_minutes/first_five_minutes_simplification.dart
apps/voicememory_mobile/lib/features/first_five_minutes/first_five_minutes_simplification_copy.dart
apps/voicememory_mobile/lib/features/first_moment_capture/first_moment_capture_analytics.dart
apps/voicememory_mobile/lib/features/first_moment_capture/first_moment_capture_copy.dart
apps/voicememory_mobile/lib/features/first_moment_capture/first_moment_capture_engine.dart
apps/voicememory_mobile/lib/features/first_moment_capture/first_moment_capture_model.dart
apps/voicememory_mobile/lib/features/first_proof_action_loop/first_proof_action_loop_analytics.dart
apps/voicememory_mobile/lib/features/first_proof_action_loop/first_proof_action_loop_copy.dart
apps/voicememory_mobile/lib/features/first_proof_action_loop/first_proof_action_loop_engine.dart
apps/voicememory_mobile/lib/features/first_proof_action_loop/first_proof_action_loop_gates.dart
apps/voicememory_mobile/lib/features/first_proof_field_readiness/first_proof_field_readiness.dart
apps/voicememory_mobile/lib/features/first_proof_field_readiness/first_proof_field_readiness_copy.dart
apps/voicememory_mobile/lib/features/first_proof_payoff/first_proof_payoff_analytics.dart
apps/voicememory_mobile/lib/features/first_proof_payoff/first_proof_payoff_copy.dart
apps/voicememory_mobile/lib/features/first_proof_payoff/first_proof_payoff_engine.dart
apps/voicememory_mobile/lib/features/first_proof_payoff/first_proof_payoff_gates.dart
apps/voicememory_mobile/lib/features/first_proof_payoff/first_proof_payoff_model.dart
apps/voicememory_mobile/lib/features/first_proof_success_beta/first_proof_success_beta_copy.dart
apps/voicememory_mobile/lib/features/first_proof_success_beta/first_proof_success_beta_guard.dart
apps/voicememory_mobile/lib/features/first_proof_truth/first_proof_truth_analytics.dart
apps/voicememory_mobile/lib/features/first_proof_truth/first_proof_truth_copy.dart
apps/voicememory_mobile/lib/features/first_proof_truth/first_proof_truth_gates.dart
apps/voicememory_mobile/lib/features/first_proof_truth/first_proof_truth_model.dart
apps/voicememory_mobile/lib/features/first_proof_truth/first_proof_truth_store.dart
apps/voicememory_mobile/lib/features/first_reflection/first_reflection_insights.dart
apps/voicememory_mobile/lib/features/first_run_positioning/first_run_positioning_copy.dart
apps/voicememory_mobile/lib/features/first_run_positioning/first_run_positioning_engine.dart
apps/voicememory_mobile/lib/features/first_run_positioning/first_run_positioning_model.dart
apps/voicememory_mobile/lib/features/first_save_lift/first_save_lift_analytics.dart
apps/voicememory_mobile/lib/features/first_save_lift/first_save_lift_copy.dart
apps/voicememory_mobile/lib/features/first_save_lift/first_save_lift_engine.dart
apps/voicememory_mobile/lib/features/first_save_lift/first_save_lift_model.dart
apps/voicememory_mobile/lib/features/first_session/day_seven_continuity_loop.dart
apps/voicememory_mobile/lib/features/first_session/day_two_reminder.dart
apps/voicememory_mobile/lib/features/first_session/day_two_return_preview.dart
apps/voicememory_mobile/lib/features/first_session/first_pattern_quality_messy_samples.dart
apps/voicememory_mobile/lib/features/first_session/first_pattern_quality_result.dart
apps/voicememory_mobile/lib/features/first_session/first_pattern_quality_runner.dart
apps/voicememory_mobile/lib/features/first_session/first_pattern_quality_sample.dart
apps/voicememory_mobile/lib/features/first_session/first_pattern_quality_samples.dart
apps/voicememory_mobile/lib/features/first_session/first_pattern_quality_titles.dart
apps/voicememory_mobile/lib/features/first_session/first_recording_sample.dart
apps/voicememory_mobile/lib/features/first_session/first_save_rescue.dart
apps/voicememory_mobile/lib/features/first_session/first_session_coordinator.dart
apps/voicememory_mobile/lib/features/first_session/first_session_pattern_engine.dart
apps/voicememory_mobile/lib/features/first_session/pattern_correction_learning_coordinator.dart
apps/voicememory_mobile/lib/features/first_session/pattern_correction_learning_model.dart
apps/voicememory_mobile/lib/features/first_session/pattern_correction_learning_store.dart
apps/voicememory_mobile/lib/features/first_session/two_day_activation_engine.dart
apps/voicememory_mobile/lib/features/first_session_lift/first_session_lift_analytics.dart
apps/voicememory_mobile/lib/features/first_session_lift/first_session_lift_copy.dart
apps/voicememory_mobile/lib/features/first_session_lift/first_session_lift_engine.dart
apps/voicememory_mobile/lib/features/first_session_lift/first_session_lift_model.dart
apps/voicememory_mobile/lib/features/first_session_proof_repair/first_session_proof_repair_analytics.dart
apps/voicememory_mobile/lib/features/first_session_proof_repair/first_session_proof_repair_copy.dart
apps/voicememory_mobile/lib/features/first_session_proof_repair/first_session_proof_repair_engine.dart
apps/voicememory_mobile/lib/features/first_session_proof_repair/first_session_proof_repair_model.dart
apps/voicememory_mobile/lib/features/first_use_wording/first_use_wording_analytics.dart
apps/voicememory_mobile/lib/features/first_use_wording/first_use_wording_copy.dart
apps/voicememory_mobile/lib/features/first_use_wording/first_use_wording_model.dart
apps/voicememory_mobile/lib/features/first_week_path/first_week_path_copy.dart
apps/voicememory_mobile/lib/features/first_week_path/first_week_path_engine.dart
apps/voicememory_mobile/lib/features/first_week_path/first_week_path_gates.dart
apps/voicememory_mobile/lib/features/first_week_path/first_week_path_models.dart
apps/voicememory_mobile/lib/features/freeze_drift_scanner/freeze_drift_scanner.dart
apps/voicememory_mobile/lib/features/freeze_drift_scanner/freeze_drift_scanner_copy.dart
apps/voicememory_mobile/lib/features/future_expansion_roadmap/future_expansion_roadmap_copy.dart
apps/voicememory_mobile/lib/features/future_expansion_roadmap/future_expansion_roadmap_gate.dart
apps/voicememory_mobile/lib/features/future_revenue_scope/future_revenue_scope_copy.dart
apps/voicememory_mobile/lib/features/help/help_reviewer_guide_copy.dart
apps/voicememory_mobile/lib/features/helped_tracking/helped_tracking_analytics.dart
apps/voicememory_mobile/lib/features/helped_tracking/helped_tracking_engine.dart
apps/voicememory_mobile/lib/features/helped_tracking/helped_tracking_model.dart
apps/voicememory_mobile/lib/features/helped_tracking/helped_tracking_store.dart
apps/voicememory_mobile/lib/features/identity_engine/identity_engine.dart
apps/voicememory_mobile/lib/features/identity_engine/identity_models.dart
apps/voicememory_mobile/lib/features/identity_engine/identity_profile_store.dart
apps/voicememory_mobile/lib/features/immediate_archive_value/immediate_archive_value_engine.dart
apps/voicememory_mobile/lib/features/input_quality/input_quality_engine.dart
apps/voicememory_mobile/lib/features/input_quality/input_quality_model.dart
apps/voicememory_mobile/lib/features/input_quality/input_quality_store.dart
apps/voicememory_mobile/lib/features/insight_feedback/insight_feedback_copy.dart
apps/voicememory_mobile/lib/features/insight_feedback/insight_feedback_engine.dart
apps/voicememory_mobile/lib/features/insight_feedback/insight_feedback_gates.dart
apps/voicememory_mobile/lib/features/insight_feedback/insight_feedback_models.dart
apps/voicememory_mobile/lib/features/insight_feedback/insight_feedback_store.dart
apps/voicememory_mobile/lib/features/insights/archive_insight.dart
apps/voicememory_mobile/lib/features/insights/archive_insight_mapper.dart
apps/voicememory_mobile/lib/features/insights/archive_insights_engine.dart
apps/voicememory_mobile/lib/features/insights/belief_evidence/belief_evidence_bundle.dart
apps/voicememory_mobile/lib/features/insights/belief_evidence/belief_evidence_engine.dart
apps/voicememory_mobile/lib/features/insights/belief_evolution/belief_evolution_engine.dart
apps/voicememory_mobile/lib/features/insights/belief_evolution/belief_evolution_models.dart
apps/voicememory_mobile/lib/features/insights/blind_spots/blind_spot_engine.dart
apps/voicememory_mobile/lib/features/insights/blind_spots/blind_spot_models.dart
apps/voicememory_mobile/lib/features/insights/contradictions/contradiction_engine.dart
apps/voicememory_mobile/lib/features/insights/contradictions/contradiction_models.dart
apps/voicememory_mobile/lib/features/insights/insight_evidence.dart
apps/voicememory_mobile/lib/features/insights/insight_quality.dart
apps/voicememory_mobile/lib/features/insights/insight_text_signals.dart
apps/voicememory_mobile/lib/features/insights/predictions/prediction_engine.dart
apps/voicememory_mobile/lib/features/insights/predictions/prediction_models.dart
apps/voicememory_mobile/lib/features/instant_reflection/instant_reflection_response.dart
apps/voicememory_mobile/lib/features/instant_reflection/instant_reflection_response_engine.dart
apps/voicememory_mobile/lib/features/interpretation/interpretation_quality_engine.dart
apps/voicememory_mobile/lib/features/interpretation/interpretation_read_model.dart
apps/voicememory_mobile/lib/features/journal/infrastructure/journal_save_interceptor_pipeline.dart
apps/voicememory_mobile/lib/features/landing_continuity/landing_app_continuity_copy.dart
apps/voicememory_mobile/lib/features/language/language_detection_engine.dart
apps/voicememory_mobile/lib/features/language/language_model.dart
apps/voicememory_mobile/lib/features/language/localized_copy.dart
apps/voicememory_mobile/lib/features/language/reflection_language_store.dart
apps/voicememory_mobile/lib/features/life_chapters/life_chapter_engine.dart
apps/voicememory_mobile/lib/features/life_chapters/life_chapter_models.dart
apps/voicememory_mobile/lib/features/live_audio/application/live_audio_focus_gateway.dart
apps/voicememory_mobile/lib/features/live_audio/application/live_audio_session_coordinator.dart
apps/voicememory_mobile/lib/features/live_audio/application/live_voice_capture_service.dart
apps/voicememory_mobile/lib/features/live_audio/application/live_voice_lifecycle_policy.dart
apps/voicememory_mobile/lib/features/live_audio/application/live_voice_recovery_gateway.dart
apps/voicememory_mobile/lib/features/live_audio/application/live_voice_telemetry_source.dart
apps/voicememory_mobile/lib/features/live_audio/application/offline_vault_recovery_service.dart
apps/voicememory_mobile/lib/features/live_audio/domain/models/live_audio_session_config.dart
apps/voicememory_mobile/lib/features/live_audio/domain/models/live_server_event.dart
apps/voicememory_mobile/lib/features/live_audio/domain/models/live_session_state.dart
apps/voicememory_mobile/lib/features/live_audio/domain/models/live_voice_error_classifier.dart
apps/voicememory_mobile/lib/features/live_audio/domain/models/live_voice_error_messages.dart
apps/voicememory_mobile/lib/features/live_audio/domain/models/live_voice_error_state.dart
apps/voicememory_mobile/lib/features/live_audio/domain/models/live_voice_session_fault.dart
apps/voicememory_mobile/lib/features/live_audio/domain/models/offline_vault_manifest.dart
apps/voicememory_mobile/lib/features/live_audio/domain/models/vault_file_metadata.dart
apps/voicememory_mobile/lib/features/live_audio/domain/services/live_audio_protocol.dart
apps/voicememory_mobile/lib/features/live_audio/domain/services/live_audio_transcript_collector.dart
apps/voicememory_mobile/lib/features/live_audio/domain/services/live_pcm16_capture_source.dart
apps/voicememory_mobile/lib/features/live_audio/domain/services/live_pcm_wav.dart
apps/voicememory_mobile/lib/features/live_audio/domain/services/live_proxy_url.dart
apps/voicememory_mobile/lib/features/live_audio/infrastructure/isolate_audio_pipeline.dart
apps/voicememory_mobile/lib/features/live_audio/infrastructure/live_audio_pipeline_log.dart
apps/voicememory_mobile/lib/features/live_audio/infrastructure/live_audio_session_api_client.dart
apps/voicememory_mobile/lib/features/live_audio/infrastructure/live_audio_socket_connection.dart
apps/voicememory_mobile/lib/features/live_audio/infrastructure/live_audio_websocket_client.dart
apps/voicememory_mobile/lib/features/live_audio/infrastructure/live_pcm24_playback_engine.dart
apps/voicememory_mobile/lib/features/live_audio/infrastructure/local_audio_vault.dart
apps/voicememory_mobile/lib/features/live_audio/infrastructure/local_audio_vault_reader.dart
apps/voicememory_mobile/lib/features/live_audio/infrastructure/native_audio_lifecycle_bridge.dart
apps/voicememory_mobile/lib/features/live_audio/infrastructure/network_connectivity_source.dart
apps/voicememory_mobile/lib/features/live_audio/infrastructure/offline_vault_recovery_store.dart
apps/voicememory_mobile/lib/features/live_audio/infrastructure/pcm_wav_utils.dart
apps/voicememory_mobile/lib/features/live_audio/infrastructure/record_live_pcm16_capture_source.dart
apps/voicememory_mobile/lib/features/live_audio/live_audio_constants.dart
apps/voicememory_mobile/lib/features/live_audio/presentation/controllers/live_audio_session_controller.dart
apps/voicememory_mobile/lib/features/live_audio/presentation/controllers/throttled_telemetry_view_model.dart
apps/voicememory_mobile/lib/features/live_audio/presentation/live_voice_session_copy.dart
apps/voicememory_mobile/lib/features/live_audio/presentation/live_voice_session_presentation.dart
apps/voicememory_mobile/lib/features/live_audio/presentation/offline_vault_recovery_launch_controller.dart
apps/voicememory_mobile/lib/features/live_audio/presentation/widgets/live_voice_error_boundary_overlay.dart
apps/voicememory_mobile/lib/features/live_audio/presentation/widgets/offline_vault_recovery_host.dart
apps/voicememory_mobile/lib/features/live_audio/presentation/widgets/offline_vault_recovery_modal.dart
apps/voicememory_mobile/lib/features/living_archive/archive_was_wrong_engine.dart
apps/voicememory_mobile/lib/features/living_archive/belief_under_review_engine.dart
apps/voicememory_mobile/lib/features/living_archive/discovery_streak_engine.dart
apps/voicememory_mobile/lib/features/living_archive/discovery_streak_store.dart
apps/voicememory_mobile/lib/features/living_archive/living_archive_analytics.dart
apps/voicememory_mobile/lib/features/living_archive/living_archive_coordinator.dart
apps/voicememory_mobile/lib/features/living_archive/living_archive_copy.dart
apps/voicememory_mobile/lib/features/living_archive/living_archive_mobile.dart
apps/voicememory_mobile/lib/features/living_archive/living_archive_models.dart
apps/voicememory_mobile/lib/features/living_archive/most_important_insight_engine.dart
apps/voicememory_mobile/lib/features/living_archive/what_changed_today_engine.dart
apps/voicememory_mobile/lib/features/local_backup/local_backup_analytics.dart
apps/voicememory_mobile/lib/features/local_backup/local_backup_builder.dart
apps/voicememory_mobile/lib/features/local_backup/local_backup_copy.dart
apps/voicememory_mobile/lib/features/local_backup/local_backup_model.dart
apps/voicememory_mobile/lib/features/local_backup/local_backup_restore_service.dart
apps/voicememory_mobile/lib/features/loop_mode/loop_mode_coordinator.dart
apps/voicememory_mobile/lib/features/loop_mode/loop_mode_store.dart
apps/voicememory_mobile/lib/features/loop_packs_future/loop_packs_future_copy.dart
apps/voicememory_mobile/lib/features/loop_packs_future/loop_packs_future_gate.dart
apps/voicememory_mobile/lib/features/low_effort_archive_capture/low_effort_archive_capture.dart
apps/voicememory_mobile/lib/features/low_effort_archive_capture/low_effort_archive_capture_copy.dart
apps/voicememory_mobile/lib/features/low_evidence/low_evidence_copy.dart
apps/voicememory_mobile/lib/features/low_evidence/low_evidence_engine.dart
apps/voicememory_mobile/lib/features/low_evidence/low_evidence_model.dart
apps/voicememory_mobile/lib/features/low_friction_return/low_friction_return_analytics.dart
apps/voicememory_mobile/lib/features/low_friction_return/low_friction_return_copy.dart
apps/voicememory_mobile/lib/features/low_friction_return/low_friction_return_engine.dart
apps/voicememory_mobile/lib/features/low_friction_return/low_friction_return_model.dart
apps/voicememory_mobile/lib/features/memory/archive_card_build_guard.dart
apps/voicememory_mobile/lib/features/memory/archive_thread.dart
apps/voicememory_mobile/lib/features/memory/archive_thread_store.dart
apps/voicememory_mobile/lib/features/memory/clean_slate_prompt_store.dart
apps/voicememory_mobile/lib/features/memory/curated_memory_marker.dart
apps/voicememory_mobile/lib/features/memory/current_intent_signal.dart
apps/voicememory_mobile/lib/features/memory/current_relevance_gate.dart
apps/voicememory_mobile/lib/features/memory/entry_aboutness.dart
apps/voicememory_mobile/lib/features/memory/entry_memory_mode.dart
apps/voicememory_mobile/lib/features/memory/entry_save_coordinator.dart
apps/voicememory_mobile/lib/features/memory/entry_thread_scope.dart
apps/voicememory_mobile/lib/features/memory/keep_exact_details.dart
apps/voicememory_mobile/lib/features/memory/memory_authority_framing_engine.dart
apps/voicememory_mobile/lib/features/memory/memory_governance_policy.dart
apps/voicememory_mobile/lib/features/memory/memory_priority_governance.dart
apps/voicememory_mobile/lib/features/memory/memory_priority_score.dart
apps/voicememory_mobile/lib/features/memory/memory_relevance_gate.dart
apps/voicememory_mobile/lib/features/memory/memory_relevance_model.dart
apps/voicememory_mobile/lib/features/memory/memory_scope_store.dart
apps/voicememory_mobile/lib/features/memory/memory_surfacing_mode.dart
apps/voicememory_mobile/lib/features/memory/memory_visibility_receipt.dart
apps/voicememory_mobile/lib/features/memory/next_entry_fresh_mode.dart
apps/voicememory_mobile/lib/features/memory/not_important_feedback.dart
apps/voicememory_mobile/lib/features/memory/sensitive_surfacing_policy.dart
apps/voicememory_mobile/lib/features/memory/topic_shift_guard.dart
apps/voicememory_mobile/lib/features/memory/treat_as_new.dart
apps/voicememory_mobile/lib/features/memory_resurfacing/memory_resurfacing_models.dart
apps/voicememory_mobile/lib/features/memory_resurfacing/memory_resurfacing_service.dart
apps/voicememory_mobile/lib/features/memory_resurfacing/memory_resurfacing_store.dart
apps/voicememory_mobile/lib/features/milestone_share/milestone_share_copy.dart
apps/voicememory_mobile/lib/features/milestone_share/milestone_share_engine.dart
apps/voicememory_mobile/lib/features/milestone_share/milestone_share_gates.dart
apps/voicememory_mobile/lib/features/moment_quality/moment_quality_engine.dart
apps/voicememory_mobile/lib/features/moment_quality/moment_quality_feedback_copy.dart
apps/voicememory_mobile/lib/features/moment_quality/moment_quality_feedback_engine.dart
apps/voicememory_mobile/lib/features/moment_quality/moment_quality_gates.dart
apps/voicememory_mobile/lib/features/moment_quality/moment_quality_models.dart
apps/voicememory_mobile/lib/features/moment_quality/post_save_moment_detail_analytics.dart
apps/voicememory_mobile/lib/features/moment_quality/post_save_moment_detail_copy.dart
apps/voicememory_mobile/lib/features/moment_quality/post_save_moment_detail_model.dart
apps/voicememory_mobile/lib/features/moment_quality/post_save_moment_detail_service.dart
apps/voicememory_mobile/lib/features/moments/key_moment_coordinator.dart
apps/voicememory_mobile/lib/features/moments/key_moment_engine.dart
apps/voicememory_mobile/lib/features/moments/key_moment_model.dart
apps/voicememory_mobile/lib/features/moments/key_moment_store.dart
apps/voicememory_mobile/lib/features/moments/moment_tag_engine.dart
apps/voicememory_mobile/lib/features/moments/moment_tag_model.dart
apps/voicememory_mobile/lib/features/monetization/presentation/models/paywall_result.dart
apps/voicememory_mobile/lib/features/monetization/presentation/services/revenuecat_paywall_presenter.dart
apps/voicememory_mobile/lib/features/monthly_private_report/monthly_private_report_analytics.dart
apps/voicememory_mobile/lib/features/monthly_private_report/monthly_private_report_copy.dart
apps/voicememory_mobile/lib/features/monthly_private_report/monthly_private_report_dismiss_store.dart
apps/voicememory_mobile/lib/features/monthly_private_report/monthly_private_report_engine.dart
apps/voicememory_mobile/lib/features/monthly_private_report/monthly_private_report_model.dart
apps/voicememory_mobile/lib/features/monthly_review/monthly_pattern_review_engine.dart
apps/voicememory_mobile/lib/features/monthly_review/monthly_pattern_review_model.dart
apps/voicememory_mobile/lib/features/monthly_review/monthly_pattern_review_store.dart
apps/voicememory_mobile/lib/features/native_push/native_push_service.dart
apps/voicememory_mobile/lib/features/native_push/native_push_verification.dart
apps/voicememory_mobile/lib/features/next_action/archive_state_action_copy.dart
apps/voicememory_mobile/lib/features/next_action/archive_state_action_engine.dart
apps/voicememory_mobile/lib/features/next_action/archive_state_action_model.dart
apps/voicememory_mobile/lib/features/next_action/next_best_action_copy.dart
apps/voicememory_mobile/lib/features/next_action/next_best_action_engine.dart
apps/voicememory_mobile/lib/features/next_action/next_best_action_gates.dart
apps/voicememory_mobile/lib/features/next_action/next_best_action_model.dart
apps/voicememory_mobile/lib/features/next_evidence_plan/next_evidence_plan_copy.dart
apps/voicememory_mobile/lib/features/next_evidence_plan/next_evidence_plan_engine.dart
apps/voicememory_mobile/lib/features/next_evidence_plan/next_evidence_plan_gates.dart
apps/voicememory_mobile/lib/features/next_evidence_plan/next_evidence_plan_models.dart
apps/voicememory_mobile/lib/features/niche_landing_revenue/niche_landing_revenue_copy.dart
apps/voicememory_mobile/lib/features/niche_landing_revenue/niche_landing_revenue_plan.dart
apps/voicememory_mobile/lib/features/no_dashboard_positioning/no_dashboard_positioning_guard.dart
apps/voicememory_mobile/lib/features/no_dashboard_positioning/no_dashboard_positioning_guard_copy.dart
apps/voicememory_mobile/lib/features/no_dashboard_release_mode/no_dashboard_release_mode.dart
apps/voicememory_mobile/lib/features/no_dashboard_release_mode/no_dashboard_release_mode_copy.dart
apps/voicememory_mobile/lib/features/not_relevant_recovery/not_relevant_recovery_analytics.dart
apps/voicememory_mobile/lib/features/not_relevant_recovery/not_relevant_recovery_copy.dart
apps/voicememory_mobile/lib/features/not_relevant_recovery/not_relevant_recovery_engine.dart
apps/voicememory_mobile/lib/features/not_relevant_recovery/not_relevant_recovery_model.dart
apps/voicememory_mobile/lib/features/not_relevant_recovery/not_relevant_recovery_store.dart
apps/voicememory_mobile/lib/features/objective/current_objective_engine.dart
apps/voicememory_mobile/lib/features/objective/current_objective_model.dart
apps/voicememory_mobile/lib/features/objective/current_objective_snapshot_builder.dart
apps/voicememory_mobile/lib/features/objective/current_objective_snapshot_store.dart
apps/voicememory_mobile/lib/features/objective/current_objective_widget_bridge.dart
apps/voicememory_mobile/lib/features/objective/current_objective_widget_exporter.dart
apps/voicememory_mobile/lib/features/objective/current_objective_widget_refresh_service.dart
apps/voicememory_mobile/lib/features/objective/current_objective_widget_snapshot.dart
apps/voicememory_mobile/lib/features/objective/objective_shortcut_registry.dart
apps/voicememory_mobile/lib/features/objective/objective_widget_pending_route_store.dart
apps/voicememory_mobile/lib/features/offline_sync/archive_integrity_snapshot.dart
apps/voicememory_mobile/lib/features/offline_sync/offline_sync_production_evidence.dart
apps/voicememory_mobile/lib/features/onboarding/archive_journey_copy.dart
apps/voicememory_mobile/lib/features/onboarding/archive_journey_explainer_gates.dart
apps/voicememory_mobile/lib/features/onboarding/archive_journey_model.dart
apps/voicememory_mobile/lib/features/onboarding/first_60_second_state.dart
apps/voicememory_mobile/lib/features/onboarding/first_60_second_store.dart
apps/voicememory_mobile/lib/features/onboarding/first_proof_journey_copy.dart
apps/voicememory_mobile/lib/features/onboarding/first_save_loop_state.dart
apps/voicememory_mobile/lib/features/onboarding/first_save_loop_store.dart
apps/voicememory_mobile/lib/features/onboarding/first_session_onboarding_copy.dart
apps/voicememory_mobile/lib/features/onboarding/first_session_onboarding_store.dart
apps/voicememory_mobile/lib/features/onboarding/first_user_experience_copy.dart
apps/voicememory_mobile/lib/features/onboarding/first_user_experience_gates.dart
apps/voicememory_mobile/lib/features/onboarding/record_return_pro_state.dart
apps/voicememory_mobile/lib/features/onboarding/record_return_pro_store.dart
apps/voicememory_mobile/lib/features/open_capture/open_capture_analytics.dart
apps/voicememory_mobile/lib/features/open_capture/open_capture_copy.dart
apps/voicememory_mobile/lib/features/open_capture/open_capture_engine.dart
apps/voicememory_mobile/lib/features/open_capture/open_capture_model.dart
apps/voicememory_mobile/lib/features/paid_intent/paid_intent_confirmation_copy.dart
apps/voicememory_mobile/lib/features/paid_intent/paid_intent_confirmation_engine.dart
apps/voicememory_mobile/lib/features/paid_intent/paid_intent_confirmation_models.dart
apps/voicememory_mobile/lib/features/paid_intent/paid_intent_confirmation_store.dart
apps/voicememory_mobile/lib/features/paid_intent_beta_proof/paid_intent_beta_proof.dart
apps/voicememory_mobile/lib/features/paid_intent_beta_proof/paid_intent_beta_proof_copy.dart
apps/voicememory_mobile/lib/features/pattern_confidence/pattern_confidence_analytics.dart
apps/voicememory_mobile/lib/features/pattern_confidence/pattern_confidence_copy.dart
apps/voicememory_mobile/lib/features/pattern_confidence/pattern_confidence_engine.dart
apps/voicememory_mobile/lib/features/pattern_confidence/pattern_confidence_model.dart
apps/voicememory_mobile/lib/features/pattern_correction/pattern_correction_analytics.dart
apps/voicememory_mobile/lib/features/pattern_correction/pattern_correction_copy.dart
apps/voicememory_mobile/lib/features/pattern_correction/pattern_correction_engine.dart
apps/voicememory_mobile/lib/features/pattern_correction/pattern_correction_gates.dart
apps/voicememory_mobile/lib/features/pattern_correction/pattern_correction_model.dart
apps/voicememory_mobile/lib/features/pattern_detail/pattern_detail_copy.dart
apps/voicememory_mobile/lib/features/pattern_detail/pattern_detail_engine.dart
apps/voicememory_mobile/lib/features/pattern_detail/pattern_detail_model.dart
apps/voicememory_mobile/lib/features/pattern_lifecycle/pattern_lifecycle_analytics.dart
apps/voicememory_mobile/lib/features/pattern_lifecycle/pattern_lifecycle_copy.dart
apps/voicememory_mobile/lib/features/pattern_lifecycle/pattern_lifecycle_engine.dart
apps/voicememory_mobile/lib/features/pattern_lifecycle/pattern_lifecycle_model.dart
apps/voicememory_mobile/lib/features/pattern_map/pattern_map_engine.dart
apps/voicememory_mobile/lib/features/pattern_map/pattern_map_model.dart
apps/voicememory_mobile/lib/features/pattern_match_quality/pattern_match_quality_analytics.dart
apps/voicememory_mobile/lib/features/pattern_match_quality/pattern_match_quality_copy.dart
apps/voicememory_mobile/lib/features/pattern_match_quality/pattern_match_quality_engine.dart
apps/voicememory_mobile/lib/features/pattern_match_quality/pattern_match_quality_model.dart
apps/voicememory_mobile/lib/features/pattern_memory/habit_proof_engine.dart
apps/voicememory_mobile/lib/features/pattern_memory/habit_proof_model.dart
apps/voicememory_mobile/lib/features/pattern_memory/habit_proof_store.dart
apps/voicememory_mobile/lib/features/pattern_memory/pattern_memory_coordinator.dart
apps/voicememory_mobile/lib/features/pattern_memory/pattern_memory_engine.dart
apps/voicememory_mobile/lib/features/pattern_memory/pattern_memory_model.dart
apps/voicememory_mobile/lib/features/pattern_memory/pattern_memory_store.dart
apps/voicememory_mobile/lib/features/pattern_memory/pattern_next_action_engine.dart
apps/voicememory_mobile/lib/features/pattern_memory/pattern_next_action_model.dart
apps/voicememory_mobile/lib/features/pattern_memory/pattern_next_action_store.dart
apps/voicememory_mobile/lib/features/pattern_memory/pattern_progress_engine.dart
apps/voicememory_mobile/lib/features/pattern_memory/pattern_progress_model.dart
apps/voicememory_mobile/lib/features/pattern_memory/pattern_progress_store.dart
apps/voicememory_mobile/lib/features/pattern_memory/pattern_share_recap_engine.dart
apps/voicememory_mobile/lib/features/pattern_memory/pattern_share_recap_model.dart
apps/voicememory_mobile/lib/features/pattern_memory/pattern_share_service.dart
apps/voicememory_mobile/lib/features/pattern_memory/weekly_pattern_recap_engine.dart
apps/voicememory_mobile/lib/features/pattern_memory/weekly_pattern_recap_model.dart
apps/voicememory_mobile/lib/features/pattern_memory/weekly_pattern_recap_store.dart
apps/voicememory_mobile/lib/features/pattern_naming/pattern_name_analytics.dart
apps/voicememory_mobile/lib/features/pattern_naming/pattern_name_copy.dart
apps/voicememory_mobile/lib/features/pattern_naming/pattern_name_store.dart
apps/voicememory_mobile/lib/features/pattern_profile/pattern_profile_coordinator.dart
apps/voicememory_mobile/lib/features/pattern_profile/pattern_profile_engine.dart
apps/voicememory_mobile/lib/features/pattern_profile/pattern_profile_model.dart
apps/voicememory_mobile/lib/features/pattern_review_inbox/pattern_review_inbox_analytics.dart
apps/voicememory_mobile/lib/features/pattern_review_inbox/pattern_review_inbox_copy.dart
apps/voicememory_mobile/lib/features/pattern_review_inbox/pattern_review_inbox_engine.dart
apps/voicememory_mobile/lib/features/pattern_review_inbox/pattern_review_inbox_model.dart
apps/voicememory_mobile/lib/features/patterns/evidence_first_pattern_copy.dart
apps/voicememory_mobile/lib/features/patterns/legacy_pattern_copy_guard.dart
apps/voicememory_mobile/lib/features/patterns/pattern_copy_quality_gate.dart
apps/voicememory_mobile/lib/features/patterns/pattern_display_cache_cleanup.dart
apps/voicememory_mobile/lib/features/patterns/pattern_display_copy_gate.dart
apps/voicememory_mobile/lib/features/patterns/pattern_intelligence_pipeline.dart
apps/voicememory_mobile/lib/features/patterns/patterns_human_copy.dart
apps/voicememory_mobile/lib/features/patterns/patterns_stack_policy.dart
apps/voicememory_mobile/lib/features/patterns/patterns_tab_stability.dart
apps/voicememory_mobile/lib/features/patterns/transcript_evidence_extractor.dart
apps/voicememory_mobile/lib/features/payment_blocker_matrix/payment_blocker_decision_copy.dart
apps/voicememory_mobile/lib/features/payment_blocker_matrix/payment_blocker_decision_matrix.dart
apps/voicememory_mobile/lib/features/payment_proof_beta/payment_proof_beta_copy.dart
apps/voicememory_mobile/lib/features/payment_proof_beta/payment_proof_beta_instrument.dart
apps/voicememory_mobile/lib/features/payment_proof_not_interest/payment_proof_not_interest_gate.dart
apps/voicememory_mobile/lib/features/payment_proof_not_interest/payment_proof_not_interest_gate_copy.dart
apps/voicememory_mobile/lib/features/paywall/archive_activation_paywall_log.dart
apps/voicememory_mobile/lib/features/paywall/archive_loop_entitlements.dart
apps/voicememory_mobile/lib/features/paywall_alignment/paywall_alignment_copy.dart
apps/voicememory_mobile/lib/features/paywall_cta_lift/paywall_cta_lift_analytics.dart
apps/voicememory_mobile/lib/features/paywall_cta_lift/paywall_cta_lift_copy.dart
apps/voicememory_mobile/lib/features/paywall_cta_lift/paywall_cta_lift_engine.dart
apps/voicememory_mobile/lib/features/paywall_cta_lift/paywall_cta_lift_model.dart
apps/voicememory_mobile/lib/features/paywall_objection_handling/paywall_objection_analytics.dart
apps/voicememory_mobile/lib/features/paywall_objection_handling/paywall_objection_copy.dart
apps/voicememory_mobile/lib/features/paywall_objection_handling/paywall_objection_engine.dart
apps/voicememory_mobile/lib/features/paywall_objection_handling/paywall_objection_model.dart
apps/voicememory_mobile/lib/features/paywall_value_repair/paywall_value_repair_copy.dart
apps/voicememory_mobile/lib/features/paywall_value_repair/paywall_value_repair_engine.dart
apps/voicememory_mobile/lib/features/paywall_value_repair/paywall_value_repair_model.dart
apps/voicememory_mobile/lib/features/paywall_value_sharpening/paywall_value_sharpening_analytics.dart
apps/voicememory_mobile/lib/features/paywall_value_sharpening/paywall_value_sharpening_copy.dart
apps/voicememory_mobile/lib/features/perspective/kinder_angle_engine.dart
apps/voicememory_mobile/lib/features/perspective/kinder_angle_model.dart
apps/voicememory_mobile/lib/features/perspective/perspective_shift_engine.dart
apps/voicememory_mobile/lib/features/perspective/perspective_shift_model.dart
apps/voicememory_mobile/lib/features/physical_device_smoke/physical_device_smoke_proof.dart
apps/voicememory_mobile/lib/features/physical_device_smoke/physical_device_smoke_proof_copy.dart
apps/voicememory_mobile/lib/features/pins/pinned_evidence_store.dart
apps/voicememory_mobile/lib/features/positive_archive_reinforcement/positive_archive_reinforcement.dart
apps/voicememory_mobile/lib/features/positive_archive_reinforcement/positive_archive_reinforcement_copy.dart
apps/voicememory_mobile/lib/features/post_proof_pro_cta/post_proof_pro_cta_copy.dart
apps/voicememory_mobile/lib/features/post_proof_pro_cta/post_proof_pro_cta_hardening.dart
apps/voicememory_mobile/lib/features/post_save/post_save_archive_hierarchy.dart
apps/voicememory_mobile/lib/features/post_save/post_save_completion_copy_gates.dart
apps/voicememory_mobile/lib/features/post_save/post_save_repeat_copy.dart
apps/voicememory_mobile/lib/features/post_save/post_save_repeat_ui_gates.dart
apps/voicememory_mobile/lib/features/post_save/post_save_stability_gate.dart
apps/voicememory_mobile/lib/features/post_save_insight/insight_strength_engine.dart
apps/voicememory_mobile/lib/features/post_save_insight/insight_strength_model.dart
apps/voicememory_mobile/lib/features/post_save_insight/next_evidence_prompt_engine.dart
apps/voicememory_mobile/lib/features/post_save_insight/post_save_insight_engine.dart
apps/voicememory_mobile/lib/features/post_save_insight/post_save_insight_models.dart
apps/voicememory_mobile/lib/features/post_save_insight/selected_signal_coordinator.dart
apps/voicememory_mobile/lib/features/post_save_insight/selected_signal_store.dart
apps/voicememory_mobile/lib/features/post_save_insight/signal_feedback_coordinator.dart
apps/voicememory_mobile/lib/features/post_save_insight/signal_feedback_store.dart
apps/voicememory_mobile/lib/features/post_save_reinforcement/post_save_reinforcement_placement.dart
apps/voicememory_mobile/lib/features/post_save_reinforcement/post_save_reinforcement_placement_copy.dart
apps/voicememory_mobile/lib/features/premium_tiers_future/premium_tiers_future_copy.dart
apps/voicememory_mobile/lib/features/premium_tiers_future/premium_tiers_future_gate.dart
apps/voicememory_mobile/lib/features/present_day_relevance/present_day_relevance_analytics.dart
apps/voicememory_mobile/lib/features/present_day_relevance/present_day_relevance_copy.dart
apps/voicememory_mobile/lib/features/present_day_relevance/present_day_relevance_engine.dart
apps/voicememory_mobile/lib/features/present_day_relevance/present_day_relevance_model.dart
apps/voicememory_mobile/lib/features/preserved_proof_value/preserved_proof_value.dart
apps/voicememory_mobile/lib/features/preserved_proof_value/preserved_proof_value_copy.dart
apps/voicememory_mobile/lib/features/pressure_retention/archive_reflection_engine.dart
apps/voicememory_mobile/lib/features/pressure_retention/archive_reflection_model.dart
apps/voicememory_mobile/lib/features/pressure_retention/belief_distance_engine.dart
apps/voicememory_mobile/lib/features/pressure_retention/belief_distance_model.dart
apps/voicememory_mobile/lib/features/pressure_retention/daily_return_suggestion_engine.dart
apps/voicememory_mobile/lib/features/pressure_retention/daily_return_suggestion_model.dart
apps/voicememory_mobile/lib/features/pressure_retention/done_for_today_receipt_engine.dart
apps/voicememory_mobile/lib/features/pressure_retention/done_for_today_receipt_model.dart
apps/voicememory_mobile/lib/features/pressure_retention/guided_thread_plan_engine.dart
apps/voicememory_mobile/lib/features/pressure_retention/guided_thread_plan_model.dart
apps/voicememory_mobile/lib/features/pressure_retention/low_effort_check_in_engine.dart
apps/voicememory_mobile/lib/features/pressure_retention/low_effort_check_in_model.dart
apps/voicememory_mobile/lib/features/pressure_retention/one_small_recording_engine.dart
apps/voicememory_mobile/lib/features/pressure_retention/one_small_recording_model.dart
apps/voicememory_mobile/lib/features/pressure_retention/personal_return_prompt_engine.dart
apps/voicememory_mobile/lib/features/pressure_retention/personal_return_prompt_model.dart
apps/voicememory_mobile/lib/features/pressure_retention/pressure_check_in_engine.dart
apps/voicememory_mobile/lib/features/pressure_retention/pressure_check_in_service.dart
apps/voicememory_mobile/lib/features/pressure_retention/pressure_check_in_store.dart
apps/voicememory_mobile/lib/features/pressure_retention/pressure_evidence_confidence.dart
apps/voicememory_mobile/lib/features/pressure_retention/pressure_insights_copy.dart
apps/voicememory_mobile/lib/features/pressure_retention/pressure_loop_visibility_engine.dart
apps/voicememory_mobile/lib/features/pressure_retention/pressure_loop_visibility_model.dart
apps/voicememory_mobile/lib/features/pressure_retention/pressure_micro_experiment_store.dart
apps/voicememory_mobile/lib/features/pressure_retention/pressure_pattern_reveal_engine.dart
apps/voicememory_mobile/lib/features/pressure_retention/pressure_pattern_reveal_model.dart
apps/voicememory_mobile/lib/features/pressure_retention/pressure_pattern_review_engine.dart
apps/voicememory_mobile/lib/features/pressure_retention/pressure_pattern_review_model.dart
apps/voicememory_mobile/lib/features/pressure_retention/pressure_personal_evidence_summary_engine.dart
apps/voicememory_mobile/lib/features/pressure_retention/pressure_personal_evidence_summary_model.dart
apps/voicememory_mobile/lib/features/pressure_retention/pressure_report_builder.dart
apps/voicememory_mobile/lib/features/pressure_retention/pressure_return_trigger_engine.dart
apps/voicememory_mobile/lib/features/pressure_retention/pressure_return_trigger_model.dart
apps/voicememory_mobile/lib/features/pressure_retention/pressure_return_trigger_store.dart
apps/voicememory_mobile/lib/features/pressure_retention/pressure_weekly_recap_engine.dart
apps/voicememory_mobile/lib/features/pressure_retention/pressure_weekly_recap_model.dart
apps/voicememory_mobile/lib/features/pressure_retention/shareable_archive_proof_engine.dart
apps/voicememory_mobile/lib/features/pressure_retention/shareable_archive_proof_model.dart
apps/voicememory_mobile/lib/features/pressure_retention/start_here_save_receipt_engine.dart
apps/voicememory_mobile/lib/features/pressure_retention/thread_return_evidence_engine.dart
apps/voicememory_mobile/lib/features/pressure_retention/weekly_thread_review_engine.dart
apps/voicememory_mobile/lib/features/pressure_retention/weekly_thread_review_model.dart
apps/voicememory_mobile/lib/features/price_objection_feedback/price_objection_feedback_copy.dart
apps/voicememory_mobile/lib/features/price_objection_feedback/price_objection_feedback_gate.dart
apps/voicememory_mobile/lib/features/pricing_offer_validation/pricing_offer_validation_v2.dart
apps/voicememory_mobile/lib/features/pricing_offer_validation/pricing_offer_validation_v2_copy.dart
apps/voicememory_mobile/lib/features/pricing_validation/pricing_outcome_decision_copy.dart
apps/voicememory_mobile/lib/features/pricing_validation/pricing_outcome_decision_matrix.dart
apps/voicememory_mobile/lib/features/pricing_validation/pricing_validation_analytics.dart
apps/voicememory_mobile/lib/features/pricing_validation/pricing_validation_copy.dart
apps/voicememory_mobile/lib/features/pricing_validation/pricing_validation_engine.dart
apps/voicememory_mobile/lib/features/pricing_validation/pricing_validation_model.dart
apps/voicememory_mobile/lib/features/pricing_value_framing/pricing_value_framing_analytics.dart
apps/voicememory_mobile/lib/features/pricing_value_framing/pricing_value_framing_copy.dart
apps/voicememory_mobile/lib/features/pricing_value_framing/pricing_value_framing_engine.dart
apps/voicememory_mobile/lib/features/pricing_value_framing/pricing_value_framing_model.dart
apps/voicememory_mobile/lib/features/privacy_trust/privacy_trust_copy.dart
apps/voicememory_mobile/lib/features/private_report/private_report_analytics.dart
apps/voicememory_mobile/lib/features/private_report/private_report_builder.dart
apps/voicememory_mobile/lib/features/private_report/private_report_copy.dart
apps/voicememory_mobile/lib/features/private_report/private_report_engine.dart
apps/voicememory_mobile/lib/features/private_report/private_report_model.dart
apps/voicememory_mobile/lib/features/private_reports_future/private_reports_future_copy.dart
apps/voicememory_mobile/lib/features/private_reports_future/private_reports_future_gate.dart
apps/voicememory_mobile/lib/features/pro/pro_value_preview_copy.dart
apps/voicememory_mobile/lib/features/pro/pro_value_preview_dismiss_store.dart
apps/voicememory_mobile/lib/features/pro/pro_value_preview_gates.dart
apps/voicememory_mobile/lib/features/pro_access_enforcement/pro_access_enforcement_audit.dart
apps/voicememory_mobile/lib/features/pro_access_enforcement/pro_access_enforcement_audit_copy.dart
apps/voicememory_mobile/lib/features/pro_access_enforcement/pro_access_enforcement_audit_v2.dart
apps/voicememory_mobile/lib/features/pro_access_enforcement/pro_access_enforcement_audit_v2_copy.dart
apps/voicememory_mobile/lib/features/pro_access_enforcement/pro_access_enforcement_audit_v3.dart
apps/voicememory_mobile/lib/features/pro_access_enforcement/pro_access_enforcement_audit_v3_copy.dart
apps/voicememory_mobile/lib/features/pro_bridge_visibility/delayed_paywall_proof_store.dart
apps/voicememory_mobile/lib/features/pro_bridge_visibility/pro_bridge_timing_loosen_analytics.dart
apps/voicememory_mobile/lib/features/pro_bridge_visibility/pro_bridge_timing_loosen_engine.dart
apps/voicememory_mobile/lib/features/pro_bridge_visibility/pro_bridge_visibility_analytics.dart
apps/voicememory_mobile/lib/features/pro_bridge_visibility/pro_bridge_visibility_copy.dart
apps/voicememory_mobile/lib/features/pro_bridge_visibility/pro_bridge_visibility_engine.dart
apps/voicememory_mobile/lib/features/pro_bridge_visibility/pro_bridge_visibility_model.dart
apps/voicememory_mobile/lib/features/pro_conversion_audit/pro_conversion_audit_copy.dart
apps/voicememory_mobile/lib/features/pro_conversion_audit/pro_conversion_audit_engine.dart
apps/voicememory_mobile/lib/features/pro_evidence_value/pro_evidence_value_analytics.dart
apps/voicememory_mobile/lib/features/pro_evidence_value/pro_evidence_value_copy.dart
apps/voicememory_mobile/lib/features/pro_evidence_value/pro_evidence_value_dismiss_store.dart
apps/voicememory_mobile/lib/features/pro_evidence_value/pro_evidence_value_engine.dart
apps/voicememory_mobile/lib/features/pro_interest/pro_interest_copy.dart
apps/voicememory_mobile/lib/features/pro_interest/pro_interest_engine.dart
apps/voicememory_mobile/lib/features/pro_interest/pro_interest_gates.dart
apps/voicememory_mobile/lib/features/pro_interest/pro_interest_models.dart
apps/voicememory_mobile/lib/features/pro_interest/pro_interest_store.dart
apps/voicememory_mobile/lib/features/pro_lock_moment/pro_lock_moment_analytics.dart
apps/voicememory_mobile/lib/features/pro_lock_moment/pro_lock_moment_copy.dart
apps/voicememory_mobile/lib/features/pro_lock_moment/pro_lock_moment_dismiss_store.dart
apps/voicememory_mobile/lib/features/pro_lock_moment/pro_lock_moment_engine.dart
apps/voicememory_mobile/lib/features/pro_lock_moment/pro_lock_moment_model.dart
apps/voicememory_mobile/lib/features/pro_memory/pro_memory_boundary_copy.dart
apps/voicememory_mobile/lib/features/pro_memory/pro_memory_boundary_engine.dart
apps/voicememory_mobile/lib/features/pro_moment_timing/pro_moment_timing_analytics.dart
apps/voicememory_mobile/lib/features/pro_moment_timing/pro_moment_timing_audit_v2_copy.dart
apps/voicememory_mobile/lib/features/pro_moment_timing/pro_moment_timing_audit_v2_engine.dart
apps/voicememory_mobile/lib/features/pro_moment_timing/pro_moment_timing_audit_v2_model.dart
apps/voicememory_mobile/lib/features/pro_moment_timing/pro_moment_timing_copy.dart
apps/voicememory_mobile/lib/features/pro_moment_timing/pro_moment_timing_engine.dart
apps/voicememory_mobile/lib/features/pro_moment_timing/pro_moment_timing_model.dart
apps/voicememory_mobile/lib/features/pro_packaging/pro_value_copy.dart
apps/voicememory_mobile/lib/features/pro_packaging/pro_value_engine.dart
apps/voicememory_mobile/lib/features/pro_packaging/pro_value_model.dart
apps/voicememory_mobile/lib/features/pro_placement_trigger_audit/pro_placement_trigger_audit_copy.dart
apps/voicememory_mobile/lib/features/pro_placement_trigger_audit/pro_placement_trigger_audit_engine.dart
apps/voicememory_mobile/lib/features/pro_placement_trigger_audit/pro_placement_trigger_audit_model.dart
apps/voicememory_mobile/lib/features/pro_preview/pro_preview_analytics.dart
apps/voicememory_mobile/lib/features/pro_preview/pro_preview_copy.dart
apps/voicememory_mobile/lib/features/pro_preview/pro_preview_engine.dart
apps/voicememory_mobile/lib/features/pro_preview/pro_preview_model.dart
apps/voicememory_mobile/lib/features/pro_promise_copy_audit/pro_promise_copy_audit.dart
apps/voicememory_mobile/lib/features/pro_promise_copy_audit/pro_promise_copy_audit_copy.dart
apps/voicememory_mobile/lib/features/pro_single_promise/pro_single_promise.dart
apps/voicememory_mobile/lib/features/pro_single_promise/pro_single_promise_copy.dart
apps/voicememory_mobile/lib/features/pro_understanding_lift/pro_understanding_lift_analytics.dart
apps/voicememory_mobile/lib/features/pro_understanding_lift/pro_understanding_lift_copy.dart
apps/voicememory_mobile/lib/features/pro_understanding_lift/pro_understanding_lift_engine.dart
apps/voicememory_mobile/lib/features/pro_understanding_lift/pro_understanding_lift_model.dart
apps/voicememory_mobile/lib/features/pro_understanding_lift/pro_understanding_lift_store.dart
apps/voicememory_mobile/lib/features/pro_value/pro_value_copy.dart
apps/voicememory_mobile/lib/features/pro_value/pro_value_engine.dart
apps/voicememory_mobile/lib/features/pro_value/pro_value_models.dart
apps/voicememory_mobile/lib/features/pro_visibility_lift/pro_visibility_lift_analytics.dart
apps/voicememory_mobile/lib/features/pro_visibility_lift/pro_visibility_lift_copy.dart
apps/voicememory_mobile/lib/features/pro_visibility_lift/pro_visibility_lift_engine.dart
apps/voicememory_mobile/lib/features/pro_visibility_lift/pro_visibility_lift_model.dart
apps/voicememory_mobile/lib/features/pro_visibility_lift/pro_visibility_lift_store.dart
apps/voicememory_mobile/lib/features/product_language_consistency/product_language_consistency_guard.dart
apps/voicememory_mobile/lib/features/product_language_consistency/product_language_consistency_guard_copy.dart
apps/voicememory_mobile/lib/features/production_candidate/production_candidate_checklist.dart
apps/voicememory_mobile/lib/features/production_candidate/production_candidate_copy.dart
apps/voicememory_mobile/lib/features/prompt_assist_visibility/prompt_assist_visibility.dart
apps/voicememory_mobile/lib/features/prompt_assist_visibility/prompt_assist_visibility_copy.dart
apps/voicememory_mobile/lib/features/proof_caution_guard/proof_caution_guard_analytics.dart
apps/voicememory_mobile/lib/features/proof_caution_guard/proof_caution_guard_engine.dart
apps/voicememory_mobile/lib/features/proof_caution_guard/proof_caution_guard_model.dart
apps/voicememory_mobile/lib/features/proof_clarity_importance_diagnostic/proof_clarity_importance_diagnostic.dart
apps/voicememory_mobile/lib/features/proof_clarity_importance_diagnostic/proof_clarity_importance_diagnostic_copy.dart
apps/voicememory_mobile/lib/features/proof_confidence_calibration/proof_confidence_calibration_analytics.dart
apps/voicememory_mobile/lib/features/proof_confidence_calibration/proof_confidence_calibration_copy.dart
apps/voicememory_mobile/lib/features/proof_confidence_calibration/proof_confidence_calibration_engine.dart
apps/voicememory_mobile/lib/features/proof_confidence_calibration/proof_confidence_calibration_model.dart
apps/voicememory_mobile/lib/features/proof_detail_repair/proof_detail_repair_copy.dart
apps/voicememory_mobile/lib/features/proof_detail_repair/proof_detail_repair_engine.dart
apps/voicememory_mobile/lib/features/proof_floor_rescue/proof_floor_rescue_analytics.dart
apps/voicememory_mobile/lib/features/proof_floor_rescue/proof_floor_rescue_copy.dart
apps/voicememory_mobile/lib/features/proof_floor_rescue/proof_floor_rescue_engine.dart
apps/voicememory_mobile/lib/features/proof_floor_rescue/proof_floor_rescue_model.dart
apps/voicememory_mobile/lib/features/proof_protection/anchor_outcome_copy.dart
apps/voicememory_mobile/lib/features/proof_protection/anchor_outcome_matrix.dart
apps/voicememory_mobile/lib/features/proof_protection/anchor_specificity_guard.dart
apps/voicememory_mobile/lib/features/proof_protection/proof_repair_outcome_copy.dart
apps/voicememory_mobile/lib/features/proof_protection/proof_repair_outcome_matrix.dart
apps/voicememory_mobile/lib/features/proof_protection/proof_repair_playbooks.dart
apps/voicememory_mobile/lib/features/proof_protection/proof_repair_playbooks_copy.dart
apps/voicememory_mobile/lib/features/proof_quality_response/proof_quality_response_analytics.dart
apps/voicememory_mobile/lib/features/proof_quality_response/proof_quality_response_copy.dart
apps/voicememory_mobile/lib/features/proof_quality_response/proof_quality_response_engine.dart
apps/voicememory_mobile/lib/features/proof_quality_response/proof_quality_response_model.dart
apps/voicememory_mobile/lib/features/proof_quality_response/proof_quality_response_store.dart
apps/voicememory_mobile/lib/features/proof_relevance_repair/proof_relevance_outcome_copy.dart
apps/voicememory_mobile/lib/features/proof_relevance_repair/proof_relevance_outcome_matrix.dart
apps/voicememory_mobile/lib/features/proof_relevance_repair/proof_relevance_repair_copy.dart
apps/voicememory_mobile/lib/features/proof_relevance_repair/proof_relevance_repair_engine.dart
apps/voicememory_mobile/lib/features/proof_selection/proof_selection_principle.dart
apps/voicememory_mobile/lib/features/proof_selection/proof_selection_principle_copy.dart
apps/voicememory_mobile/lib/features/proof_specificity/proof_specificity_analytics.dart
apps/voicememory_mobile/lib/features/proof_specificity/proof_specificity_copy.dart
apps/voicememory_mobile/lib/features/proof_specificity/proof_specificity_engine.dart
apps/voicememory_mobile/lib/features/proof_specificity/proof_specificity_model.dart
apps/voicememory_mobile/lib/features/proof_specificity_boost/proof_specificity_boost_analytics.dart
apps/voicememory_mobile/lib/features/proof_specificity_boost/proof_specificity_boost_copy.dart
apps/voicememory_mobile/lib/features/proof_specificity_boost/proof_specificity_boost_engine.dart
apps/voicememory_mobile/lib/features/proof_specificity_boost/proof_specificity_boost_model.dart
apps/voicememory_mobile/lib/features/proof_trail_positioning/proof_trail_positioning.dart
apps/voicememory_mobile/lib/features/proof_trail_positioning/proof_trail_positioning_copy.dart
apps/voicememory_mobile/lib/features/prove_enough/loop_trigger_map_engine.dart
apps/voicememory_mobile/lib/features/prove_enough/loop_trigger_map_model.dart
apps/voicememory_mobile/lib/features/prove_enough/monthly_ambition_pressure_review_coordinator.dart
apps/voicememory_mobile/lib/features/prove_enough/monthly_ambition_pressure_review_engine.dart
apps/voicememory_mobile/lib/features/prove_enough/monthly_ambition_pressure_review_model.dart
apps/voicememory_mobile/lib/features/prove_enough/monthly_ambition_pressure_review_navigation.dart
apps/voicememory_mobile/lib/features/prove_enough/monthly_ambition_pressure_review_store.dart
apps/voicememory_mobile/lib/features/prove_enough/next_evidence_mission_engine.dart
apps/voicememory_mobile/lib/features/prove_enough/next_evidence_mission_model.dart
apps/voicememory_mobile/lib/features/prove_enough/next_evidence_mission_store.dart
apps/voicememory_mobile/lib/features/prove_enough/prove_enough_contradiction_model.dart
apps/voicememory_mobile/lib/features/prove_enough/prove_enough_contradiction_store.dart
apps/voicememory_mobile/lib/features/prove_enough/prove_enough_evidence_trail_coordinator.dart
apps/voicememory_mobile/lib/features/prove_enough/prove_enough_evidence_trail_engine.dart
apps/voicememory_mobile/lib/features/prove_enough/prove_enough_evidence_trail_model.dart
apps/voicememory_mobile/lib/features/prove_enough/prove_enough_evidence_trail_navigation.dart
apps/voicememory_mobile/lib/features/prove_enough/prove_enough_pattern_report_coordinator.dart
apps/voicememory_mobile/lib/features/prove_enough/prove_enough_pattern_report_exporter.dart
apps/voicememory_mobile/lib/features/prove_enough/prove_enough_pattern_report_model.dart
apps/voicememory_mobile/lib/features/prove_enough/prove_enough_pattern_report_pdf_exporter.dart
apps/voicememory_mobile/lib/features/prove_enough/prove_enough_pattern_report_service.dart
apps/voicememory_mobile/lib/features/prove_enough/prove_enough_post_record_engine.dart
apps/voicememory_mobile/lib/features/prove_enough/prove_enough_post_record_model.dart
apps/voicememory_mobile/lib/features/prove_enough/prove_enough_stop_cost_store.dart
apps/voicememory_mobile/lib/features/purchase_confidence/purchase_confidence_analytics.dart
apps/voicememory_mobile/lib/features/purchase_confidence/purchase_confidence_copy.dart
apps/voicememory_mobile/lib/features/purchase_smoke_test/purchase_smoke_test_copy.dart
apps/voicememory_mobile/lib/features/purchase_smoke_test/purchase_smoke_test_engine.dart
apps/voicememory_mobile/lib/features/purchase_smoke_test/purchase_smoke_test_model.dart
apps/voicememory_mobile/lib/features/quality/first_insight_specificity_store.dart
apps/voicememory_mobile/lib/features/quality/interpretation_quality_signal_engine.dart
apps/voicememory_mobile/lib/features/quality/interpretation_quality_signal_model.dart
apps/voicememory_mobile/lib/features/quality/interpretation_quality_store.dart
apps/voicememory_mobile/lib/features/quick_help/quick_help_engine.dart
apps/voicememory_mobile/lib/features/quick_help/quick_help_model.dart
apps/voicememory_mobile/lib/features/quiet_signal/quiet_signal_analytics.dart
apps/voicememory_mobile/lib/features/quiet_signal/quiet_signal_copy.dart
apps/voicememory_mobile/lib/features/quiet_signal/quiet_signal_engine.dart
apps/voicememory_mobile/lib/features/record/daily_mirror_copy.dart
apps/voicememory_mobile/lib/features/record/daily_mirror_engine.dart
apps/voicememory_mobile/lib/features/record/daily_mirror_model.dart
apps/voicememory_mobile/lib/features/record/early_behavior_loop_engine.dart
apps/voicememory_mobile/lib/features/record/early_specific_insight_engine.dart
apps/voicememory_mobile/lib/features/record/record_empty_archive_gates.dart
apps/voicememory_mobile/lib/features/record/record_home_surface_policy.dart
apps/voicememory_mobile/lib/features/record/record_stack_policy.dart
apps/voicememory_mobile/lib/features/record/returning_record_watch_target_ui_gates.dart
apps/voicememory_mobile/lib/features/record_capture_modes/record_capture_mode_engine.dart
apps/voicememory_mobile/lib/features/recording/recording_audio_visualizer.dart
apps/voicememory_mobile/lib/features/recording/recording_dependencies.dart
apps/voicememory_mobile/lib/features/recording/recording_state_controller.dart
apps/voicememory_mobile/lib/features/recording/recording_transcription_view.dart
apps/voicememory_mobile/lib/features/referral/invite_attribution.dart
apps/voicememory_mobile/lib/features/referral/invite_funnel_metrics.dart
apps/voicememory_mobile/lib/features/referral/invited_day_two_return.dart
apps/voicememory_mobile/lib/features/referral/invited_user_welcome.dart
apps/voicememory_mobile/lib/features/referral/referral_invite_after_value.dart
apps/voicememory_mobile/lib/features/referral_after_proof/referral_after_proof_copy.dart
apps/voicememory_mobile/lib/features/referral_after_proof/referral_after_proof_gate.dart
apps/voicememory_mobile/lib/features/release_blocker_priority/release_blocker_priority.dart
apps/voicememory_mobile/lib/features/release_blocker_priority/release_blocker_priority_copy.dart
apps/voicememory_mobile/lib/features/release_candidate/v1_revenue_focus_policy.dart
apps/voicememory_mobile/lib/features/release_candidate_comprehension/release_candidate_comprehension.dart
apps/voicememory_mobile/lib/features/release_candidate_comprehension/release_candidate_comprehension_copy.dart
apps/voicememory_mobile/lib/features/release_candidate_freeze/release_candidate_freeze.dart
apps/voicememory_mobile/lib/features/release_candidate_freeze/release_candidate_freeze_copy.dart
apps/voicememory_mobile/lib/features/release_evidence/release_evidence_pack.dart
apps/voicememory_mobile/lib/features/release_evidence/release_evidence_pack_copy.dart
apps/voicememory_mobile/lib/features/release_fragility/release_fragility_audit.dart
apps/voicememory_mobile/lib/features/release_fragility/release_fragility_copy.dart
apps/voicememory_mobile/lib/features/reminders/reminder_timing_engine.dart
apps/voicememory_mobile/lib/features/reminders/reminder_timing_model.dart
apps/voicememory_mobile/lib/features/reminders/reminder_timing_store.dart
apps/voicememory_mobile/lib/features/repeat_return_check/pattern_changed_analytics.dart
apps/voicememory_mobile/lib/features/repeat_return_check/pattern_changed_copy.dart
apps/voicememory_mobile/lib/features/repeat_return_check/pattern_changed_engine.dart
apps/voicememory_mobile/lib/features/repeat_return_check/pattern_changed_gates.dart
apps/voicememory_mobile/lib/features/repeat_return_check/pattern_changed_store.dart
apps/voicememory_mobile/lib/features/repeat_return_check/repeat_return_check_analytics.dart
apps/voicememory_mobile/lib/features/repeat_return_check/repeat_return_check_engine.dart
apps/voicememory_mobile/lib/features/repeat_return_check/repeat_return_check_gates.dart
apps/voicememory_mobile/lib/features/repeat_return_check/repeat_return_check_models.dart
apps/voicememory_mobile/lib/features/repeat_return_check/repeat_return_check_store.dart
apps/voicememory_mobile/lib/features/repeat_return_check/repeat_return_check_trend.dart
apps/voicememory_mobile/lib/features/retention/archive_discovery_service.dart
apps/voicememory_mobile/lib/features/retention/archive_progress_identity.dart
apps/voicememory_mobile/lib/features/retention/first_week_progress_copy.dart
apps/voicememory_mobile/lib/features/retention/first_week_progress_engine.dart
apps/voicememory_mobile/lib/features/retention/first_week_progress_model.dart
apps/voicememory_mobile/lib/features/retention/next_evidence_reminder_service.dart
apps/voicememory_mobile/lib/features/retention/pattern_hypothesis_engine.dart
apps/voicememory_mobile/lib/features/retention/pattern_hypothesis_model.dart
apps/voicememory_mobile/lib/features/retention/reminder_pre_prompt_coordinator.dart
apps/voicememory_mobile/lib/features/retention/repeat_recording_nudge_state.dart
apps/voicememory_mobile/lib/features/retention/repeat_recording_nudge_store.dart
apps/voicememory_mobile/lib/features/retention/retention_analytics.dart
apps/voicememory_mobile/lib/features/retention/retention_diagnosis_engine.dart
apps/voicememory_mobile/lib/features/retention/retention_diagnosis_snapshot.dart
apps/voicememory_mobile/lib/features/retention/retention_diagnosis_v2_coordinator.dart
apps/voicememory_mobile/lib/features/retention/retention_diagnosis_v2_engine.dart
apps/voicememory_mobile/lib/features/retention/retention_metrics_tracker.dart
apps/voicememory_mobile/lib/features/retention/retention_reminder_coordinator.dart
apps/voicememory_mobile/lib/features/retention/retention_state_engine.dart
apps/voicememory_mobile/lib/features/retention/retention_state_model.dart
apps/voicememory_mobile/lib/features/retention/return_day_journey_engine.dart
apps/voicememory_mobile/lib/features/retention/return_reason_capture_coordinator.dart
apps/voicememory_mobile/lib/features/retention/return_reason_capture_store.dart
apps/voicememory_mobile/lib/features/retention/return_tomorrow_cue_engine.dart
apps/voicememory_mobile/lib/features/retention/second_session_signal_engine.dart
apps/voicememory_mobile/lib/features/retention/yesterday_watch_copy.dart
apps/voicememory_mobile/lib/features/retention/yesterday_watch_engine.dart
apps/voicememory_mobile/lib/features/retention/yesterday_watch_model.dart
apps/voicememory_mobile/lib/features/retention/yesterday_watch_store.dart
apps/voicememory_mobile/lib/features/return_after_proof/return_after_proof_analytics.dart
apps/voicememory_mobile/lib/features/return_after_proof/return_after_proof_copy.dart
apps/voicememory_mobile/lib/features/return_after_proof/return_after_proof_engine.dart
apps/voicememory_mobile/lib/features/return_after_proof/return_after_proof_model.dart
apps/voicememory_mobile/lib/features/return_after_proof/return_after_proof_store.dart
apps/voicememory_mobile/lib/features/return_after_proof/return_after_proof_strengthening_engine.dart
apps/voicememory_mobile/lib/features/return_after_proof_lift_v2/return_after_proof_lift_v2_analytics.dart
apps/voicememory_mobile/lib/features/return_after_proof_lift_v2/return_after_proof_lift_v2_copy.dart
apps/voicememory_mobile/lib/features/return_after_proof_lift_v2/return_after_proof_lift_v2_engine.dart
apps/voicememory_mobile/lib/features/return_after_proof_lift_v2/return_after_proof_lift_v2_model.dart
apps/voicememory_mobile/lib/features/return_after_proof_lift_v2/return_after_proof_lift_v2_store.dart
apps/voicememory_mobile/lib/features/return_changes/archive_return_changes_copy.dart
apps/voicememory_mobile/lib/features/return_changes/archive_return_changes_engine.dart
apps/voicememory_mobile/lib/features/return_changes/archive_return_changes_gates.dart
apps/voicememory_mobile/lib/features/return_changes/archive_return_changes_store.dart
apps/voicememory_mobile/lib/features/return_changes/archive_return_snapshot.dart
apps/voicememory_mobile/lib/features/return_day/return_day_flow_analytics.dart
apps/voicememory_mobile/lib/features/return_day/return_day_flow_copy.dart
apps/voicememory_mobile/lib/features/return_day/return_day_flow_engine.dart
apps/voicememory_mobile/lib/features/return_day/return_day_flow_model.dart
apps/voicememory_mobile/lib/features/return_day/return_day_flow_store.dart
apps/voicememory_mobile/lib/features/return_reason/return_reason_coordinator.dart
apps/voicememory_mobile/lib/features/return_reason/return_reason_engine.dart
apps/voicememory_mobile/lib/features/return_reason/return_reason_models.dart
apps/voicememory_mobile/lib/features/return_reason/return_reason_store.dart
apps/voicememory_mobile/lib/features/return_ritual/return_ritual_copy.dart
apps/voicememory_mobile/lib/features/return_ritual/return_ritual_gates.dart
apps/voicememory_mobile/lib/features/return_ritual/return_ritual_models.dart
apps/voicememory_mobile/lib/features/return_ritual/return_ritual_store.dart
apps/voicememory_mobile/lib/features/return_tomorrow_ritual/return_tomorrow_ritual_copy.dart
apps/voicememory_mobile/lib/features/return_tomorrow_ritual/return_tomorrow_ritual_gate.dart
apps/voicememory_mobile/lib/features/revenue_foundation/revenue_value_copy.dart
apps/voicememory_mobile/lib/features/revenue_foundation/revenue_value_engine.dart
apps/voicememory_mobile/lib/features/revenue_foundation/revenue_value_model.dart
apps/voicememory_mobile/lib/features/revenue_lift_experiment_v2/revenue_lift_experiment_v2_analytics.dart
apps/voicememory_mobile/lib/features/revenue_lift_experiment_v2/revenue_lift_experiment_v2_copy.dart
apps/voicememory_mobile/lib/features/revenue_lift_experiment_v2/revenue_lift_experiment_v2_engine.dart
apps/voicememory_mobile/lib/features/revenue_lift_experiment_v2/revenue_lift_experiment_v2_model.dart
apps/voicememory_mobile/lib/features/revenue_metrics/revenue_funnel_analytics.dart
apps/voicememory_mobile/lib/features/revenue_metrics/revenue_funnel_event.dart
apps/voicememory_mobile/lib/features/revenue_metrics/revenue_funnel_snapshot.dart
apps/voicememory_mobile/lib/features/revenue_metrics/revenue_readiness_engine.dart
apps/voicememory_mobile/lib/features/revenue_metrics/revenue_readiness_model.dart
apps/voicememory_mobile/lib/features/revenue_readiness/revenue_readiness_dashboard_v2_copy.dart
apps/voicememory_mobile/lib/features/revenue_readiness/revenue_readiness_dashboard_v2_engine.dart
apps/voicememory_mobile/lib/features/revenue_readiness/revenue_readiness_dashboard_v2_model.dart
apps/voicememory_mobile/lib/features/revenuecat_live_proof/revenuecat_live_proof_copy.dart
apps/voicememory_mobile/lib/features/revenuecat_live_proof/revenuecat_live_proof_runner.dart
apps/voicememory_mobile/lib/features/revenuecat_sandbox_proof/revenuecat_sandbox_proof.dart
apps/voicememory_mobile/lib/features/revenuecat_sandbox_proof/revenuecat_sandbox_proof_copy.dart
apps/voicememory_mobile/lib/features/review/review_prompt_after_value.dart
apps/voicememory_mobile/lib/features/review_ritual/view_ritual_copy.dart
apps/voicememory_mobile/lib/features/review_ritual/view_ritual_engine.dart
apps/voicememory_mobile/lib/features/review_ritual/view_ritual_gates.dart
apps/voicememory_mobile/lib/features/review_ritual/view_ritual_models.dart
apps/voicememory_mobile/lib/features/routine/routine_anchor_model.dart
apps/voicememory_mobile/lib/features/routine/routine_anchor_store.dart
apps/voicememory_mobile/lib/features/safe_exports_future/safe_exports_future_copy.dart
apps/voicememory_mobile/lib/features/safe_exports_future/safe_exports_future_gate.dart
apps/voicememory_mobile/lib/features/safe_sharing/safe_sharing_copy.dart
apps/voicememory_mobile/lib/features/safe_sharing/safe_sharing_model.dart
apps/voicememory_mobile/lib/features/safe_sharing_future/safe_sharing_future_copy.dart
apps/voicememory_mobile/lib/features/safe_sharing_future/safe_sharing_future_gate.dart
apps/voicememory_mobile/lib/features/save_a_repeat_habit/save_a_repeat_habit.dart
apps/voicememory_mobile/lib/features/save_a_repeat_habit/save_a_repeat_habit_copy.dart
apps/voicememory_mobile/lib/features/search/voice_memory_search.dart
apps/voicememory_mobile/lib/features/second_moment_return/second_moment_return_analytics.dart
apps/voicememory_mobile/lib/features/second_moment_return/second_moment_return_copy.dart
apps/voicememory_mobile/lib/features/second_moment_return/second_moment_return_engine.dart
apps/voicememory_mobile/lib/features/second_moment_return/second_moment_return_model.dart
apps/voicememory_mobile/lib/features/second_moment_return/second_moment_return_store.dart
apps/voicememory_mobile/lib/features/secrets_rotation_gate/secrets_production_block_hardening.dart
apps/voicememory_mobile/lib/features/secrets_rotation_gate/secrets_rotation_launch_gate.dart
apps/voicememory_mobile/lib/features/secrets_rotation_gate/secrets_rotation_launch_gate_copy.dart
apps/voicememory_mobile/lib/features/share/archive_belief_share_card.dart
apps/voicememory_mobile/lib/features/share/archive_share_actions.dart
apps/voicememory_mobile/lib/features/share_card/share_card_analytics.dart
apps/voicememory_mobile/lib/features/share_card/share_card_builder.dart
apps/voicememory_mobile/lib/features/share_card/share_card_copy.dart
apps/voicememory_mobile/lib/features/share_card/share_card_model.dart
apps/voicememory_mobile/lib/features/shareable_proof/shareable_proof_analytics.dart
apps/voicememory_mobile/lib/features/shareable_proof/shareable_proof_copy.dart
apps/voicememory_mobile/lib/features/shareable_proof/shareable_proof_engine.dart
apps/voicememory_mobile/lib/features/shareable_proof/shareable_proof_model.dart
apps/voicememory_mobile/lib/features/signal_archive/signal_archive_coordinator.dart
apps/voicememory_mobile/lib/features/signal_archive/signal_archive_navigation.dart
apps/voicememory_mobile/lib/features/signal_archive/signal_archive_snapshot.dart
apps/voicememory_mobile/lib/features/signal_archive/signal_corrections_engine.dart
apps/voicememory_mobile/lib/features/signal_archive/signal_corrections_model.dart
apps/voicememory_mobile/lib/features/signal_archive/signal_evidence_engine.dart
apps/voicememory_mobile/lib/features/signal_archive/signal_evidence_model.dart
apps/voicememory_mobile/lib/features/signal_journey/signal_journey_coordinator.dart
apps/voicememory_mobile/lib/features/signal_journey/signal_journey_engine.dart
apps/voicememory_mobile/lib/features/signal_journey/signal_journey_navigation.dart
apps/voicememory_mobile/lib/features/signal_journey/signal_journey_store.dart
apps/voicememory_mobile/lib/features/signal_review/signal_review_coordinator.dart
apps/voicememory_mobile/lib/features/signal_review/signal_review_engine.dart
apps/voicememory_mobile/lib/features/signal_review/signal_review_model.dart
apps/voicememory_mobile/lib/features/signal_review/signal_review_navigation.dart
apps/voicememory_mobile/lib/features/signal_review/signal_review_store.dart
apps/voicememory_mobile/lib/features/single_launch_checklist/single_launch_checklist.dart
apps/voicememory_mobile/lib/features/single_launch_checklist/single_launch_checklist_copy.dart
apps/voicememory_mobile/lib/features/store_readiness/store_readiness_audit.dart
apps/voicememory_mobile/lib/features/store_readiness/store_readiness_copy.dart
apps/voicememory_mobile/lib/features/store_readiness_proof/store_readiness_proof.dart
apps/voicememory_mobile/lib/features/store_readiness_proof/store_readiness_proof_copy.dart
apps/voicememory_mobile/lib/features/store_readiness_single_source/store_readiness_single_source.dart
apps/voicememory_mobile/lib/features/store_readiness_single_source/store_readiness_single_source_copy.dart
apps/voicememory_mobile/lib/features/submission/app_store_submission_copy.dart
apps/voicememory_mobile/lib/features/support/support_feedback_copy.dart
apps/voicememory_mobile/lib/features/support/testflight_feedback_analytics.dart
apps/voicememory_mobile/lib/features/support/testflight_feedback_copy.dart
apps/voicememory_mobile/lib/features/support/testflight_feedback_launcher.dart
apps/voicememory_mobile/lib/features/surface_priority/surface_priority_analytics.dart
apps/voicememory_mobile/lib/features/surface_priority/surface_priority_copy.dart
apps/voicememory_mobile/lib/features/surface_priority/surface_priority_engine.dart
apps/voicememory_mobile/lib/features/surface_priority/surface_priority_model.dart
apps/voicememory_mobile/lib/features/surprise_engine/surprise_analytics.dart
apps/voicememory_mobile/lib/features/surprise_engine/surprise_coordinator.dart
apps/voicememory_mobile/lib/features/surprise_engine/surprise_copy.dart
apps/voicememory_mobile/lib/features/surprise_engine/surprise_engine.dart
apps/voicememory_mobile/lib/features/surprise_engine/surprise_models.dart
apps/voicememory_mobile/lib/features/surprise_engine/surprise_store.dart
apps/voicememory_mobile/lib/features/sync_expectation_safety/sync_expectation_safety_copy.dart
apps/voicememory_mobile/lib/features/sync_expectation_safety/sync_expectation_safety_guard.dart
apps/voicememory_mobile/lib/features/testflight_metrics/testflight_metrics_analytics.dart
apps/voicememory_mobile/lib/features/testflight_metrics/testflight_metrics_copy.dart
apps/voicememory_mobile/lib/features/testflight_metrics/testflight_metrics_engine.dart
apps/voicememory_mobile/lib/features/testflight_metrics/testflight_metrics_model.dart
apps/voicememory_mobile/lib/features/theme_tracking/theme_tracker_service.dart
apps/voicememory_mobile/lib/features/then_now/then_now_copy.dart
apps/voicememory_mobile/lib/features/then_now/then_now_engine.dart
apps/voicememory_mobile/lib/features/then_now/then_now_gates.dart
apps/voicememory_mobile/lib/features/then_now/then_now_models.dart
apps/voicememory_mobile/lib/features/three_day_challenge/three_day_challenge_copy.dart
apps/voicememory_mobile/lib/features/three_day_challenge/three_day_challenge_engine.dart
apps/voicememory_mobile/lib/features/three_day_challenge/three_day_challenge_model.dart
apps/voicememory_mobile/lib/features/three_day_proof_challenge/three_day_proof_challenge_copy.dart
apps/voicememory_mobile/lib/features/three_day_proof_challenge/three_day_proof_challenge_gate.dart
apps/voicememory_mobile/lib/features/three_moment_activation/three_moment_activation_copy.dart
apps/voicememory_mobile/lib/features/three_moment_completion/three_moment_completion_analytics.dart
apps/voicememory_mobile/lib/features/three_moment_completion/three_moment_completion_copy.dart
apps/voicememory_mobile/lib/features/three_moment_completion/three_moment_completion_engine.dart
apps/voicememory_mobile/lib/features/three_moment_completion/three_moment_completion_model.dart
apps/voicememory_mobile/lib/features/three_moment_completion/three_moment_completion_store.dart
apps/voicememory_mobile/lib/features/timeline/timeline_entry_display.dart
apps/voicememory_mobile/lib/features/timeline/timeline_index.dart
apps/voicememory_mobile/lib/features/timeline/timeline_models.dart
apps/voicememory_mobile/lib/features/timeline_positioning/timeline_positioning_analytics.dart
apps/voicememory_mobile/lib/features/timeline_positioning/timeline_positioning_copy.dart
apps/voicememory_mobile/lib/features/timeline_positioning/timeline_positioning_engine.dart
apps/voicememory_mobile/lib/features/timeline_positioning/timeline_positioning_model.dart
apps/voicememory_mobile/lib/features/timeline_proof_moment/timeline_proof_moment_analytics.dart
apps/voicememory_mobile/lib/features/timeline_proof_moment/timeline_proof_moment_copy.dart
apps/voicememory_mobile/lib/features/timeline_proof_moment/timeline_proof_moment_engine.dart
apps/voicememory_mobile/lib/features/timeline_proof_moment/timeline_proof_moment_model.dart
apps/voicememory_mobile/lib/features/todays_question/todays_question_copy.dart
apps/voicememory_mobile/lib/features/todays_question/todays_question_engine.dart
apps/voicememory_mobile/lib/features/todays_question/todays_question_gates.dart
apps/voicememory_mobile/lib/features/todays_question/todays_question_models.dart
apps/voicememory_mobile/lib/features/tomorrow_return/active_pattern_thread_coordinator.dart
apps/voicememory_mobile/lib/features/tomorrow_return/active_pattern_thread_engine.dart
apps/voicememory_mobile/lib/features/tomorrow_return/active_pattern_thread_store.dart
apps/voicememory_mobile/lib/features/tomorrow_return/change_summary_engine.dart
apps/voicememory_mobile/lib/features/tomorrow_return/change_summary_model.dart
apps/voicememory_mobile/lib/features/tomorrow_return/change_summary_store.dart
apps/voicememory_mobile/lib/features/tomorrow_return/check_in_reminder_prompt.dart
apps/voicememory_mobile/lib/features/tomorrow_return/check_in_reminder_service.dart
apps/voicememory_mobile/lib/features/tomorrow_return/check_in_result_copy.dart
apps/voicememory_mobile/lib/features/tomorrow_return/check_in_result_interpretation.dart
apps/voicememory_mobile/lib/features/tomorrow_return/compelling_check_engine.dart
apps/voicememory_mobile/lib/features/tomorrow_return/compelling_check_model.dart
apps/voicememory_mobile/lib/features/tomorrow_return/local_check_in_reminder_backend.dart
apps/voicememory_mobile/lib/features/tomorrow_return/result_next_check_engine.dart
apps/voicememory_mobile/lib/features/tomorrow_return/result_next_check_model.dart
apps/voicememory_mobile/lib/features/tomorrow_return/return_capture_engine.dart
apps/voicememory_mobile/lib/features/tomorrow_return/return_capture_store.dart
apps/voicememory_mobile/lib/features/tomorrow_return/return_comparison_coordinator.dart
apps/voicememory_mobile/lib/features/tomorrow_return/return_comparison_engine.dart
apps/voicememory_mobile/lib/features/tomorrow_return/return_comparison_store.dart
apps/voicememory_mobile/lib/features/tomorrow_return/return_retention_coordinator.dart
apps/voicememory_mobile/lib/features/tomorrow_return/return_streak_coordinator.dart
apps/voicememory_mobile/lib/features/tomorrow_return/return_streak_model.dart
apps/voicememory_mobile/lib/features/tomorrow_return/return_streak_store.dart
apps/voicememory_mobile/lib/features/tomorrow_return/tomorrow_check_in_coordinator.dart
apps/voicememory_mobile/lib/features/tomorrow_return/tomorrow_check_in_model.dart
apps/voicememory_mobile/lib/features/tomorrow_return/tomorrow_check_in_store.dart
apps/voicememory_mobile/lib/features/tomorrow_return/tomorrow_commitment_coordinator.dart
apps/voicememory_mobile/lib/features/tomorrow_return/tomorrow_commitment_reminder.dart
apps/voicememory_mobile/lib/features/tomorrow_return/tomorrow_commitment_store.dart
apps/voicememory_mobile/lib/features/tomorrow_return/tomorrow_return_loop_coordinator.dart
apps/voicememory_mobile/lib/features/tomorrow_return/tomorrow_return_loop_engine.dart
apps/voicememory_mobile/lib/features/tomorrow_return/tomorrow_return_loop_models.dart
apps/voicememory_mobile/lib/features/tomorrow_return/tomorrow_return_loop_store.dart
apps/voicememory_mobile/lib/features/tomorrow_return/useful_result_takeaway_engine.dart
apps/voicememory_mobile/lib/features/tomorrow_return/useful_result_takeaway_model.dart
apps/voicememory_mobile/lib/features/tomorrow_return/watch_for_coordinator.dart
apps/voicememory_mobile/lib/features/tomorrow_return/watch_for_engine.dart
apps/voicememory_mobile/lib/features/tomorrow_return/watch_for_model.dart
apps/voicememory_mobile/lib/features/tomorrow_return/watch_for_prompt_engine.dart
apps/voicememory_mobile/lib/features/tomorrow_return/watch_for_prompt_model.dart
apps/voicememory_mobile/lib/features/tomorrow_return/watch_for_store.dart
apps/voicememory_mobile/lib/features/tomorrow_return/weekly_pattern_recap_engine.dart
apps/voicememory_mobile/lib/features/trail_language_guard/trail_language_guard.dart
apps/voicememory_mobile/lib/features/trail_language_guard/trail_language_guard_copy.dart
apps/voicememory_mobile/lib/features/transcript_correction/transcript_correction_analytics.dart
apps/voicememory_mobile/lib/features/transcript_correction/transcript_correction_controller.dart
apps/voicememory_mobile/lib/features/transcript_correction/transcript_correction_copy.dart
apps/voicememory_mobile/lib/features/trial/hook_diagnosis_model.dart
apps/voicememory_mobile/lib/features/trial/hook_diagnosis_store.dart
apps/voicememory_mobile/lib/features/trial/hook_diagnosis_tracker.dart
apps/voicememory_mobile/lib/features/trial/hook_rescue_decision_engine.dart
apps/voicememory_mobile/lib/features/trial/positioning_comprehension_model.dart
apps/voicememory_mobile/lib/features/trial/positioning_comprehension_store.dart
apps/voicememory_mobile/lib/features/trial/trial_reset_service.dart
apps/voicememory_mobile/lib/features/trial/trial_summary_engine.dart
apps/voicememory_mobile/lib/features/trial/trial_summary_exporter.dart
apps/voicememory_mobile/lib/features/trial/trial_summary_model.dart
apps/voicememory_mobile/lib/features/trust/aha_proof_share_eligibility.dart
apps/voicememory_mobile/lib/features/trust/archive_trust_receipt.dart
apps/voicememory_mobile/lib/features/trust/capture_recovery_copy.dart
apps/voicememory_mobile/lib/features/trust/degraded_transcript_post_save_ui_gates.dart
apps/voicememory_mobile/lib/features/trust/pending_transcript_recovery_analytics.dart
apps/voicememory_mobile/lib/features/trust/pending_transcript_recovery_copy.dart
apps/voicememory_mobile/lib/features/trust/pending_transcript_recovery_gate.dart
apps/voicememory_mobile/lib/features/trust/privacy_screen_copy.dart
apps/voicememory_mobile/lib/features/trust/pro_trust_copy.dart
apps/voicememory_mobile/lib/features/trust/terms_screen_copy.dart
apps/voicememory_mobile/lib/features/trust/trust_reliability_copy.dart
apps/voicememory_mobile/lib/features/v1_interface/archive_secondary_nav_gates.dart
apps/voicememory_mobile/lib/features/v1_interface/future_wedge_routes_copy.dart
apps/voicememory_mobile/lib/features/v1_interface/progressive_evidence_state_copy.dart
apps/voicememory_mobile/lib/features/v1_interface/v1_core_product_sentence.dart
apps/voicememory_mobile/lib/features/v1_interface/v1_expansion_gate_copy.dart
apps/voicememory_mobile/lib/features/v1_interface/v1_scope_guard_copy.dart
apps/voicememory_mobile/lib/features/v1_surface_scope/v1_surface_scope_audit.dart
apps/voicememory_mobile/lib/features/v1_surface_scope/v1_surface_scope_audit_copy.dart
apps/voicememory_mobile/lib/features/v1_visible_surface_reducer/v1_visible_surface_reducer.dart
apps/voicememory_mobile/lib/features/v1_visible_surface_reducer/v1_visible_surface_reducer_copy.dart
apps/voicememory_mobile/lib/features/value_prop_ranking_diagnostic/value_prop_ranking_diagnostic.dart
apps/voicememory_mobile/lib/features/value_prop_ranking_diagnostic/value_prop_ranking_diagnostic_copy.dart
apps/voicememory_mobile/lib/features/voice_capture/analysis/analysis_log.dart
apps/voicememory_mobile/lib/features/voice_capture/analysis_fallback_payoff.dart
apps/voicememory_mobile/lib/features/voice_capture/audio/audio_capture_diagnostics.dart
apps/voicememory_mobile/lib/features/voice_capture/audio/audio_debug_actions.dart
apps/voicememory_mobile/lib/features/voice_capture/audio/audio_diag_log.dart
apps/voicememory_mobile/lib/features/voice_capture/audio/audio_level_monitor.dart
apps/voicememory_mobile/lib/features/voice_capture/audio/ios_audio_session.dart
apps/voicememory_mobile/lib/features/voice_capture/audio/ios_native_audio_session.dart
apps/voicememory_mobile/lib/features/voice_capture/audio/ios_native_recorder.dart
apps/voicememory_mobile/lib/features/voice_capture/audio/ios_native_recorder_config.dart
apps/voicememory_mobile/lib/features/voice_capture/audio/mic_capture_input_health.dart
apps/voicememory_mobile/lib/features/voice_capture/microphone_permission_copy.dart
apps/voicememory_mobile/lib/features/voice_capture/microphone_permission_environment.dart
apps/voicememory_mobile/lib/features/voice_capture/microphone_permission_gateway.dart
apps/voicememory_mobile/lib/features/voice_capture/microphone_permission_state.dart
apps/voicememory_mobile/lib/features/voice_capture/record_cta_policy.dart
apps/voicememory_mobile/lib/features/voice_capture/record_microphone_permission_ui.dart
apps/voicememory_mobile/lib/features/voice_capture/transcription/transcript_quality.dart
apps/voicememory_mobile/lib/features/voice_capture/transcription/transcription_log.dart
apps/voicememory_mobile/lib/features/voice_capture/transcription/transcription_service.dart
apps/voicememory_mobile/lib/features/voice_capture/voice_capture_copy.dart
apps/voicememory_mobile/lib/features/voice_capture/voice_capture_post_save.dart
apps/voicememory_mobile/lib/features/voice_capture/voice_capture_quality.dart
apps/voicememory_mobile/lib/features/weekly_review/weekly_archive_review_engine.dart
apps/voicememory_mobile/lib/features/weekly_review/weekly_archive_review_model.dart
apps/voicememory_mobile/lib/features/weekly_story/weekly_story_engine.dart
apps/voicememory_mobile/lib/features/weekly_story/weekly_story_models.dart
apps/voicememory_mobile/lib/features/what_changed/what_changed_v2_analytics.dart
apps/voicememory_mobile/lib/features/what_changed/what_changed_v2_copy.dart
apps/voicememory_mobile/lib/features/what_changed/what_changed_v2_engine.dart
apps/voicememory_mobile/lib/features/what_changed/what_changed_v2_model.dart
apps/voicememory_mobile/lib/features/what_changed/what_changed_v2_store.dart
apps/voicememory_mobile/lib/features/what_to_notice_next/what_to_notice_next_analytics.dart
apps/voicememory_mobile/lib/features/what_to_notice_next/what_to_notice_next_copy.dart
apps/voicememory_mobile/lib/features/what_to_notice_next/what_to_notice_next_engine.dart
apps/voicememory_mobile/lib/features/what_to_notice_next/what_to_notice_next_model.dart
apps/voicememory_mobile/lib/features/widget_release_risk/widget_release_risk_gate.dart
apps/voicememory_mobile/lib/features/widget_release_risk/widget_release_risk_gate_copy.dart
apps/voicememory_mobile/lib/main.dart
apps/voicememory_mobile/lib/models/entitlement.dart
apps/voicememory_mobile/lib/models/journal_entry.dart
apps/voicememory_mobile/lib/models/reflection.dart
apps/voicememory_mobile/lib/models/session.dart
apps/voicememory_mobile/lib/onboarding/onboarding_pages.dart
apps/voicememory_mobile/lib/onboarding/onboarding_visuals.dart
apps/voicememory_mobile/lib/product/acquisition_start_copy.dart
apps/voicememory_mobile/lib/product/archive_positioning_copy.dart
apps/voicememory_mobile/lib/product/belief_clarity.dart
apps/voicememory_mobile/lib/product/belief_product_copy.dart
apps/voicememory_mobile/lib/product/consumer_ui_copy.dart
apps/voicememory_mobile/lib/product/loop_acquisition_copy.dart
apps/voicememory_mobile/lib/product/testflight_invite_copy.dart
apps/voicememory_mobile/lib/push/fcm_service.dart
apps/voicememory_mobile/lib/push/push_background_handler.dart
apps/voicememory_mobile/lib/push/push_deep_link_handler.dart
apps/voicememory_mobile/lib/record/example_prompt_analytics.dart
apps/voicememory_mobile/lib/record/example_prompt_catalog.dart
apps/voicememory_mobile/lib/record/quick_text_capture_copy.dart
apps/voicememory_mobile/lib/record/record_how_it_works_copy.dart
apps/voicememory_mobile/lib/record/record_screen_framing_copy.dart
apps/voicememory_mobile/lib/record/start_here_analytics.dart
apps/voicememory_mobile/lib/router/app_router.dart
apps/voicememory_mobile/lib/router/developer_route_guard.dart
apps/voicememory_mobile/lib/router/route_catalog.dart
apps/voicememory_mobile/lib/screens/account_auth_screen.dart
apps/voicememory_mobile/lib/screens/account_screen.dart
apps/voicememory_mobile/lib/screens/action_items_screen.dart
apps/voicememory_mobile/lib/screens/archive_analyst_screen.dart
apps/voicememory_mobile/lib/screens/archive_belief_screen.dart
apps/voicememory_mobile/lib/screens/archive_calendar_screen.dart
apps/voicememory_mobile/lib/screens/archive_clarity_progress_screen.dart
apps/voicememory_mobile/lib/screens/archive_compression_screen.dart
apps/voicememory_mobile/lib/screens/archive_deep_dive_screen.dart
apps/voicememory_mobile/lib/screens/archive_detail_screen.dart
apps/voicememory_mobile/lib/screens/archive_evidence_context_screen.dart
apps/voicememory_mobile/lib/screens/archive_evidence_trail_screen.dart
apps/voicememory_mobile/lib/screens/archive_evolution_timeline_screen.dart
apps/voicememory_mobile/lib/screens/archive_explanation_screen.dart
apps/voicememory_mobile/lib/screens/archive_export_screen.dart
apps/voicememory_mobile/lib/screens/archive_journey_screen.dart
apps/voicememory_mobile/lib/screens/archive_pack_detail_screen.dart
apps/voicememory_mobile/lib/screens/archive_packs_screen.dart
apps/voicememory_mobile/lib/screens/archive_range_review_screen.dart
apps/voicememory_mobile/lib/screens/archive_share_discoveries_screen.dart
apps/voicememory_mobile/lib/screens/archive_tool_screen.dart
apps/voicememory_mobile/lib/screens/ask_archive_screen.dart
apps/voicememory_mobile/lib/screens/belief_changes_screen.dart
apps/voicememory_mobile/lib/screens/belief_detail_screen.dart
apps/voicememory_mobile/lib/screens/belief_evidence_screen.dart
apps/voicememory_mobile/lib/screens/beliefs_screen.dart
apps/voicememory_mobile/lib/screens/beta_feedback_screen.dart
apps/voicememory_mobile/lib/screens/beta_invite_pack_screen.dart
apps/voicememory_mobile/lib/screens/beta_outcomes_screen.dart
apps/voicememory_mobile/lib/screens/blind_spots_screen.dart
apps/voicememory_mobile/lib/screens/capacity_beta_mission_screen.dart
apps/voicememory_mobile/lib/screens/capacity_beta_signal_screen.dart
apps/voicememory_mobile/lib/screens/capacity_boundary_response_screen.dart
apps/voicememory_mobile/lib/screens/capacity_loop_screen.dart
apps/voicememory_mobile/lib/screens/capacity_weekly_review_screen.dart
apps/voicememory_mobile/lib/screens/collection_detail_screen.dart
apps/voicememory_mobile/lib/screens/collections_screen.dart
apps/voicememory_mobile/lib/screens/daily_archive_exercise_screen.dart
apps/voicememory_mobile/lib/screens/delete_account_screen.dart
apps/voicememory_mobile/lib/screens/developer_diagnostics_screen.dart
apps/voicememory_mobile/lib/screens/discover_chapter_detail_screen.dart
apps/voicememory_mobile/lib/screens/discover_screen.dart
apps/voicememory_mobile/lib/screens/discover_yourself_screen.dart
apps/voicememory_mobile/lib/screens/entry_detail_screen.dart
apps/voicememory_mobile/lib/screens/export_screen.dart
apps/voicememory_mobile/lib/screens/fact_ledger_screen.dart
apps/voicememory_mobile/lib/screens/first_pattern_quality_screen.dart
apps/voicememory_mobile/lib/screens/first_week_path_screen.dart
apps/voicememory_mobile/lib/screens/help_reviewer_guide_screen.dart
apps/voicememory_mobile/lib/screens/home_screen.dart
apps/voicememory_mobile/lib/screens/identity_screen.dart
apps/voicememory_mobile/lib/screens/insight_quality_screen.dart
apps/voicememory_mobile/lib/screens/journal_screen.dart
apps/voicememory_mobile/lib/screens/key_moment_detail_screen.dart
apps/voicememory_mobile/lib/screens/key_moments_screen.dart
apps/voicememory_mobile/lib/screens/life_chapters_screen.dart
apps/voicememory_mobile/lib/screens/live_voice_session_screen.dart
apps/voicememory_mobile/lib/screens/loop_mode_screen.dart
apps/voicememory_mobile/lib/screens/loop_start_screen.dart
apps/voicememory_mobile/lib/screens/low_effort_yes_capture_screen.dart
apps/voicememory_mobile/lib/screens/memory_screen.dart
apps/voicememory_mobile/lib/screens/milestone_share_cards_screen.dart
apps/voicememory_mobile/lib/screens/mobile_subscription_screen.dart
apps/voicememory_mobile/lib/screens/monthly_ambition_pressure_review_screen.dart
apps/voicememory_mobile/lib/screens/native_push_verification_screen.dart
apps/voicememory_mobile/lib/screens/offline_sync_verification_screen.dart
apps/voicememory_mobile/lib/screens/onboarding_intent_screen.dart
apps/voicememory_mobile/lib/screens/onboarding_loop_screen.dart
apps/voicememory_mobile/lib/screens/onboarding_screen.dart
apps/voicememory_mobile/lib/screens/pattern_map_screen.dart
apps/voicememory_mobile/lib/screens/pattern_profile_screen.dart
apps/voicememory_mobile/lib/screens/paywall_screen.dart
apps/voicememory_mobile/lib/screens/pinned_evidence_screen.dart
apps/voicememory_mobile/lib/screens/pressure_check_in_screen.dart
apps/voicememory_mobile/lib/screens/pressure_insights_screen.dart
apps/voicememory_mobile/lib/screens/privacy_screen.dart
apps/voicememory_mobile/lib/screens/pro_interest_screen.dart
apps/voicememory_mobile/lib/screens/pro_value_preview_screen.dart
apps/voicememory_mobile/lib/screens/prove_enough_evidence_trail_screen.dart
apps/voicememory_mobile/lib/screens/quick_text_capture_screen.dart
apps/voicememory_mobile/lib/screens/record_screen.dart
apps/voicememory_mobile/lib/screens/restore_production_verification_screen.dart
apps/voicememory_mobile/lib/screens/restore_purchases_screen.dart
apps/voicememory_mobile/lib/screens/revenuecat_verification_screen.dart
apps/voicememory_mobile/lib/screens/review_ritual_screen.dart
apps/voicememory_mobile/lib/screens/sample_archive_context_screen.dart
apps/voicememory_mobile/lib/screens/sample_archive_screen.dart
apps/voicememory_mobile/lib/screens/search_screen.dart
apps/voicememory_mobile/lib/screens/security_settings_screen.dart
apps/voicememory_mobile/lib/screens/settings_screen.dart
apps/voicememory_mobile/lib/screens/signal_detail_screen.dart
apps/voicememory_mobile/lib/screens/signal_evidence_screen.dart
apps/voicememory_mobile/lib/screens/signal_journey_screen.dart
apps/voicememory_mobile/lib/screens/signal_review_screen.dart
apps/voicememory_mobile/lib/screens/subscription_review_preview.dart
apps/voicememory_mobile/lib/screens/support_feedback_screen.dart
apps/voicememory_mobile/lib/screens/terms_screen.dart
apps/voicememory_mobile/lib/screens/testing_archiveme_screen.dart
apps/voicememory_mobile/lib/screens/then_vs_now_screen.dart
apps/voicememory_mobile/lib/screens/timeline_screen.dart
apps/voicememory_mobile/lib/screens/todays_one_question_screen.dart
apps/voicememory_mobile/lib/screens/trial_control_screen.dart
apps/voicememory_mobile/lib/screens/updates_screen.dart
apps/voicememory_mobile/lib/screens/weekly_archive_review_screen.dart
apps/voicememory_mobile/lib/screens/weekly_story_screen.dart
apps/voicememory_mobile/lib/security/account_privacy_controls_copy.dart
apps/voicememory_mobile/lib/security/api_response_safety.dart
apps/voicememory_mobile/lib/security/api_usage_guard.dart
apps/voicememory_mobile/lib/security/app_lock_gate.dart
apps/voicememory_mobile/lib/security/app_lock_service.dart
apps/voicememory_mobile/lib/security/app_lock_settings.dart
apps/voicememory_mobile/lib/security/app_lock_store.dart
apps/voicememory_mobile/lib/security/app_privacy_shell.dart
apps/voicememory_mobile/lib/security/archive_privacy_controls_copy.dart
apps/voicememory_mobile/lib/security/encrypted_private_store.dart
apps/voicememory_mobile/lib/security/local_privacy_data_controls.dart
apps/voicememory_mobile/lib/security/privacy_copy_policy.dart
apps/voicememory_mobile/lib/security/privacy_data_controls_copy.dart
apps/voicememory_mobile/lib/security/private_data_service.dart
apps/voicememory_mobile/lib/security/private_storage_audit.dart
apps/voicememory_mobile/lib/security/security_settings_copy.dart
apps/voicememory_mobile/lib/security/user_content_safety.dart
apps/voicememory_mobile/lib/services/activation_funnel_analytics.dart
apps/voicememory_mobile/lib/services/app_services.dart
apps/voicememory_mobile/lib/services/auth_service.dart
apps/voicememory_mobile/lib/services/capture_attest_service.dart
apps/voicememory_mobile/lib/services/capture_pipeline_service.dart
apps/voicememory_mobile/lib/services/capture_save_messages.dart
apps/voicememory_mobile/lib/services/product_analytics.dart
apps/voicememory_mobile/lib/services/record_pipeline_log.dart
apps/voicememory_mobile/lib/services/sync_service.dart
apps/voicememory_mobile/lib/startup/archive_me_crash_diagnostics.dart
apps/voicememory_mobile/lib/startup/archive_me_startup.dart
apps/voicememory_mobile/lib/storage/app_storage_paths.dart
apps/voicememory_mobile/lib/storage/encrypted_json_file_store.dart
apps/voicememory_mobile/lib/storage/encrypted_json_storage.dart
apps/voicememory_mobile/lib/storage/entitlement_cache.dart
apps/voicememory_mobile/lib/storage/journal_store.dart
apps/voicememory_mobile/lib/storage/mobile_prefs_store.dart
apps/voicememory_mobile/lib/storage/private_data_encryption_key_store.dart
apps/voicememory_mobile/lib/storage/secure_storage.dart
apps/voicememory_mobile/lib/theme/app_colors.dart
apps/voicememory_mobile/lib/theme/app_theme.dart
apps/voicememory_mobile/lib/theme/discover_section_style.dart
apps/voicememory_mobile/lib/ui/screens/life_os/life_os_graph_screen.dart
apps/voicememory_mobile/lib/widgets/account/account_privacy_controls_section.dart
apps/voicememory_mobile/lib/widgets/account/archive_me_pro_value_section.dart
apps/voicememory_mobile/lib/widgets/account/beta_activation_summary_sheet.dart
apps/voicememory_mobile/lib/widgets/account/beta_feedback_sheet.dart
apps/voicememory_mobile/lib/widgets/account/beta_readiness_check_sheet.dart
apps/voicememory_mobile/lib/widgets/account/beta_test_script_sheet.dart
apps/voicememory_mobile/lib/widgets/account/local_backup_restore_sheet.dart
apps/voicememory_mobile/lib/widgets/account/privacy_trust_centre_screen.dart
apps/voicememory_mobile/lib/widgets/account/pro_utility_expansion_section.dart
apps/voicememory_mobile/lib/widgets/account_archive_stats_card.dart
apps/voicememory_mobile/lib/widgets/action_items/action_item_card.dart
apps/voicememory_mobile/lib/widgets/action_items/action_item_editor_sheet.dart
apps/voicememory_mobile/lib/widgets/action_items/action_item_status_chip.dart
apps/voicememory_mobile/lib/widgets/action_items/remember_this_button.dart
apps/voicememory_mobile/lib/widgets/activation/first_three_journey_card.dart
apps/voicememory_mobile/lib/widgets/activation/first_three_session_journey_indicator.dart
apps/voicememory_mobile/lib/widgets/activation/third_session_archive_usefulness_card.dart
apps/voicememory_mobile/lib/widgets/aha/aha_moment_feedback_row.dart
apps/voicememory_mobile/lib/widgets/aha/first_aha_moment_card.dart
apps/voicememory_mobile/lib/widgets/archive/archive_beliefs_dashboard.dart
apps/voicememory_mobile/lib/widgets/archive/archive_evidence_context_list.dart
apps/voicememory_mobile/lib/widgets/archive/archive_evidence_map_card.dart
apps/voicememory_mobile/lib/widgets/archive/archive_first_comparison_card.dart
apps/voicememory_mobile/lib/widgets/archive/archive_health_action_plan_card.dart
apps/voicememory_mobile/lib/widgets/archive/archive_health_card.dart
apps/voicememory_mobile/lib/widgets/archive/archive_home_summary_card.dart
apps/voicememory_mobile/lib/widgets/archive/archive_insight_card.dart
apps/voicememory_mobile/lib/widgets/archive/archive_insight_feedback_controls.dart
apps/voicememory_mobile/lib/widgets/archive/archive_range_selector.dart
apps/voicememory_mobile/lib/widgets/archive/archive_tab_entry_state_card.dart
apps/voicememory_mobile/lib/widgets/archive/archive_workspace_hint_card.dart
apps/voicememory_mobile/lib/widgets/archive/archive_workspace_quick_actions_card.dart
apps/voicememory_mobile/lib/widgets/archive/archive_workspace_section_heading.dart
apps/voicememory_mobile/lib/widgets/archive/belief_evidence_trail_card.dart
apps/voicememory_mobile/lib/widgets/archive/belief_history_timeline_card.dart
apps/voicememory_mobile/lib/widgets/archive/context_insights_card.dart
apps/voicememory_mobile/lib/widgets/archive/edit_context_tag_sheet.dart
apps/voicememory_mobile/lib/widgets/archive/entry_context_tag_editor.dart
apps/voicememory_mobile/lib/widgets/archive/evidence_attention_filters_card.dart
apps/voicememory_mobile/lib/widgets/archive/insight_quality_dashboard_card.dart
apps/voicememory_mobile/lib/widgets/archive/post_save_archive_home_nudge_card.dart
apps/voicememory_mobile/lib/widgets/archive/weekly_archive_review_card.dart
apps/voicememory_mobile/lib/widgets/archive_belief_header_mobile.dart
apps/voicememory_mobile/lib/widgets/archive_belief_summary_banner.dart
apps/voicememory_mobile/lib/widgets/archive_belief_summary_card.dart
apps/voicememory_mobile/lib/widgets/archive_beliefs_home_section.dart
apps/voicememory_mobile/lib/widgets/archive_calendar_card.dart
apps/voicememory_mobile/lib/widgets/archive_challenge_section.dart
apps/voicememory_mobile/lib/widgets/archive_clarity_progress_card.dart
apps/voicememory_mobile/lib/widgets/archive_controls/archive_moment_actions_sheet.dart
apps/voicememory_mobile/lib/widgets/archive_controls/archive_pattern_exclusion_actions.dart
apps/voicememory_mobile/lib/widgets/archive_daily_change_card.dart
apps/voicememory_mobile/lib/widgets/archive_depth_card.dart
apps/voicememory_mobile/lib/widgets/archive_detail_drawer.dart
apps/voicememory_mobile/lib/widgets/archive_discovery_banner.dart
apps/voicememory_mobile/lib/widgets/archive_discovery_share/archive_discovery_share_card.dart
apps/voicememory_mobile/lib/widgets/archive_discovery_share/share_discovery_button.dart
apps/voicememory_mobile/lib/widgets/archive_discovery_share/share_discovery_sheet.dart
apps/voicememory_mobile/lib/widgets/archive_evidence_panel.dart
apps/voicememory_mobile/lib/widgets/archive_evolution_card.dart
apps/voicememory_mobile/lib/widgets/archive_explanation_card.dart
apps/voicememory_mobile/lib/widgets/archive_growth/archive_growth_card.dart
apps/voicememory_mobile/lib/widgets/archive_growth/archive_journey_banner.dart
apps/voicememory_mobile/lib/widgets/archive_growth/archive_maturity_card.dart
apps/voicememory_mobile/lib/widgets/archive_growth/archive_share_card_widget.dart
apps/voicememory_mobile/lib/widgets/archive_health_line_mobile.dart
apps/voicememory_mobile/lib/widgets/archive_history/archive_history_sheet.dart
apps/voicememory_mobile/lib/widgets/archive_home_header_card.dart
apps/voicememory_mobile/lib/widgets/archive_home_more_tools_section.dart
apps/voicememory_mobile/lib/widgets/archive_insight_card_shell.dart
apps/voicememory_mobile/lib/widgets/archive_interpretation_body.dart
apps/voicememory_mobile/lib/widgets/archive_latest_milestone_mobile.dart
apps/voicememory_mobile/lib/widgets/archive_milestone_timeline_mobile.dart
apps/voicememory_mobile/lib/widgets/archive_milestones_card.dart
apps/voicememory_mobile/lib/widgets/archive_mobile_page_template.dart
apps/voicememory_mobile/lib/widgets/archive_momentum_section.dart
apps/voicememory_mobile/lib/widgets/archive_movement_card.dart
apps/voicememory_mobile/lib/widgets/archive_packs/archive_pack_picker.dart
apps/voicememory_mobile/lib/widgets/archive_packs/archive_pack_scope_badge.dart
apps/voicememory_mobile/lib/widgets/archive_packs/create_archive_pack_sheet.dart
apps/voicememory_mobile/lib/widgets/archive_packs/cross_pack_confirmation_card.dart
apps/voicememory_mobile/lib/widgets/archive_packs/pack_instructions_editor.dart
apps/voicememory_mobile/lib/widgets/archive_paywall/archive_intelligence_proof_section.dart
apps/voicememory_mobile/lib/widgets/archive_paywall/archive_paywall_body.dart
apps/voicememory_mobile/lib/widgets/archive_paywall/paywall_unavailable_fallback.dart
apps/voicememory_mobile/lib/widgets/archive_paywall/pro_memory_upgrade_bridge.dart
apps/voicememory_mobile/lib/widgets/archive_progress_bar_mobile.dart
apps/voicememory_mobile/lib/widgets/archive_progress_identity_card.dart
apps/voicememory_mobile/lib/widgets/archive_pulse_mobile.dart
apps/voicememory_mobile/lib/widgets/archive_quick_explain_card.dart
apps/voicememory_mobile/lib/widgets/archive_reason_to_return_mobile.dart
apps/voicememory_mobile/lib/widgets/archive_reputation_card_mobile.dart
apps/voicememory_mobile/lib/widgets/archive_return_changes_card.dart
apps/voicememory_mobile/lib/widgets/archive_return_reason_card.dart
apps/voicememory_mobile/lib/widgets/archive_search/archive_filter_chips.dart
apps/voicememory_mobile/lib/widgets/archive_search/archive_search_bar.dart
apps/voicememory_mobile/lib/widgets/archive_search/archive_search_result_card.dart
apps/voicememory_mobile/lib/widgets/archive_state_delta_card_mobile.dart
apps/voicememory_mobile/lib/widgets/archive_status_card_mobile.dart
apps/voicememory_mobile/lib/widgets/archive_surprise_card.dart
apps/voicememory_mobile/lib/widgets/archive_v1/archive_belief_evolution_then_now.dart
apps/voicememory_mobile/lib/widgets/archive_v1/archive_belief_hero_card.dart
apps/voicememory_mobile/lib/widgets/archive_v1/archive_change_feed_section.dart
apps/voicememory_mobile/lib/widgets/archive_v1/archive_historian_section.dart
apps/voicememory_mobile/lib/widgets/archive_v1/archive_intelligence_upgrade_card.dart
apps/voicememory_mobile/lib/widgets/archive_v1/archive_milestone_review_section.dart
apps/voicememory_mobile/lib/widgets/archive_v1/archive_monthly_review_section.dart
apps/voicememory_mobile/lib/widgets/archive_v1/archive_surprises_section.dart
apps/voicememory_mobile/lib/widgets/archive_v1/archive_theory_agreement_section.dart
apps/voicememory_mobile/lib/widgets/archive_v1/archive_theory_hero_card.dart
apps/voicememory_mobile/lib/widgets/archive_v1/archive_v1_blind_spots_section.dart
apps/voicememory_mobile/lib/widgets/archive_v1/archive_v1_body.dart
apps/voicememory_mobile/lib/widgets/archive_v1/archive_v1_contradictions_section.dart
apps/voicememory_mobile/lib/widgets/archive_v1/belief_lifecycle_section.dart
apps/voicememory_mobile/lib/widgets/archive_value_banner.dart
apps/voicememory_mobile/lib/widgets/archive_watch_card_mobile.dart
apps/voicememory_mobile/lib/widgets/archive_watchlist_card.dart
apps/voicememory_mobile/lib/widgets/archive_why_button.dart
apps/voicememory_mobile/lib/widgets/archive_worth_statement.dart
apps/voicememory_mobile/lib/widgets/before_you_say_yes_card.dart
apps/voicememory_mobile/lib/widgets/belief_clarity_card.dart
apps/voicememory_mobile/lib/widgets/belief_dossier_compact.dart
apps/voicememory_mobile/lib/widgets/belief_evolution_section.dart
apps/voicememory_mobile/lib/widgets/belief_evolution_timeline.dart
apps/voicememory_mobile/lib/widgets/beta/archive_beta_mission_card.dart
apps/voicememory_mobile/lib/widgets/beta/beta_activation_path_card.dart
apps/voicememory_mobile/lib/widgets/beta/beta_conversion_diagnosis_card.dart
apps/voicememory_mobile/lib/widgets/beta/beta_decision_rule_card.dart
apps/voicememory_mobile/lib/widgets/beta/beta_feedback_capture_card.dart
apps/voicememory_mobile/lib/widgets/beta/beta_feedback_intelligence_card.dart
apps/voicememory_mobile/lib/widgets/beta/beta_feedback_intelligence_sheet.dart
apps/voicememory_mobile/lib/widgets/beta/beta_feedback_summary_card.dart
apps/voicememory_mobile/lib/widgets/beta/beta_fix_playbook_card.dart
apps/voicememory_mobile/lib/widgets/beta/beta_improvement_active_branch_card.dart
apps/voicememory_mobile/lib/widgets/beta/beta_invite_card.dart
apps/voicememory_mobile/lib/widgets/beta/beta_next_build_decision_card.dart
apps/voicememory_mobile/lib/widgets/beta/beta_proof_feedback_row.dart
apps/voicememory_mobile/lib/widgets/beta/beta_repair_lab_card.dart
apps/voicememory_mobile/lib/widgets/beta/beta_tester_outcome_log_card.dart
apps/voicememory_mobile/lib/widgets/beta/beta_tester_report_card.dart
apps/voicememory_mobile/lib/widgets/beta/beta_today_summary_card.dart
apps/voicememory_mobile/lib/widgets/beta/beta_validation_decision_matrix_card.dart
apps/voicememory_mobile/lib/widgets/beta/confirmed_repeat_beta_feedback_card.dart
apps/voicememory_mobile/lib/widgets/beta/core_value_feedback_card.dart
apps/voicememory_mobile/lib/widgets/beta/pro_moment_timing_audit_v2_card.dart
apps/voicememory_mobile/lib/widgets/beta/pro_placement_trigger_audit_card.dart
apps/voicememory_mobile/lib/widgets/beta/purchase_smoke_test_card.dart
apps/voicememory_mobile/lib/widgets/beta/revenue_readiness_dashboard_v2_card.dart
apps/voicememory_mobile/lib/widgets/beta/tester_mission_card.dart
apps/voicememory_mobile/lib/widgets/beta/testflight_metrics_dashboard_card.dart
apps/voicememory_mobile/lib/widgets/beta_feedback_card.dart
apps/voicememory_mobile/lib/widgets/billing/pattern_memory_limit_card.dart
apps/voicememory_mobile/lib/widgets/billing/paywall_objection_follow_up_card.dart
apps/voicememory_mobile/lib/widgets/billing/paywall_rejection_prompt.dart
apps/voicememory_mobile/lib/widgets/billing/paywall_subscription_details_section.dart
apps/voicememory_mobile/lib/widgets/billing/plan_selection_confidence_block.dart
apps/voicememory_mobile/lib/widgets/billing/pro_retention_check_card.dart
apps/voicememory_mobile/lib/widgets/billing/pro_value_preview_card.dart
apps/voicememory_mobile/lib/widgets/billing/purchase_intent_return_cue_card.dart
apps/voicememory_mobile/lib/widgets/billing/value_moment_pro_bridge.dart
apps/voicememory_mobile/lib/widgets/bulk_actions/archive_selection_bar.dart
apps/voicememory_mobile/lib/widgets/bulk_actions/bulk_action_sheet.dart
apps/voicememory_mobile/lib/widgets/bulk_actions/bulk_actions_flow.dart
apps/voicememory_mobile/lib/widgets/bulk_actions/bulk_delete_confirmation_sheet.dart
apps/voicememory_mobile/lib/widgets/capacity_activation_fit_card.dart
apps/voicememory_mobile/lib/widgets/capacity_beta_mission_card.dart
apps/voicememory_mobile/lib/widgets/capacity_beta_signal_card.dart
apps/voicememory_mobile/lib/widgets/capacity_boundary_response_card.dart
apps/voicememory_mobile/lib/widgets/capacity_cost_later_card.dart
apps/voicememory_mobile/lib/widgets/capacity_decision_outcome_card.dart
apps/voicememory_mobile/lib/widgets/capacity_loop_card.dart
apps/voicememory_mobile/lib/widgets/capacity_pull_reason_card.dart
apps/voicememory_mobile/lib/widgets/capacity_return_trigger_card.dart
apps/voicememory_mobile/lib/widgets/capacity_three_moment_card.dart
apps/voicememory_mobile/lib/widgets/capacity_weekly_review_card.dart
apps/voicememory_mobile/lib/widgets/capture_entry_actions.dart
apps/voicememory_mobile/lib/widgets/collections/add_to_collection_sheet.dart
apps/voicememory_mobile/lib/widgets/collections/collection_card.dart
apps/voicememory_mobile/lib/widgets/collections/collection_chip.dart
apps/voicememory_mobile/lib/widgets/collections/create_collection_sheet.dart
apps/voicememory_mobile/lib/widgets/common/contextual_privacy_reassurance.dart
apps/voicememory_mobile/lib/widgets/common/pro_packaging_bridge_line.dart
apps/voicememory_mobile/lib/widgets/common/surface_priority_debug_badge.dart
apps/voicememory_mobile/lib/widgets/comparison_card.dart
apps/voicememory_mobile/lib/widgets/consumer/consumer_screen_back_header.dart
apps/voicememory_mobile/lib/widgets/daily_archive_exercise_card.dart
apps/voicememory_mobile/lib/widgets/daily_archive_noticed_section.dart
apps/voicememory_mobile/lib/widgets/debug/activation_dropoff_review_card.dart
apps/voicememory_mobile/lib/widgets/debug/beta_metrics_decision_card.dart
apps/voicememory_mobile/lib/widgets/debug/beta_release_qa_card.dart
apps/voicememory_mobile/lib/widgets/debug/beta_report_export_card.dart
apps/voicememory_mobile/lib/widgets/debug/core_metrics_minimum_set_card.dart
apps/voicememory_mobile/lib/widgets/debug/pro_access_enforcement_audit_card.dart
apps/voicememory_mobile/lib/widgets/debug/proof_of_value_card.dart
apps/voicememory_mobile/lib/widgets/debug/proof_value_bottleneck_playbook_card.dart
apps/voicememory_mobile/lib/widgets/debug/release_candidate_smoke_card.dart
apps/voicememory_mobile/lib/widgets/debug/revenue_readiness_card.dart
apps/voicememory_mobile/lib/widgets/debug_only_unavailable.dart
apps/voicememory_mobile/lib/widgets/demo/demo_share_pack_card.dart
apps/voicememory_mobile/lib/widgets/demo/sample_archive_banner.dart
apps/voicememory_mobile/lib/widgets/demo/sample_archive_demo_paths_card.dart
apps/voicememory_mobile/lib/widgets/demo/sample_archive_entry_card.dart
apps/voicememory_mobile/lib/widgets/demo/sample_archive_starter_prompts_card.dart
apps/voicememory_mobile/lib/widgets/demo/sample_archive_tour_card.dart
apps/voicememory_mobile/lib/widgets/early_archive_insight_card.dart
apps/voicememory_mobile/lib/widgets/empty_states/search_empty_state.dart
apps/voicememory_mobile/lib/widgets/evidence_locker_compact.dart
apps/voicememory_mobile/lib/widgets/evidence_trail/evidence_source_card.dart
apps/voicememory_mobile/lib/widgets/evidence_trail/evidence_trail_sheet.dart
apps/voicememory_mobile/lib/widgets/evidence_trail/why_am_i_seeing_this_button.dart
apps/voicememory_mobile/lib/widgets/expandable_observation_field.dart
apps/voicememory_mobile/lib/widgets/export/export_selected_sheet.dart
apps/voicememory_mobile/lib/widgets/export/private_recap_actions.dart
apps/voicememory_mobile/lib/widgets/fact_ledger/fact_card.dart
apps/voicememory_mobile/lib/widgets/fact_ledger/fact_editor_sheet.dart
apps/voicememory_mobile/lib/widgets/fact_ledger/fact_type_chip.dart
apps/voicememory_mobile/lib/widgets/fact_ledger/save_as_fact_button.dart
apps/voicememory_mobile/lib/widgets/feedback/archive_feedback_chips.dart
apps/voicememory_mobile/lib/widgets/first_archive_insight_section.dart
apps/voicememory_mobile/lib/widgets/first_reflection_archive_section.dart
apps/voicememory_mobile/lib/widgets/first_session/day_seven_continuity_card.dart
apps/voicememory_mobile/lib/widgets/first_session/day_two_reminder_card.dart
apps/voicememory_mobile/lib/widgets/first_session/day_two_return_preview_card.dart
apps/voicememory_mobile/lib/widgets/first_session/first_recording_sample_card.dart
apps/voicememory_mobile/lib/widgets/first_session/first_save_rescue_card.dart
apps/voicememory_mobile/lib/widgets/first_session/first_session_explanation_card.dart
apps/voicememory_mobile/lib/widgets/first_session/two_day_activation_card.dart
apps/voicememory_mobile/lib/widgets/first_week_path_card.dart
apps/voicememory_mobile/lib/widgets/immediate_archive_value_sections.dart
apps/voicememory_mobile/lib/widgets/immediate_discovery_card.dart
apps/voicememory_mobile/lib/widgets/indigo_capture_waveform.dart
apps/voicememory_mobile/lib/widgets/insight_feedback_actions.dart
apps/voicememory_mobile/lib/widgets/instant_archive_belief_card.dart
apps/voicememory_mobile/lib/widgets/instant_reflection_response_card.dart
apps/voicememory_mobile/lib/widgets/language/language_indicator_chip.dart
apps/voicememory_mobile/lib/widgets/live_voice/live_voice_connection_pill.dart
apps/voicememory_mobile/lib/widgets/live_voice/live_voice_speaking_waveform.dart
apps/voicememory_mobile/lib/widgets/live_voice/live_voice_status_card.dart
apps/voicememory_mobile/lib/widgets/live_voice/live_voice_transcript_preview.dart
apps/voicememory_mobile/lib/widgets/living_archive_quick_view.dart
apps/voicememory_mobile/lib/widgets/loop_mode/loop_mode_progress_card.dart
apps/voicememory_mobile/lib/widgets/loop_mode/loop_paywall_teaser_card.dart
apps/voicememory_mobile/lib/widgets/low_effort_prompts.dart
apps/voicememory_mobile/lib/widgets/low_effort_yes_capture_card.dart
apps/voicememory_mobile/lib/widgets/main_shell.dart
apps/voicememory_mobile/lib/widgets/major_belief_changes_section.dart
apps/voicememory_mobile/lib/widgets/memory/clean_slate_prompt_card.dart
apps/voicememory_mobile/lib/widgets/memory/clean_slate_prompt_section.dart
apps/voicememory_mobile/lib/widgets/memory/cross_thread_confirmation_card.dart
apps/voicememory_mobile/lib/widgets/memory/curated_memory_receipt.dart
apps/voicememory_mobile/lib/widgets/memory/do_not_surface_receipt.dart
apps/voicememory_mobile/lib/widgets/memory/entry_aboutness_editor.dart
apps/voicememory_mobile/lib/widgets/memory/entry_aboutness_picker.dart
apps/voicememory_mobile/lib/widgets/memory/entry_memory_scope_picker.dart
apps/voicememory_mobile/lib/widgets/memory/entry_options_section.dart
apps/voicememory_mobile/lib/widgets/memory/entry_thread_picker.dart
apps/voicememory_mobile/lib/widgets/memory/fresh_entry_choice.dart
apps/voicememory_mobile/lib/widgets/memory/fresh_next_entry_card.dart
apps/voicememory_mobile/lib/widgets/memory/keep_exact_details_control.dart
apps/voicememory_mobile/lib/widgets/memory/memory_authority_frame_card.dart
apps/voicememory_mobile/lib/widgets/memory/memory_authority_framing_sheet.dart
apps/voicememory_mobile/lib/widgets/memory/memory_card_visibility_controls.dart
apps/voicememory_mobile/lib/widgets/memory/memory_connection_actions_row.dart
apps/voicememory_mobile/lib/widgets/memory/memory_evidence_inspect_sheet.dart
apps/voicememory_mobile/lib/widgets/memory/memory_governance_notice.dart
apps/voicememory_mobile/lib/widgets/memory/memory_priority_badge.dart
apps/voicememory_mobile/lib/widgets/memory/memory_priority_explanation_sheet.dart
apps/voicememory_mobile/lib/widgets/memory/memory_relevance_chip.dart
apps/voicememory_mobile/lib/widgets/memory/memory_reliability_badge.dart
apps/voicememory_mobile/lib/widgets/memory/memory_scope_control.dart
apps/voicememory_mobile/lib/widgets/memory/memory_scope_settings_section.dart
apps/voicememory_mobile/lib/widgets/memory/memory_surfacing_editor.dart
apps/voicememory_mobile/lib/widgets/memory/memory_surfacing_picker.dart
apps/voicememory_mobile/lib/widgets/memory/memory_used_indicator.dart
apps/voicememory_mobile/lib/widgets/memory/memory_used_receipt.dart
apps/voicememory_mobile/lib/widgets/memory/new_thread_sheet.dart
apps/voicememory_mobile/lib/widgets/memory/not_about_me_receipt.dart
apps/voicememory_mobile/lib/widgets/memory/not_important_action.dart
apps/voicememory_mobile/lib/widgets/memory/not_related_action.dart
apps/voicememory_mobile/lib/widgets/memory/original_evidence_block.dart
apps/voicememory_mobile/lib/widgets/memory/preserve_original_control.dart
apps/voicememory_mobile/lib/widgets/memory/sensitive_surfacing_notice.dart
apps/voicememory_mobile/lib/widgets/memory/sensitive_surfacing_receipt.dart
apps/voicememory_mobile/lib/widgets/memory/treat_as_new_control.dart
apps/voicememory_mobile/lib/widgets/memory/why_memory_appeared_sheet.dart
apps/voicememory_mobile/lib/widgets/memory_resurfacing_section.dart
apps/voicememory_mobile/lib/widgets/milestone_share_card.dart
apps/voicememory_mobile/lib/widgets/moment_quality_card.dart
apps/voicememory_mobile/lib/widgets/next_action/next_best_action_line.dart
apps/voicememory_mobile/lib/widgets/next_evidence_plan_card.dart
apps/voicememory_mobile/lib/widgets/objective/current_objective_card.dart
apps/voicememory_mobile/lib/widgets/onboarding/archive_journey_explainer_card.dart
apps/voicememory_mobile/lib/widgets/onboarding/archive_memory_demo_card.dart
apps/voicememory_mobile/lib/widgets/onboarding/change_starts_card.dart
apps/voicememory_mobile/lib/widgets/onboarding/day2_change_bridge_card.dart
apps/voicememory_mobile/lib/widgets/onboarding/first_60_second_intro_card.dart
apps/voicememory_mobile/lib/widgets/onboarding/first_archive_helper_card.dart
apps/voicememory_mobile/lib/widgets/onboarding/first_archive_value_card.dart
apps/voicememory_mobile/lib/widgets/onboarding/first_proof_journey_strip_card.dart
apps/voicememory_mobile/lib/widgets/onboarding/first_recording_value_card.dart
apps/voicememory_mobile/lib/widgets/onboarding/first_save_evidence_card.dart
apps/voicememory_mobile/lib/widgets/onboarding/pro_archive_continuity_bridge.dart
apps/voicememory_mobile/lib/widgets/onboarding/pro_archive_continuity_card.dart
apps/voicememory_mobile/lib/widgets/onboarding/pro_continuity_bridge_card.dart
apps/voicememory_mobile/lib/widgets/onboarding/record_once_intro_card.dart
apps/voicememory_mobile/lib/widgets/onboarding/repeat_post_save_card.dart
apps/voicememory_mobile/lib/widgets/onboarding/tomorrow_return_card.dart
apps/voicememory_mobile/lib/widgets/onboarding/tomorrow_return_cue_card.dart
apps/voicememory_mobile/lib/widgets/paid_intent_confirmation_card.dart
apps/voicememory_mobile/lib/widgets/pattern_card.dart
apps/voicememory_mobile/lib/widgets/patterns/active_pattern_thread_card.dart
apps/voicememory_mobile/lib/widgets/patterns/archive_belief_correction_actions.dart
apps/voicememory_mobile/lib/widgets/patterns/archive_belief_surface_card.dart
apps/voicememory_mobile/lib/widgets/patterns/archive_belief_thread_card.dart
apps/voicememory_mobile/lib/widgets/patterns/archive_change_timeline_card.dart
apps/voicememory_mobile/lib/widgets/patterns/archive_clean_view_card.dart
apps/voicememory_mobile/lib/widgets/patterns/archive_compression_card.dart
apps/voicememory_mobile/lib/widgets/patterns/archive_demo_preview_card.dart
apps/voicememory_mobile/lib/widgets/patterns/archive_evidence_timeline.dart
apps/voicememory_mobile/lib/widgets/patterns/archive_evolution_timeline_card.dart
apps/voicememory_mobile/lib/widgets/patterns/archive_intelligence_pro_bridge_card.dart
apps/voicememory_mobile/lib/widgets/patterns/archive_memory_empty_preview_card.dart
apps/voicememory_mobile/lib/widgets/patterns/archive_memory_summary_card.dart
apps/voicememory_mobile/lib/widgets/patterns/archive_oh_wow_moment_card.dart
apps/voicememory_mobile/lib/widgets/patterns/archive_paid_value_proof_card.dart
apps/voicememory_mobile/lib/widgets/patterns/archive_range_review_card.dart
apps/voicememory_mobile/lib/widgets/patterns/archive_secondary_nav_links.dart
apps/voicememory_mobile/lib/widgets/patterns/archive_timeline_spine_card.dart
apps/voicememory_mobile/lib/widgets/patterns/archive_timeline_truth_feedback_card.dart
apps/voicememory_mobile/lib/widgets/patterns/belief_change_moment_card.dart
apps/voicememory_mobile/lib/widgets/patterns/beta_proof_lift_card.dart
apps/voicememory_mobile/lib/widgets/patterns/change_summary_card.dart
apps/voicememory_mobile/lib/widgets/patterns/correction_memory_card.dart
apps/voicememory_mobile/lib/widgets/patterns/current_relevance_card.dart
apps/voicememory_mobile/lib/widgets/patterns/early_evidence_timeline_demo_section.dart
apps/voicememory_mobile/lib/widgets/patterns/evidence_weighting_card.dart
apps/voicememory_mobile/lib/widgets/patterns/first_loop_state_card.dart
apps/voicememory_mobile/lib/widgets/patterns/habit_proof_card.dart
apps/voicememory_mobile/lib/widgets/patterns/helpful_action_appeared_card.dart
apps/voicememory_mobile/lib/widgets/patterns/kinder_angle_card.dart
apps/voicememory_mobile/lib/widgets/patterns/memory_quality_chip.dart
apps/voicememory_mobile/lib/widgets/patterns/missed_check_in_reason_prompt.dart
apps/voicememory_mobile/lib/widgets/patterns/monthly_pattern_review_card.dart
apps/voicememory_mobile/lib/widgets/patterns/not_relevant_recovery_card.dart
apps/voicememory_mobile/lib/widgets/patterns/pattern_confidence_badge.dart
apps/voicememory_mobile/lib/widgets/patterns/pattern_confidence_card.dart
apps/voicememory_mobile/lib/widgets/patterns/pattern_correction_sheet.dart
apps/voicememory_mobile/lib/widgets/patterns/pattern_detail_sheet.dart
apps/voicememory_mobile/lib/widgets/patterns/pattern_lifecycle_badge.dart
apps/voicememory_mobile/lib/widgets/patterns/pattern_map_card.dart
apps/voicememory_mobile/lib/widgets/patterns/pattern_memory_card.dart
apps/voicememory_mobile/lib/widgets/patterns/pattern_name_confirmation_card.dart
apps/voicememory_mobile/lib/widgets/patterns/pattern_next_action_card.dart
apps/voicememory_mobile/lib/widgets/patterns/pattern_profile_card.dart
apps/voicememory_mobile/lib/widgets/patterns/pattern_progress_card.dart
apps/voicememory_mobile/lib/widgets/patterns/pattern_share_recap_card.dart
apps/voicememory_mobile/lib/widgets/patterns/patterns_check_in_status_card.dart
apps/voicememory_mobile/lib/widgets/patterns/patterns_come_back_tomorrow_card.dart
apps/voicememory_mobile/lib/widgets/patterns/patterns_deep_links.dart
apps/voicememory_mobile/lib/widgets/patterns/patterns_empty_view.dart
apps/voicememory_mobile/lib/widgets/patterns/patterns_evidence_quality_fallback_view.dart
apps/voicememory_mobile/lib/widgets/patterns/patterns_first_archive_view.dart
apps/voicememory_mobile/lib/widgets/patterns/patterns_mind_map_forming_card.dart
apps/voicememory_mobile/lib/widgets/patterns/patterns_signals_waiting_card.dart
apps/voicememory_mobile/lib/widgets/patterns/patterns_thought_map_preview_card.dart
apps/voicememory_mobile/lib/widgets/patterns/patterns_transcript_pending_view.dart
apps/voicememory_mobile/lib/widgets/patterns/present_day_relevance_card.dart
apps/voicememory_mobile/lib/widgets/patterns/proof_quality_response_card.dart
apps/voicememory_mobile/lib/widgets/patterns/proof_specificity_boost_card.dart
apps/voicememory_mobile/lib/widgets/patterns/proof_specificity_card.dart
apps/voicememory_mobile/lib/widgets/patterns/quiet_signal_card.dart
apps/voicememory_mobile/lib/widgets/patterns/rename_pattern_sheet.dart
apps/voicememory_mobile/lib/widgets/patterns/return_comparison_card.dart
apps/voicememory_mobile/lib/widgets/patterns/return_streak_card.dart
apps/voicememory_mobile/lib/widgets/patterns/timeline_positioning_card.dart
apps/voicememory_mobile/lib/widgets/patterns/timeline_proof_moment_card.dart
apps/voicememory_mobile/lib/widgets/patterns/tomorrow_return_status_card.dart
apps/voicememory_mobile/lib/widgets/patterns/trial_usefulness_prompt.dart
apps/voicememory_mobile/lib/widgets/patterns/watch_for_result_card.dart
apps/voicememory_mobile/lib/widgets/patterns/weekly_pattern_recap_card.dart
apps/voicememory_mobile/lib/widgets/patterns/weekly_recap_card.dart
apps/voicememory_mobile/lib/widgets/patterns/weekly_what_changed_review_card.dart
apps/voicememory_mobile/lib/widgets/patterns/what_changed_since_last_time_card.dart
apps/voicememory_mobile/lib/widgets/paywall/purchase_confidence_card.dart
apps/voicememory_mobile/lib/widgets/pins/pin_entry_button.dart
apps/voicememory_mobile/lib/widgets/placeholder_panel.dart
apps/voicememory_mobile/lib/widgets/possible_belief_change_section.dart
apps/voicememory_mobile/lib/widgets/post_save_archive_evolution_card.dart
apps/voicememory_mobile/lib/widgets/potential_signals_card.dart
apps/voicememory_mobile/lib/widgets/pressure_retention/archive_proof_counter_card.dart
apps/voicememory_mobile/lib/widgets/pressure_retention/ask_the_archive_card.dart
apps/voicememory_mobile/lib/widgets/pressure_retention/belief_distance_card.dart
apps/voicememory_mobile/lib/widgets/pressure_retention/guided_thread_plan_card.dart
apps/voicememory_mobile/lib/widgets/pressure_retention/pressure_confidence_label.dart
apps/voicememory_mobile/lib/widgets/pressure_retention/pressure_first_week_nudge.dart
apps/voicememory_mobile/lib/widgets/pressure_retention/pressure_first_win_card.dart
apps/voicememory_mobile/lib/widgets/pressure_retention/pressure_insights_empty_state.dart
apps/voicememory_mobile/lib/widgets/pressure_retention/pressure_loop_visibility_card.dart
apps/voicememory_mobile/lib/widgets/pressure_retention/pressure_micro_experiment_card.dart
apps/voicememory_mobile/lib/widgets/pressure_retention/pressure_pattern_reveal_card.dart
apps/voicememory_mobile/lib/widgets/pressure_retention/pressure_pattern_review_card.dart
apps/voicememory_mobile/lib/widgets/pressure_retention/pressure_personal_evidence_summary_card.dart
apps/voicememory_mobile/lib/widgets/pressure_retention/pressure_pro_upgrade_card.dart
apps/voicememory_mobile/lib/widgets/pressure_retention/pressure_quick_save_success.dart
apps/voicememory_mobile/lib/widgets/pressure_retention/pressure_report_share_button.dart
apps/voicememory_mobile/lib/widgets/pressure_retention/pressure_return_trigger_card.dart
apps/voicememory_mobile/lib/widgets/pressure_retention/pressure_return_trigger_reminder.dart
apps/voicememory_mobile/lib/widgets/pressure_retention/pressure_weekly_recap_card.dart
apps/voicememory_mobile/lib/widgets/pressure_retention/shareable_archive_proof_card.dart
apps/voicememory_mobile/lib/widgets/pressure_retention/thread_return_evidence_card.dart
apps/voicememory_mobile/lib/widgets/pressure_retention/value_accuracy_feedback_row.dart
apps/voicememory_mobile/lib/widgets/pressure_retention/weekly_thread_review_card.dart
apps/voicememory_mobile/lib/widgets/private_report/private_report_sheet.dart
apps/voicememory_mobile/lib/widgets/pro/archive_backup_bridge_card.dart
apps/voicememory_mobile/lib/widgets/pro/archive_backup_bridge_sheet.dart
apps/voicememory_mobile/lib/widgets/pro/evidence_trail_clarity_card.dart
apps/voicememory_mobile/lib/widgets/pro/monthly_private_report_preview_card.dart
apps/voicememory_mobile/lib/widgets/pro/monthly_private_report_preview_sheet.dart
apps/voicememory_mobile/lib/widgets/pro/paywall_cta_lift_block.dart
apps/voicememory_mobile/lib/widgets/pro/paywall_objection_section.dart
apps/voicememory_mobile/lib/widgets/pro/paywall_value_repair_card.dart
apps/voicememory_mobile/lib/widgets/pro/pricing_validation_card.dart
apps/voicememory_mobile/lib/widgets/pro/pricing_value_framing_card.dart
apps/voicememory_mobile/lib/widgets/pro/pro_bridge_visibility_card.dart
apps/voicememory_mobile/lib/widgets/pro/pro_evidence_value_card.dart
apps/voicememory_mobile/lib/widgets/pro/pro_evidence_value_sheet.dart
apps/voicememory_mobile/lib/widgets/pro/pro_lock_moment_card.dart
apps/voicememory_mobile/lib/widgets/pro/pro_lock_moment_sheet.dart
apps/voicememory_mobile/lib/widgets/pro/pro_preview_card.dart
apps/voicememory_mobile/lib/widgets/pro/pro_understanding_lift_card.dart
apps/voicememory_mobile/lib/widgets/pro/pro_visibility_lift_card.dart
apps/voicememory_mobile/lib/widgets/pro_interest_link_card.dart
apps/voicememory_mobile/lib/widgets/pro_value_preview_card.dart
apps/voicememory_mobile/lib/widgets/processing_background_card.dart
apps/voicememory_mobile/lib/widgets/proof/proof_floor_rescue_card.dart
apps/voicememory_mobile/lib/widgets/proof/proof_surface_why_appeared_disclosure.dart
apps/voicememory_mobile/lib/widgets/protect_archive_banner.dart
apps/voicememory_mobile/lib/widgets/prove_enough/choice_vs_pressure_card.dart
apps/voicememory_mobile/lib/widgets/prove_enough/contradiction_capture_card.dart
apps/voicememory_mobile/lib/widgets/prove_enough/enoughness_score_card.dart
apps/voicememory_mobile/lib/widgets/prove_enough/loop_trigger_map_card.dart
apps/voicememory_mobile/lib/widgets/prove_enough/loop_trigger_map_section.dart
apps/voicememory_mobile/lib/widgets/prove_enough/monthly_ambition_pressure_review_card.dart
apps/voicememory_mobile/lib/widgets/prove_enough/monthly_ambition_pressure_review_section.dart
apps/voicememory_mobile/lib/widgets/prove_enough/next_evidence_mission_card.dart
apps/voicememory_mobile/lib/widgets/prove_enough/prove_enough_pattern_report_export_button.dart
apps/voicememory_mobile/lib/widgets/prove_enough/prove_enough_post_record_payoff.dart
apps/voicememory_mobile/lib/widgets/prove_enough/prove_enough_retention_panel.dart
apps/voicememory_mobile/lib/widgets/prove_enough/stop_cost_prompt_card.dart
apps/voicememory_mobile/lib/widgets/pushed_screen_shell.dart
apps/voicememory_mobile/lib/widgets/question_the_archive_mobile.dart
apps/voicememory_mobile/lib/widgets/quick_capture_friction_card.dart
apps/voicememory_mobile/lib/widgets/quick_help/quick_help_button.dart
apps/voicememory_mobile/lib/widgets/quick_help/quick_help_sheet.dart
apps/voicememory_mobile/lib/widgets/record/active_pattern_thread_prompt_card.dart
apps/voicememory_mobile/lib/widgets/record/analysis_fallback_payoff_card.dart
apps/voicememory_mobile/lib/widgets/record/archive_summary_card.dart
apps/voicememory_mobile/lib/widgets/record/archive_watching_micro_state.dart
apps/voicememory_mobile/lib/widgets/record/belief_update_payoff_card.dart
apps/voicememory_mobile/lib/widgets/record/beta_test_script_card.dart
apps/voicememory_mobile/lib/widgets/record/better_first_record_prompt_card.dart
apps/voicememory_mobile/lib/widgets/record/capacity_yes_record_prompt_card.dart
apps/voicememory_mobile/lib/widgets/record/capture_context_tag_card.dart
apps/voicememory_mobile/lib/widgets/record/capture_freedom_line.dart
apps/voicememory_mobile/lib/widgets/record/capture_recovery_hint_strip.dart
apps/voicememory_mobile/lib/widgets/record/chat_differentiation_sheet.dart
apps/voicememory_mobile/lib/widgets/record/check_in_completed_card.dart
apps/voicememory_mobile/lib/widgets/record/come_back_tomorrow_card.dart
apps/voicememory_mobile/lib/widgets/record/come_back_tomorrow_quiet_signal_card.dart
apps/voicememory_mobile/lib/widgets/record/confirmed_repeat_change_notice_card.dart
apps/voicememory_mobile/lib/widgets/record/confirmed_repeat_helpful_action_payoff_card.dart
apps/voicememory_mobile/lib/widgets/record/confirmed_repeat_thought_map_card.dart
apps/voicememory_mobile/lib/widgets/record/confirmed_repeat_trigger_payoff_card.dart
apps/voicememory_mobile/lib/widgets/record/confirmed_repeat_why_matters_card.dart
apps/voicememory_mobile/lib/widgets/record/consumer_record_prompts_section.dart
apps/voicememory_mobile/lib/widgets/record/correct_transcript_sheet.dart
apps/voicememory_mobile/lib/widgets/record/curiosity_hook_card.dart
apps/voicememory_mobile/lib/widgets/record/daily_archive_exercise_record_card.dart
apps/voicememory_mobile/lib/widgets/record/daily_archive_memory_card.dart
apps/voicememory_mobile/lib/widgets/record/daily_mirror_record_card.dart
apps/voicememory_mobile/lib/widgets/record/daily_return_reason_card.dart
apps/voicememory_mobile/lib/widgets/record/daily_return_suggestions_card.dart
apps/voicememory_mobile/lib/widgets/record/day_two_return_loop_card.dart
apps/voicememory_mobile/lib/widgets/record/done_for_today_receipt_card.dart
apps/voicememory_mobile/lib/widgets/record/early_archive_insight_feedback_row.dart
apps/voicememory_mobile/lib/widgets/record/early_archive_insight_why_section.dart
apps/voicememory_mobile/lib/widgets/record/early_archive_return_reminder_card.dart
apps/voicememory_mobile/lib/widgets/record/early_behavior_loop_card.dart
apps/voicememory_mobile/lib/widgets/record/early_evidence_timeline_card.dart
apps/voicememory_mobile/lib/widgets/record/early_first_signal_card.dart
apps/voicememory_mobile/lib/widgets/record/early_repeat_progress_card.dart
apps/voicememory_mobile/lib/widgets/record/early_saved_moments_sheet.dart
apps/voicememory_mobile/lib/widgets/record/early_specific_insight_card.dart
apps/voicememory_mobile/lib/widgets/record/entry_direction_starters.dart
apps/voicememory_mobile/lib/widgets/record/entry_importance_button.dart
apps/voicememory_mobile/lib/widgets/record/evidence_context_tag_card.dart
apps/voicememory_mobile/lib/widgets/record/example_prompt_chips.dart
apps/voicememory_mobile/lib/widgets/record/example_prompt_chips_loader.dart
apps/voicememory_mobile/lib/widgets/record/first_entry_saved_receipt_card.dart
apps/voicememory_mobile/lib/widgets/record/first_insight_sharpness_row.dart
apps/voicememory_mobile/lib/widgets/record/first_loop_ready_card.dart
apps/voicememory_mobile/lib/widgets/record/first_loop_start_card.dart
apps/voicememory_mobile/lib/widgets/record/first_moment_capture_card.dart
apps/voicememory_mobile/lib/widgets/record/first_proof_action_loop_card.dart
apps/voicememory_mobile/lib/widgets/record/first_proof_moment_card.dart
apps/voicememory_mobile/lib/widgets/record/first_proof_payoff_card.dart
apps/voicememory_mobile/lib/widgets/record/first_proof_truth_card.dart
apps/voicememory_mobile/lib/widgets/record/first_recording_handoff_card.dart
apps/voicememory_mobile/lib/widgets/record/first_reflection_result_card.dart
apps/voicememory_mobile/lib/widgets/record/first_run_positioning_card.dart
apps/voicememory_mobile/lib/widgets/record/first_save_lift_card.dart
apps/voicememory_mobile/lib/widgets/record/first_session_lift_card.dart
apps/voicememory_mobile/lib/widgets/record/first_session_onboarding_card.dart
apps/voicememory_mobile/lib/widgets/record/first_session_pattern_card.dart
apps/voicememory_mobile/lib/widgets/record/first_session_proof_repair_card.dart
apps/voicememory_mobile/lib/widgets/record/first_use_wording_helper_card.dart
apps/voicememory_mobile/lib/widgets/record/first_week_loop_card.dart
apps/voicememory_mobile/lib/widgets/record/first_week_progress_line.dart
apps/voicememory_mobile/lib/widgets/record/focused_type_entry_examples_panel.dart
apps/voicememory_mobile/lib/widgets/record/habit_proof_card.dart
apps/voicememory_mobile/lib/widgets/record/helped_tracking_card.dart
apps/voicememory_mobile/lib/widgets/record/helped_tracking_sheet.dart
apps/voicememory_mobile/lib/widgets/record/input_quality_coach_card.dart
apps/voicememory_mobile/lib/widgets/record/kinder_angle_card.dart
apps/voicememory_mobile/lib/widgets/record/loop_mode_first_handoff_card.dart
apps/voicememory_mobile/lib/widgets/record/low_effort_check_in_card.dart
apps/voicememory_mobile/lib/widgets/record/low_evidence_guidance_card.dart
apps/voicememory_mobile/lib/widgets/record/low_friction_return_card.dart
apps/voicememory_mobile/lib/widgets/record/make_result_more_useful_sheet.dart
apps/voicememory_mobile/lib/widgets/record/microphone_permission_blocked_panel.dart
apps/voicememory_mobile/lib/widgets/record/moment_quality_feedback_card.dart
apps/voicememory_mobile/lib/widgets/record/navigate_to_capture_mode.dart
apps/voicememory_mobile/lib/widgets/record/next_evidence_prompt_card.dart
apps/voicememory_mobile/lib/widgets/record/next_moment_prompt_card.dart
apps/voicememory_mobile/lib/widgets/record/one_small_recording_card.dart
apps/voicememory_mobile/lib/widgets/record/open_capture_prompt_chips.dart
apps/voicememory_mobile/lib/widgets/record/pattern_changed_card.dart
apps/voicememory_mobile/lib/widgets/record/pattern_hypothesis_card.dart
apps/voicememory_mobile/lib/widgets/record/pattern_memory_after_save_card.dart
apps/voicememory_mobile/lib/widgets/record/pattern_next_action_card.dart
apps/voicememory_mobile/lib/widgets/record/pattern_progress_after_save_card.dart
apps/voicememory_mobile/lib/widgets/record/pending_transcript_recovery_prompt.dart
apps/voicememory_mobile/lib/widgets/record/pending_transcript_recovery_sheet.dart
apps/voicememory_mobile/lib/widgets/record/perspective_shift_card.dart
apps/voicememory_mobile/lib/widgets/record/positive_pattern_card.dart
apps/voicememory_mobile/lib/widgets/record/positive_reinforcement_card.dart
apps/voicememory_mobile/lib/widgets/record/post_save_belief_insight.dart
apps/voicememory_mobile/lib/widgets/record/post_save_clearer_moment_banner.dart
apps/voicememory_mobile/lib/widgets/record/post_save_focused_actions_bar.dart
apps/voicememory_mobile/lib/widgets/record/post_save_insight_choice_card.dart
apps/voicememory_mobile/lib/widgets/record/post_save_listening_card.dart
apps/voicememory_mobile/lib/widgets/record/post_save_moment_detail_sheet.dart
apps/voicememory_mobile/lib/widgets/record/post_save_recorded_summary_card.dart
apps/voicememory_mobile/lib/widgets/record/post_save_return_check_answer_card.dart
apps/voicememory_mobile/lib/widgets/record/post_save_return_handoff_card.dart
apps/voicememory_mobile/lib/widgets/record/private_archive_report_card.dart
apps/voicememory_mobile/lib/widgets/record/proof_emotional_clarity_correction_row.dart
apps/voicememory_mobile/lib/widgets/record/quiet_signal_record_card.dart
apps/voicememory_mobile/lib/widgets/record/read_micro_feedback_row.dart
apps/voicememory_mobile/lib/widgets/record/record_capture_modes_card.dart
apps/voicememory_mobile/lib/widgets/record/record_empty_archive_card.dart
apps/voicememory_mobile/lib/widgets/record/record_first_run_privacy_reassurance.dart
apps/voicememory_mobile/lib/widgets/record/record_first_run_promise_card.dart
apps/voicememory_mobile/lib/widgets/record/record_first_use_capture_section.dart
apps/voicememory_mobile/lib/widgets/record/record_first_use_prompt_block.dart
apps/voicememory_mobile/lib/widgets/record/record_help_prompt_sheet.dart
apps/voicememory_mobile/lib/widgets/record/record_how_it_works_sheet.dart
apps/voicememory_mobile/lib/widgets/record/record_screen_close_button.dart
apps/voicememory_mobile/lib/widgets/record/record_top_archive_promise_hero.dart
apps/voicememory_mobile/lib/widgets/record/repeat_return_check_card.dart
apps/voicememory_mobile/lib/widgets/record/repeat_return_check_change_proof_card.dart
apps/voicememory_mobile/lib/widgets/record/result_next_check_card.dart
apps/voicememory_mobile/lib/widgets/record/return_after_proof_card.dart
apps/voicememory_mobile/lib/widgets/record/return_after_proof_lift_v2_card.dart
apps/voicememory_mobile/lib/widgets/record/return_check_payoff_card.dart
apps/voicememory_mobile/lib/widgets/record/return_day_closed_card.dart
apps/voicememory_mobile/lib/widgets/record/return_day_flow_card.dart
apps/voicememory_mobile/lib/widgets/record/return_tomorrow_cue_card.dart
apps/voicememory_mobile/lib/widgets/record/return_watch_question_card.dart
apps/voicememory_mobile/lib/widgets/record/returning_user_today_card.dart
apps/voicememory_mobile/lib/widgets/record/second_moment_return_card.dart
apps/voicememory_mobile/lib/widgets/record/second_session_comparison_card.dart
apps/voicememory_mobile/lib/widgets/record/second_session_payoff_card.dart
apps/voicememory_mobile/lib/widgets/record/start_here_recording_section.dart
apps/voicememory_mobile/lib/widgets/record/start_here_save_receipt_card.dart
apps/voicememory_mobile/lib/widgets/record/third_entry_belief_payoff_card.dart
apps/voicememory_mobile/lib/widgets/record/three_day_challenge_card.dart
apps/voicememory_mobile/lib/widgets/record/three_moment_completion_card.dart
apps/voicememory_mobile/lib/widgets/record/today_noticed_post_save_card.dart
apps/voicememory_mobile/lib/widgets/record/todays_one_question_card.dart
apps/voicememory_mobile/lib/widgets/record/todays_watch_for_card.dart
apps/voicememory_mobile/lib/widgets/record/tomorrow_check_in_due_card.dart
apps/voicememory_mobile/lib/widgets/record/tomorrow_commitment_card.dart
apps/voicememory_mobile/lib/widgets/record/tomorrow_return_card.dart
apps/voicememory_mobile/lib/widgets/record/watch_for_tomorrow_card.dart
apps/voicememory_mobile/lib/widgets/record/weekly_archive_review_card.dart
apps/voicememory_mobile/lib/widgets/record/weekly_pattern_recap_card.dart
apps/voicememory_mobile/lib/widgets/record/what_changed_v2_card.dart
apps/voicememory_mobile/lib/widgets/record/what_to_notice_next_card.dart
apps/voicememory_mobile/lib/widgets/record/yesterday_watch_card.dart
apps/voicememory_mobile/lib/widgets/record_belief_prompts_section.dart
apps/voicememory_mobile/lib/widgets/referral/invited_day_two_return_card.dart
apps/voicememory_mobile/lib/widgets/referral/invited_user_welcome_card.dart
apps/voicememory_mobile/lib/widgets/referral/referral_invite_card.dart
apps/voicememory_mobile/lib/widgets/reflection_value_ladder.dart
apps/voicememory_mobile/lib/widgets/retention/day2_return_reason_card.dart
apps/voicememory_mobile/lib/widgets/retention/reminder_pre_prompt_sheet.dart
apps/voicememory_mobile/lib/widgets/retention/retention_state_card.dart
apps/voicememory_mobile/lib/widgets/retention/second_entry_nudge_card.dart
apps/voicememory_mobile/lib/widgets/retention/tiny_record_again_cta.dart
apps/voicememory_mobile/lib/widgets/return_ritual_card.dart
apps/voicememory_mobile/lib/widgets/review/review_prompt_card.dart
apps/voicememory_mobile/lib/widgets/review_ritual_card.dart
apps/voicememory_mobile/lib/widgets/routine/routine_anchor_chooser.dart
apps/voicememory_mobile/lib/widgets/scaffold_shell.dart
apps/voicememory_mobile/lib/widgets/search_highlight_text.dart
apps/voicememory_mobile/lib/widgets/security/app_lock_screen.dart
apps/voicememory_mobile/lib/widgets/security/archive_data_flow_sheet.dart
apps/voicememory_mobile/lib/widgets/security/archive_privacy_controls_card.dart
apps/voicememory_mobile/lib/widgets/security/setup_pin_screen.dart
apps/voicememory_mobile/lib/widgets/security/wipe_local_archive_dialog.dart
apps/voicememory_mobile/lib/widgets/settings/app_review_access_settings_section.dart
apps/voicememory_mobile/lib/widgets/settings/privacy_data_controls_dialogs.dart
apps/voicememory_mobile/lib/widgets/settings/privacy_data_controls_section.dart
apps/voicememory_mobile/lib/widgets/share/aha_proof_share_card.dart
apps/voicememory_mobile/lib/widgets/share/archive_belief_share_card_widget.dart
apps/voicememory_mobile/lib/widgets/share/shareable_proof_card.dart
apps/voicememory_mobile/lib/widgets/share_card/share_card_action_card.dart
apps/voicememory_mobile/lib/widgets/share_card/share_card_image.dart
apps/voicememory_mobile/lib/widgets/share_card/share_card_preview_sheet.dart
apps/voicememory_mobile/lib/widgets/signal/archive_home_dashboard.dart
apps/voicememory_mobile/lib/widgets/signal/archive_watching_card.dart
apps/voicememory_mobile/lib/widgets/signal/return_day_journey_card.dart
apps/voicememory_mobile/lib/widgets/signal/signal_corrections_card.dart
apps/voicememory_mobile/lib/widgets/signal/signal_journey_card.dart
apps/voicememory_mobile/lib/widgets/signal/signal_journey_completion_card.dart
apps/voicememory_mobile/lib/widgets/signal/signal_review_card.dart
apps/voicememory_mobile/lib/widgets/then_vs_now_card.dart
apps/voicememory_mobile/lib/widgets/timeline_sync_badge.dart
apps/voicememory_mobile/lib/widgets/tomorrow_return/compelling_check_preview.dart
apps/voicememory_mobile/lib/widgets/tomorrow_return/tomorrow_return_loop_card.dart
apps/voicememory_mobile/lib/widgets/top_themes_section.dart
apps/voicememory_mobile/lib/widgets/trial/check_in_result_rating_prompt.dart
apps/voicememory_mobile/lib/widgets/trial/check_in_worth_rating_prompt.dart
apps/voicememory_mobile/lib/widgets/trial/positioning_comprehension_sheet.dart
apps/voicememory_mobile/lib/widgets/trial/trial_first_moment_card.dart
apps/voicememory_mobile/lib/widgets/trust/archive_privacy_trust_card.dart
apps/voicememory_mobile/lib/widgets/trust/archive_private_receipt_card.dart
apps/voicememory_mobile/lib/widgets/trust/pro_value_clarity_card.dart
apps/voicememory_mobile/lib/widgets/trust_banner.dart
apps/voicememory_mobile/lib/widgets/value_moment_paywall.dart
apps/voicememory_mobile/lib/widgets/weekly_archive_story_card.dart
apps/voicememory_mobile/lib/widgets/weekly_review/weekly_archive_review_card.dart
apps/voicememory_mobile/lib/widgets/weekly_review/weekly_archive_review_sheet.dart
apps/voicememory_mobile/lib/widgets/your_archive_noticed_section.dart
apps/voicememory_mobile/lib/widgets/your_story_so_far_section.dart
apps/voicememory_mobile/pubspec.lock
apps/voicememory_mobile/pubspec.yaml
apps/voicememory_mobile/test/access_protection_hardening_test.dart
apps/voicememory_mobile/test/account_auth_test.dart
apps/voicememory_mobile/test/account_privacy_controls_test.dart
apps/voicememory_mobile/test/account_screen_test.dart
apps/voicememory_mobile/test/acquisition_cohort_test.dart
apps/voicememory_mobile/test/action_items_suppression_hardening_test.dart
apps/voicememory_mobile/test/action_items_v1_secondary_gate_test.dart
apps/voicememory_mobile/test/activation_dropoff_review_test.dart
apps/voicememory_mobile/test/activation_funnel_analytics_test.dart
apps/voicememory_mobile/test/activation_loop_score_engine_test.dart
apps/voicememory_mobile/test/activation_rescue_first_record_test.dart
apps/voicememory_mobile/test/activation_rescue_next_check_test.dart
apps/voicememory_mobile/test/activation_rescue_tomorrow_check_test.dart
apps/voicememory_mobile/test/activation_rescue_useful_result_test.dart
apps/voicememory_mobile/test/activation_summary_engine_test.dart
apps/voicememory_mobile/test/active_pattern_thread_coordinator_test.dart
apps/voicememory_mobile/test/active_pattern_thread_engine_test.dart
apps/voicememory_mobile/test/active_pattern_thread_store_test.dart
apps/voicememory_mobile/test/adaptive_daily_question_test.dart
apps/voicememory_mobile/test/aha_moment_engine_test.dart
apps/voicememory_mobile/test/analysis_fallback_payoff_test.dart
apps/voicememory_mobile/test/analysis_log_test.dart
apps/voicememory_mobile/test/anchor_calibration_correction_test.dart
apps/voicememory_mobile/test/anchor_outcome_matrix_test.dart
apps/voicememory_mobile/test/android_after_ios_proof_gate_test.dart
apps/voicememory_mobile/test/annual_first_paywall_test.dart
apps/voicememory_mobile/test/annual_plan_future_gate_test.dart
apps/voicememory_mobile/test/api_client_transcribe_test.dart
apps/voicememory_mobile/test/api_error_message_test.dart
apps/voicememory_mobile/test/api_errors_test.dart
apps/voicememory_mobile/test/app_lock_security_test.dart
apps/voicememory_mobile/test/app_review_access_test.dart
apps/voicememory_mobile/test/app_router_guards_test.dart
apps/voicememory_mobile/test/app_storage_paths_test.dart
apps/voicememory_mobile/test/app_store_rc_polish_test.dart
apps/voicememory_mobile/test/app_store_submission_prep_test.dart
apps/voicememory_mobile/test/archive_agreement_service_test.dart
apps/voicememory_mobile/test/archive_analyst_confidence_test.dart
apps/voicememory_mobile/test/archive_analyst_engine_test.dart
apps/voicememory_mobile/test/archive_analyst_gate_test.dart
apps/voicememory_mobile/test/archive_backup_bridge_test.dart
apps/voicememory_mobile/test/archive_belief_share_card_test.dart
apps/voicememory_mobile/test/archive_belief_surface_test.dart
apps/voicememory_mobile/test/archive_belief_visibility_test.dart
apps/voicememory_mobile/test/archive_beta_mission_test.dart
apps/voicememory_mobile/test/archive_calendar_test.dart
apps/voicememory_mobile/test/archive_challenge_engine_test.dart
apps/voicememory_mobile/test/archive_change_feed_engine_test.dart
apps/voicememory_mobile/test/archive_change_timeline_card_test.dart
apps/voicememory_mobile/test/archive_clarity_progress_test.dart
apps/voicememory_mobile/test/archive_clean_section_engine_test.dart
apps/voicememory_mobile/test/archive_clean_view_card_test.dart
apps/voicememory_mobile/test/archive_collections_test.dart
apps/voicememory_mobile/test/archive_compression_card_test.dart
apps/voicememory_mobile/test/archive_compression_engine_test.dart
apps/voicememory_mobile/test/archive_compression_screen_test.dart
apps/voicememory_mobile/test/archive_compression_store_test.dart
apps/voicememory_mobile/test/archive_controls_test.dart
apps/voicememory_mobile/test/archive_copy_normalizer_test.dart
apps/voicememory_mobile/test/archive_copy_repetition_audit_test.dart
apps/voicememory_mobile/test/archive_current_belief_test.dart
apps/voicememory_mobile/test/archive_daily_change_alternatives_test.dart
apps/voicememory_mobile/test/archive_deep_dive_engine_test.dart
apps/voicememory_mobile/test/archive_deep_dive_gate_test.dart
apps/voicememory_mobile/test/archive_depth_test.dart
apps/voicememory_mobile/test/archive_differentiation_layer_test.dart
apps/voicememory_mobile/test/archive_discovery_share_test.dart
apps/voicememory_mobile/test/archive_entry_signal_guard_test.dart
apps/voicememory_mobile/test/archive_evidence_guard_test.dart
apps/voicememory_mobile/test/archive_evidence_map_drilldown_test.dart
apps/voicememory_mobile/test/archive_evidence_map_test.dart
apps/voicememory_mobile/test/archive_evidence_quality_gate_test.dart
apps/voicememory_mobile/test/archive_evidence_test.dart
apps/voicememory_mobile/test/archive_evidence_threshold_test.dart
apps/voicememory_mobile/test/archive_evolution_engine_test.dart
apps/voicememory_mobile/test/archive_evolution_store_test.dart
apps/voicememory_mobile/test/archive_evolution_timeline_card_test.dart
apps/voicememory_mobile/test/archive_evolution_timeline_screen_test.dart
apps/voicememory_mobile/test/archive_exclusion_test.dart
apps/voicememory_mobile/test/archive_explanation_engine_test.dart
apps/voicememory_mobile/test/archive_export_pack_test.dart
apps/voicememory_mobile/test/archive_feedback_chips_test.dart
apps/voicememory_mobile/test/archive_feedback_coordinator_test.dart
apps/voicememory_mobile/test/archive_feedback_store_test.dart
apps/voicememory_mobile/test/archive_feedback_summary_engine_test.dart
apps/voicememory_mobile/test/archive_first_comparison_card_test.dart
apps/voicememory_mobile/test/archive_first_comparison_test.dart
apps/voicememory_mobile/test/archive_growth_metrics_test.dart
apps/voicememory_mobile/test/archive_growth_test.dart
apps/voicememory_mobile/test/archive_health_action_plan_test.dart
apps/voicememory_mobile/test/archive_health_score_test.dart
apps/voicememory_mobile/test/archive_history_filter_test.dart
apps/voicememory_mobile/test/archive_history_test.dart
apps/voicememory_mobile/test/archive_home_priority_test.dart
apps/voicememory_mobile/test/archive_home_summary_test.dart
apps/voicememory_mobile/test/archive_insight_correction_notes_test.dart
apps/voicememory_mobile/test/archive_insight_feedback_adaptation_test.dart
apps/voicememory_mobile/test/archive_insight_feedback_test.dart
apps/voicememory_mobile/test/archive_insights_engine_test.dart
apps/voicememory_mobile/test/archive_intelligence_proof_section_test.dart
apps/voicememory_mobile/test/archive_intelligence_tier_test.dart
apps/voicememory_mobile/test/archive_interpretation_engine_test.dart
apps/voicememory_mobile/test/archive_journey_explainer_test.dart
apps/voicememory_mobile/test/archive_maturity_engine_test.dart
apps/voicememory_mobile/test/archive_me_demo_state_test.dart
apps/voicememory_mobile/test/archive_memory_after_v1_gate_test.dart
apps/voicememory_mobile/test/archive_memory_demo_card_test.dart
apps/voicememory_mobile/test/archive_memory_empty_preview_card_test.dart
apps/voicememory_mobile/test/archive_memory_regression_fixes_test.dart
apps/voicememory_mobile/test/archive_memory_summary_card_test.dart
apps/voicememory_mobile/test/archive_memory_summary_engine_test.dart
apps/voicememory_mobile/test/archive_memory_summary_store_test.dart
apps/voicememory_mobile/test/archive_milestone_engine_test.dart
apps/voicememory_mobile/test/archive_milestones_test.dart
apps/voicememory_mobile/test/archive_narrative_engine_test.dart
apps/voicememory_mobile/test/archive_packs_test.dart
apps/voicememory_mobile/test/archive_pattern_copy_guard_test.dart
apps/voicememory_mobile/test/archive_paywall_copy_test.dart
apps/voicememory_mobile/test/archive_paywall_stats_test.dart
apps/voicememory_mobile/test/archive_positioning_copy_test.dart
apps/voicememory_mobile/test/archive_positive_pattern_detector_test.dart
apps/voicememory_mobile/test/archive_primary_theory_validation_test.dart
apps/voicememory_mobile/test/archive_privacy_controls_card_test.dart
apps/voicememory_mobile/test/archive_pro_feature_map_test.dart
apps/voicememory_mobile/test/archive_prompt_assist_test.dart
apps/voicememory_mobile/test/archive_proof_copy_dedup_test.dart
apps/voicememory_mobile/test/archive_proof_counter_test.dart
apps/voicememory_mobile/test/archive_quality_validation_test.dart
apps/voicememory_mobile/test/archive_range_review_card_test.dart
apps/voicememory_mobile/test/archive_range_review_engine_test.dart
apps/voicememory_mobile/test/archive_range_review_screen_test.dart
apps/voicememory_mobile/test/archive_range_review_store_test.dart
apps/voicememory_mobile/test/archive_range_selector_test.dart
apps/voicememory_mobile/test/archive_repeat_phrase_sanitizer_test.dart
apps/voicememory_mobile/test/archive_retrieval_scoring_test.dart
apps/voicememory_mobile/test/archive_return_changes_test.dart
apps/voicememory_mobile/test/archive_search_and_pins_test.dart
apps/voicememory_mobile/test/archive_search_engine_test.dart
apps/voicememory_mobile/test/archive_search_parser_test.dart
apps/voicememory_mobile/test/archive_share_actions_test.dart
apps/voicememory_mobile/test/archive_state_action_test.dart
apps/voicememory_mobile/test/archive_summary_test.dart
apps/voicememory_mobile/test/archive_surprises_engine_test.dart
apps/voicememory_mobile/test/archive_surprises_personas_test.dart
apps/voicememory_mobile/test/archive_synthesis_models_test.dart
apps/voicememory_mobile/test/archive_synthesis_pack_test.dart
apps/voicememory_mobile/test/archive_synthesis_pro_gate_test.dart
apps/voicememory_mobile/test/archive_synthesis_trigger_test.dart
apps/voicememory_mobile/test/archive_tab_four_state_test.dart
apps/voicememory_mobile/test/archive_theory_engine_test.dart
apps/voicememory_mobile/test/archive_thought_map_evidence_test.dart
apps/voicememory_mobile/test/archive_timeline_spine_test.dart
apps/voicememory_mobile/test/archive_tool_routes_test.dart
apps/voicememory_mobile/test/archive_v1_builder_test.dart
apps/voicememory_mobile/test/archive_value_progress_test.dart
apps/voicememory_mobile/test/archive_watching_test.dart
apps/voicememory_mobile/test/archive_watchlist_test.dart
apps/voicememory_mobile/test/archive_workspace_hints_test.dart
apps/voicememory_mobile/test/archive_workspace_polish_test.dart
apps/voicememory_mobile/test/archive_workspace_quick_actions_test.dart
apps/voicememory_mobile/test/archive_workspace_regression_test.dart
apps/voicememory_mobile/test/ask_archive_screen_test.dart
apps/voicememory_mobile/test/audience_wedge_test.dart
apps/voicememory_mobile/test/audio_level_monitor_test.dart
apps/voicememory_mobile/test/b2b_workplace_pressure_future_gate_test.dart
apps/voicememory_mobile/test/before_you_say_yes_pause_test.dart
apps/voicememory_mobile/test/belief_change_detector_test.dart
apps/voicememory_mobile/test/belief_change_moment_test.dart
apps/voicememory_mobile/test/belief_changes_navigation_test.dart
apps/voicememory_mobile/test/belief_distance_test.dart
apps/voicememory_mobile/test/belief_evidence_drilldown_test.dart
apps/voicememory_mobile/test/belief_evolution_service_test.dart
apps/voicememory_mobile/test/belief_history_timeline_test.dart
apps/voicememory_mobile/test/belief_lifecycle_engine_test.dart
apps/voicememory_mobile/test/belief_shift_engine_test.dart
apps/voicememory_mobile/test/belief_update_payoff_test.dart
apps/voicememory_mobile/test/beta_activation_loop_summary_test.dart
apps/voicememory_mobile/test/beta_activation_path_test.dart
apps/voicememory_mobile/test/beta_activation_summary_test.dart
apps/voicememory_mobile/test/beta_conversion_diagnosis_dashboard_test.dart
apps/voicememory_mobile/test/beta_decision_engine_test.dart
apps/voicememory_mobile/test/beta_decision_rule_engine_test.dart
apps/voicememory_mobile/test/beta_feedback_capture_test.dart
apps/voicememory_mobile/test/beta_feedback_intelligence_test.dart
apps/voicememory_mobile/test/beta_feedback_response_pack_test.dart
apps/voicememory_mobile/test/beta_feedback_test.dart
apps/voicememory_mobile/test/beta_fix_playbook_test.dart
apps/voicememory_mobile/test/beta_four_failure_response_pack_test.dart
apps/voicememory_mobile/test/beta_improvement_pack_test.dart
apps/voicememory_mobile/test/beta_invite_loop_test.dart
apps/voicememory_mobile/test/beta_invite_pack_test.dart
apps/voicememory_mobile/test/beta_metrics_decision_test.dart
apps/voicememory_mobile/test/beta_outcomes_test.dart
apps/voicememory_mobile/test/beta_proof_feedback_test.dart
apps/voicememory_mobile/test/beta_proof_lift_test.dart
apps/voicememory_mobile/test/beta_readiness_check_test.dart
apps/voicememory_mobile/test/beta_readiness_simplification_pack_test.dart
apps/voicememory_mobile/test/beta_recovery_onboarding_return_alternatives_test.dart
apps/voicememory_mobile/test/beta_release_qa_test.dart
apps/voicememory_mobile/test/beta_repair_lab_test.dart
apps/voicememory_mobile/test/beta_report_export_test.dart
apps/voicememory_mobile/test/beta_results_reader_test.dart
apps/voicememory_mobile/test/beta_surface_area_guardrail_test.dart
apps/voicememory_mobile/test/beta_test_script_test.dart
apps/voicememory_mobile/test/beta_tester_outcome_store_test.dart
apps/voicememory_mobile/test/beta_tester_report_test.dart
apps/voicememory_mobile/test/beta_today_summary_test.dart
apps/voicememory_mobile/test/beta_validation_decision_matrix_test.dart
apps/voicememory_mobile/test/better_first_record_prompt_card_test.dart
apps/voicememory_mobile/test/branding_no_voicememory_test.dart
apps/voicememory_mobile/test/capacity_activation_fit_check_test.dart
apps/voicememory_mobile/test/capacity_beta_signal_dashboard_test.dart
apps/voicememory_mobile/test/capacity_beta_trial_mission_test.dart
apps/voicememory_mobile/test/capacity_boundary_response_test.dart
apps/voicememory_mobile/test/capacity_cost_later_checkin_test.dart
apps/voicememory_mobile/test/capacity_decision_outcome_test.dart
apps/voicememory_mobile/test/capacity_loop_card_test.dart
apps/voicememory_mobile/test/capacity_loop_review_test.dart
apps/voicememory_mobile/test/capacity_pull_reason_test.dart
apps/voicememory_mobile/test/capacity_return_trigger_test.dart
apps/voicememory_mobile/test/capacity_three_moment_activation_test.dart
apps/voicememory_mobile/test/capacity_weekly_review_test.dart
apps/voicememory_mobile/test/capacity_yes_100k_wedge_test.dart
apps/voicememory_mobile/test/capacity_yes_wedge_sharpening_test.dart
apps/voicememory_mobile/test/capture_context_tags_test.dart
apps/voicememory_mobile/test/change_summary_test.dart
apps/voicememory_mobile/test/change_trail_clarity_test.dart
apps/voicememory_mobile/test/chat_differentiation_test.dart
apps/voicememory_mobile/test/check_in_completed_card_test.dart
apps/voicememory_mobile/test/check_in_reminder_permission_flow_test.dart
apps/voicememory_mobile/test/check_in_reminder_service_test.dart
apps/voicememory_mobile/test/check_in_result_interpretation_test.dart
apps/voicememory_mobile/test/check_in_worth_rating_test.dart
apps/voicememory_mobile/test/come_back_tomorrow_v2_test.dart
apps/voicememory_mobile/test/commercial_proof_executor_test.dart
apps/voicememory_mobile/test/commercial_readiness_gate_test.dart
apps/voicememory_mobile/test/comparison_engine/comparison_output_parser_test.dart
apps/voicememory_mobile/test/comparison_engine/historical_context_pruner_test.dart
apps/voicememory_mobile/test/comparison_engine/journal_comparison_model_api_client_test.dart
apps/voicememory_mobile/test/comparison_engine/local_text_comparison_engine_test.dart
apps/voicememory_mobile/test/comparison_engine/pattern_comparison_executor_test.dart
apps/voicememory_mobile/test/comparison_engine/pattern_evidence_card_test.dart
apps/voicememory_mobile/test/comparison_engine/post_save_comparison_controller_test.dart
apps/voicememory_mobile/test/comparison_engine/post_save_comparison_section_test.dart
apps/voicememory_mobile/test/comparison_engine/pro_trail_gate_test.dart
apps/voicememory_mobile/test/comparison_engine_test.dart
apps/voicememory_mobile/test/compelling_check_engine_test.dart
apps/voicememory_mobile/test/compelling_check_ui_test.dart
apps/voicememory_mobile/test/confirmed_repeat_beta_feedback_test.dart
apps/voicememory_mobile/test/confirmed_repeat_evidence_phrase_test.dart
apps/voicememory_mobile/test/consumer_brand_exposure_audit_test.dart
apps/voicememory_mobile/test/consumer_copy_banned_words_test.dart
apps/voicememory_mobile/test/consumer_visible_branding_test.dart
apps/voicememory_mobile/test/context_aware_archive_copy_test.dart
apps/voicememory_mobile/test/context_insights_test.dart
apps/voicememory_mobile/test/context_trail_clarity_test.dart
apps/voicememory_mobile/test/contextual_privacy_test.dart
apps/voicememory_mobile/test/contradiction_change_future_gate_test.dart
apps/voicememory_mobile/test/contradiction_detection_service_test.dart
apps/voicememory_mobile/test/core_archive_journey_positioning_test.dart
apps/voicememory_mobile/test/core_loop_return_clarity_test.dart
apps/voicememory_mobile/test/core_metrics_beta_reducer_test.dart
apps/voicememory_mobile/test/core_metrics_minimum_set_test.dart
apps/voicememory_mobile/test/core_value_feedback_test.dart
apps/voicememory_mobile/test/correction_informed_next_prompt_test.dart
apps/voicememory_mobile/test/correction_memory_test.dart
apps/voicememory_mobile/test/creator_demo_mode_test.dart
apps/voicememory_mobile/test/critical_consumer_flow_test.dart
apps/voicememory_mobile/test/cross_device_continuity_future_gate_test.dart
apps/voicememory_mobile/test/curated_memory_preservation_test.dart
apps/voicememory_mobile/test/curiosity_hook_test.dart
apps/voicememory_mobile/test/current_objective_card_test.dart
apps/voicememory_mobile/test/current_objective_engine_test.dart
apps/voicememory_mobile/test/current_objective_snapshot_builder_test.dart
apps/voicememory_mobile/test/current_objective_snapshot_store_test.dart
apps/voicememory_mobile/test/current_objective_widget_bridge_test.dart
apps/voicememory_mobile/test/current_objective_widget_exporter_test.dart
apps/voicememory_mobile/test/current_objective_widget_refresh_service_test.dart
apps/voicememory_mobile/test/current_objective_widget_snapshot_test.dart
apps/voicememory_mobile/test/current_relevance_bridge_test.dart
apps/voicememory_mobile/test/daily_archive_exercise_test.dart
apps/voicememory_mobile/test/daily_archive_memory_test.dart
apps/voicememory_mobile/test/daily_discovery_engine_test.dart
apps/voicememory_mobile/test/daily_mirror_engine_test.dart
apps/voicememory_mobile/test/daily_return_reason_test.dart
apps/voicememory_mobile/test/daily_return_suggestion_test.dart
apps/voicememory_mobile/test/day_seven_continuity_loop_test.dart
apps/voicememory_mobile/test/day_two_reminder_test.dart
apps/voicememory_mobile/test/day_two_return_loop_test.dart
apps/voicememory_mobile/test/day_two_return_preview_test.dart
apps/voicememory_mobile/test/debug_tools_navigation_test.dart
apps/voicememory_mobile/test/degraded_transcript_post_save_test.dart
apps/voicememory_mobile/test/degraded_voice_first_save_test.dart
apps/voicememory_mobile/test/delayed_paywall_proof_test.dart
apps/voicememory_mobile/test/demo_share_pack_test.dart
apps/voicememory_mobile/test/discover_engine_test.dart
apps/voicememory_mobile/test/done_for_today_receipt_test.dart
apps/voicememory_mobile/test/early_archive_wins_test.dart
apps/voicememory_mobile/test/early_behavior_loop_engine_test.dart
apps/voicememory_mobile/test/early_first_signal_test.dart
apps/voicememory_mobile/test/early_repeat_progress_test.dart
apps/voicememory_mobile/test/early_specific_insight_engine_test.dart
apps/voicememory_mobile/test/entry_detail_screen_test.dart
apps/voicememory_mobile/test/entry_importance_test.dart
apps/voicememory_mobile/test/entry_memory_scope_thread_picker_test.dart
apps/voicememory_mobile/test/evidence_anchor_extraction_test.dart
apps/voicememory_mobile/test/evidence_attention_filters_test.dart
apps/voicememory_mobile/test/evidence_context_tag_layout_test.dart
apps/voicememory_mobile/test/evidence_context_tag_test.dart
apps/voicememory_mobile/test/evidence_first_pattern_copy_test.dart
apps/voicememory_mobile/test/evidence_trail_clarity_test.dart
apps/voicememory_mobile/test/evidence_trail_outcome_decision_matrix_test.dart
apps/voicememory_mobile/test/evidence_trail_pro_understanding_v2_test.dart
apps/voicememory_mobile/test/evidence_trail_test.dart
apps/voicememory_mobile/test/evidence_weighting_test.dart
apps/voicememory_mobile/test/example_prompt_chips_test.dart
apps/voicememory_mobile/test/example_prompt_visibility_test.dart
apps/voicememory_mobile/test/export_onboarding_pages_png_test.dart
apps/voicememory_mobile/test/export_product_simplification_png_test.dart
apps/voicememory_mobile/test/export_subscription_review_preview_png_test.dart
apps/voicememory_mobile/test/export_value_clarity_png_test.dart
apps/voicememory_mobile/test/feature_noise_reduction_test.dart
apps/voicememory_mobile/test/features/curiosity_loop/clinical_trajectory_history_store_test.dart
apps/voicememory_mobile/test/features/curiosity_loop/cognitive_analyzer_test.dart
apps/voicememory_mobile/test/features/curiosity_loop/cognitive_trajectory_evaluator_test.dart
apps/voicememory_mobile/test/features/curiosity_loop/curiosity_adaptive_timing_engine_test.dart
apps/voicememory_mobile/test/features/curiosity_loop/curiosity_data_exporter_test.dart
apps/voicememory_mobile/test/features/curiosity_loop/curiosity_hook_engine_test.dart
apps/voicememory_mobile/test/features/curiosity_loop/curiosity_memory_recall_hook_test.dart
apps/voicememory_mobile/test/features/curiosity_loop/curiosity_notification_launch_controller_test.dart
apps/voicememory_mobile/test/features/curiosity_loop/curiosity_notification_scheduler_test.dart
apps/voicememory_mobile/test/features/curiosity_loop/curiosity_prompt_generator_test.dart
apps/voicememory_mobile/test/features/curiosity_loop/curiosity_prompt_resolver_test.dart
apps/voicememory_mobile/test/features/curiosity_loop/domain/clinical_cognitive_models_test.dart
apps/voicememory_mobile/test/features/curiosity_loop/domain/services/cognitive_anomaly_detector_test.dart
apps/voicememory_mobile/test/features/curiosity_loop/infrastructure/encrypted_stores_extended_test.dart
apps/voicememory_mobile/test/features/curiosity_loop/infrastructure/encrypted_stores_integration_test.dart
apps/voicememory_mobile/test/features/curiosity_loop/infrastructure/interceptors/cognitive_baseline_interceptor_test.dart
apps/voicememory_mobile/test/features/curiosity_loop/infrastructure/interceptors/cognitive_trajectory_interceptor_test.dart
apps/voicememory_mobile/test/features/curiosity_loop/jargon_aware_analyzer_test.dart
apps/voicememory_mobile/test/features/curiosity_loop/journal_store_biomarkers_test.dart
apps/voicememory_mobile/test/features/curiosity_loop/moving_baseline_calculator_test.dart
apps/voicememory_mobile/test/features/curiosity_loop/presentation/models/curiosity_hook_presentation_anomaly_mapping_test.dart
apps/voicememory_mobile/test/features/curiosity_loop/presentation/models/curiosity_hook_presentation_test.dart
apps/voicememory_mobile/test/features/curiosity_loop/presentation/widgets/clinical_telemetry_trend_widget_test.dart
apps/voicememory_mobile/test/features/curiosity_loop/presentation/widgets/curiosity_hook_card_test.dart
apps/voicememory_mobile/test/features/curiosity_loop/productivity_report_engine_test.dart
apps/voicememory_mobile/test/features/curiosity_loop/weekly_productivity_report_screen_test.dart
apps/voicememory_mobile/test/features/curiosity_loop/yesterdays_snapshot_entry_test.dart
apps/voicememory_mobile/test/features/curiosity_loop/yesterdays_snapshot_screen_test.dart
apps/voicememory_mobile/test/features/journal/journal_save_interceptor_pipeline_test.dart
apps/voicememory_mobile/test/features/journal/journal_store_interceptor_pipeline_test.dart
apps/voicememory_mobile/test/features/live_audio/application/live_voice_capture_service_test.dart
apps/voicememory_mobile/test/features/live_audio/application/live_voice_recovery_gateway_test.dart
apps/voicememory_mobile/test/features/live_audio/application/offline_vault_recovery_service_test.dart
apps/voicememory_mobile/test/features/live_audio/infrastructure/isolate_audio_pipeline_test.dart
apps/voicememory_mobile/test/features/live_audio/infrastructure/local_audio_vault_test.dart
apps/voicememory_mobile/test/features/live_audio/infrastructure/native_audio_lifecycle_bridge_test.dart
apps/voicememory_mobile/test/features/live_audio/infrastructure/offline_vault_recovery_store_test.dart
apps/voicememory_mobile/test/features/live_audio/integration/resilient_pipeline_integration_test.dart
apps/voicememory_mobile/test/features/live_audio/live_audio_capture_test.dart
apps/voicememory_mobile/test/features/live_audio/live_audio_focus_gateway_test.dart
apps/voicememory_mobile/test/features/live_audio/live_audio_protocol_test.dart
apps/voicememory_mobile/test/features/live_audio/live_audio_session_controller_test.dart
apps/voicememory_mobile/test/features/live_audio/live_audio_session_coordinator_test.dart
apps/voicememory_mobile/test/features/live_audio/live_audio_transcript_collector_test.dart
apps/voicememory_mobile/test/features/live_audio/live_audio_websocket_client_test.dart
apps/voicememory_mobile/test/features/live_audio/live_pcm24_playback_engine_test.dart
apps/voicememory_mobile/test/features/live_audio/live_proxy_url_test.dart
apps/voicememory_mobile/test/features/live_audio/live_voice_error_classifier_test.dart
apps/voicememory_mobile/test/features/live_audio/live_voice_lifecycle_policy_test.dart
apps/voicememory_mobile/test/features/live_audio/live_voice_session_presentation_test.dart
apps/voicememory_mobile/test/features/live_audio/live_voice_speaking_waveform_test.dart
apps/voicememory_mobile/test/features/live_audio/pcm_wav_utils_test.dart
apps/voicememory_mobile/test/features/live_audio/presentation/live_voice_error_boundary_test.dart
apps/voicememory_mobile/test/features/live_audio/presentation/throttled_telemetry_view_model_test.dart
apps/voicememory_mobile/test/features/monetization/revenuecat_paywall_presenter_test.dart
apps/voicememory_mobile/test/first25_user_metrics_test.dart
apps/voicememory_mobile/test/first_60_seconds_test.dart
apps/voicememory_mobile/test/first_archive_state_test.dart
apps/voicememory_mobile/test/first_five_minutes_simplification_test.dart
apps/voicememory_mobile/test/first_impression_clarity_test.dart
apps/voicememory_mobile/test/first_loop_activation_coordinator_test.dart
apps/voicememory_mobile/test/first_loop_activation_store_test.dart
apps/voicememory_mobile/test/first_loop_record_flow_test.dart
apps/voicememory_mobile/test/first_moment_capture_fix_test.dart
apps/voicememory_mobile/test/first_pattern_quality_runner_test.dart
apps/voicememory_mobile/test/first_proof_action_loop_test.dart
apps/voicememory_mobile/test/first_proof_field_readiness_test.dart
apps/voicememory_mobile/test/first_proof_moment_card_test.dart
apps/voicememory_mobile/test/first_proof_payoff_test.dart
apps/voicememory_mobile/test/first_proof_success_beta_guard_test.dart
apps/voicememory_mobile/test/first_proof_truth_test.dart
apps/voicememory_mobile/test/first_recording_handoff_card_test.dart
apps/voicememory_mobile/test/first_recording_sample_test.dart
apps/voicememory_mobile/test/first_reflection_insights_test.dart
apps/voicememory_mobile/test/first_reflection_result_card_test.dart
apps/voicememory_mobile/test/first_run_payoff_walkthrough_test.dart
apps/voicememory_mobile/test/first_run_revenue_positioning_test.dart
apps/voicememory_mobile/test/first_save_commercial_loop_test.dart
apps/voicememory_mobile/test/first_save_lift_test.dart
apps/voicememory_mobile/test/first_session_activation_test.dart
apps/voicememory_mobile/test/first_session_onboarding_test.dart
apps/voicememory_mobile/test/first_session_pattern_engine_test.dart
apps/voicememory_mobile/test/first_session_pattern_flow_test.dart
apps/voicememory_mobile/test/first_session_pro_understanding_lift_test.dart
apps/voicememory_mobile/test/first_session_proof_quality_repair_test.dart
apps/voicememory_mobile/test/first_three_journey_engine_test.dart
apps/voicememory_mobile/test/first_three_journey_flow_test.dart
apps/voicememory_mobile/test/first_three_session_loop_test.dart
apps/voicememory_mobile/test/first_use_wording_helper_test.dart
apps/voicememory_mobile/test/first_user_experience_test.dart
apps/voicememory_mobile/test/first_week_loop_test.dart
apps/voicememory_mobile/test/first_week_path_test.dart
apps/voicememory_mobile/test/first_week_progress_test.dart
apps/voicememory_mobile/test/flutter_test_config.dart
apps/voicememory_mobile/test/force_screenshot_repeat_card_test.dart
apps/voicememory_mobile/test/freeze_drift_scanner_test.dart
apps/voicememory_mobile/test/full_archive_history_pro_test.dart
apps/voicememory_mobile/test/future_expansion_roadmap_gate_test.dart
apps/voicememory_mobile/test/future_revenue_scope_test.dart
apps/voicememory_mobile/test/generic_test_evidence_gate_test.dart
apps/voicememory_mobile/test/gpt5_expansion_validation_test.dart
apps/voicememory_mobile/test/guided_examples_test.dart
apps/voicememory_mobile/test/guided_thread_plan_test.dart
apps/voicememory_mobile/test/habit_proof_card_test.dart
apps/voicememory_mobile/test/habit_proof_engine_test.dart
apps/voicememory_mobile/test/habit_proof_store_test.dart
apps/voicememory_mobile/test/help_reviewer_guide_test.dart
apps/voicememory_mobile/test/helped_tracking_test.dart
apps/voicememory_mobile/test/helpers/archive_approved_log_hygiene.dart
apps/voicememory_mobile/test/helpful_action_appeared_test.dart
apps/voicememory_mobile/test/hook_diagnosis_store_test.dart
apps/voicememory_mobile/test/hook_diagnosis_summary_test.dart
apps/voicememory_mobile/test/hook_rescue_decision_engine_test.dart
apps/voicememory_mobile/test/hypothetical_not_about_me_test.dart
apps/voicememory_mobile/test/identity_engine_test.dart
apps/voicememory_mobile/test/immediate_archive_value_engine_test.dart
apps/voicememory_mobile/test/input_quality_coach_card_test.dart
apps/voicememory_mobile/test/input_quality_engine_test.dart
apps/voicememory_mobile/test/input_quality_store_test.dart
apps/voicememory_mobile/test/insight_quality_dashboard_test.dart
apps/voicememory_mobile/test/insight_strength_engine_test.dart
apps/voicememory_mobile/test/instant_reflection_response_engine_test.dart
apps/voicememory_mobile/test/intentional_empty_archive_widget_test.dart
apps/voicememory_mobile/test/invite_funnel_metrics_test.dart
apps/voicememory_mobile/test/ios_device_layout_matrix_test.dart
apps/voicememory_mobile/test/ios_native_audio_session_test.dart
apps/voicememory_mobile/test/ios_native_recorder_config_test.dart
apps/voicememory_mobile/test/ios_native_recorder_start_test.dart
apps/voicememory_mobile/test/ios_native_recorder_test.dart
apps/voicememory_mobile/test/ios_testflight_submission_readiness_test.dart
apps/voicememory_mobile/test/journal_store_test.dart
apps/voicememory_mobile/test/key_moment_detail_screen_test.dart
apps/voicememory_mobile/test/key_moment_engine_test.dart
apps/voicememory_mobile/test/key_moment_store_test.dart
apps/voicememory_mobile/test/key_moments_memory_limit_test.dart
apps/voicememory_mobile/test/key_moments_screen_test.dart
apps/voicememory_mobile/test/kinder_angle_card_test.dart
apps/voicememory_mobile/test/kinder_angle_engine_test.dart
apps/voicememory_mobile/test/landing_app_continuity_copy_test.dart
apps/voicememory_mobile/test/language_detection_engine_test.dart
apps/voicememory_mobile/test/language_indicator_chip_test.dart
apps/voicememory_mobile/test/launch_hardening_test.dart
apps/voicememory_mobile/test/launch_wedge_onboarding_tightening_test.dart
apps/voicememory_mobile/test/layout_typography_smoke_test.dart
apps/voicememory_mobile/test/legacy_pattern_copy_guard_test.dart
apps/voicememory_mobile/test/life_chapter_engine_test.dart
apps/voicememory_mobile/test/light_theme_enforcement_test.dart
apps/voicememory_mobile/test/living_archive_copy_test.dart
apps/voicememory_mobile/test/living_archive_engine_test.dart
apps/voicememory_mobile/test/local_backup_restore_test.dart
apps/voicememory_mobile/test/local_check_in_reminder_backend_test.dart
apps/voicememory_mobile/test/localized_copy_test.dart
apps/voicememory_mobile/test/loop_acquisition_invite_test.dart
apps/voicememory_mobile/test/loop_mode_test.dart
apps/voicememory_mobile/test/loop_packs_future_gate_test.dart
apps/voicememory_mobile/test/low_effort_archive_capture_test.dart
apps/voicememory_mobile/test/low_effort_check_in_test.dart
apps/voicememory_mobile/test/low_effort_yes_capture_test.dart
apps/voicememory_mobile/test/low_evidence_guidance_test.dart
apps/voicememory_mobile/test/low_friction_return_prompt_test.dart
apps/voicememory_mobile/test/make_result_more_useful_sheet_test.dart
apps/voicememory_mobile/test/manual_context_tag_editing_test.dart
apps/voicememory_mobile/test/memory_authority_framing_test.dart
apps/voicememory_mobile/test/memory_controls_test.dart
apps/voicememory_mobile/test/memory_governance_relevance_gate_test.dart
apps/voicememory_mobile/test/memory_priority_governance_test.dart
apps/voicememory_mobile/test/memory_quality_chip_test.dart
apps/voicememory_mobile/test/memory_quality_coordinator_test.dart
apps/voicememory_mobile/test/memory_quality_engine_test.dart
apps/voicememory_mobile/test/memory_relevance_gate_test.dart
apps/voicememory_mobile/test/memory_resurfacing_service_test.dart
apps/voicememory_mobile/test/memory_scope_controls_test.dart
apps/voicememory_mobile/test/microphone_permission_flow_test.dart
apps/voicememory_mobile/test/mobile_parity_test.dart
apps/voicememory_mobile/test/mobile_production_readiness_test.dart
apps/voicememory_mobile/test/moment_quality_feedback_test.dart
apps/voicememory_mobile/test/moment_quality_test.dart
apps/voicememory_mobile/test/moment_tag_engine_test.dart
apps/voicememory_mobile/test/monthly_ambition_pressure_review_test.dart
apps/voicememory_mobile/test/monthly_pattern_review_card_test.dart
apps/voicememory_mobile/test/monthly_pattern_review_engine_test.dart
apps/voicememory_mobile/test/monthly_pattern_review_store_test.dart
apps/voicememory_mobile/test/monthly_private_report_preview_test.dart
apps/voicememory_mobile/test/navigation/primary_navigation_shell_test.dart
apps/voicememory_mobile/test/next_best_action_test.dart
apps/voicememory_mobile/test/next_evidence_plan_test.dart
apps/voicememory_mobile/test/next_evidence_prompt_engine_test.dart
apps/voicememory_mobile/test/next_moment_prompt_test.dart
apps/voicememory_mobile/test/niche_landing_revenue_plan_test.dart
apps/voicememory_mobile/test/no_dashboard_positioning_guard_test.dart
apps/voicememory_mobile/test/no_dashboard_release_mode_test.dart
apps/voicememory_mobile/test/not_relevant_current_relevance_fix_test.dart
apps/voicememory_mobile/test/objective_shortcut_registry_test.dart
apps/voicememory_mobile/test/onboarding_flow_test.dart
apps/voicememory_mobile/test/onboarding_launch_copy_test.dart
apps/voicememory_mobile/test/onboarding_screen_test.dart
apps/voicememory_mobile/test/one_entry_post_save_copy_test.dart
apps/voicememory_mobile/test/one_small_recording_test.dart
apps/voicememory_mobile/test/open_capture_mode_test.dart
apps/voicememory_mobile/test/paid_intent_beta_proof_test.dart
apps/voicememory_mobile/test/paid_intent_confirmation_test.dart
apps/voicememory_mobile/test/pattern_changed_test.dart
apps/voicememory_mobile/test/pattern_confidence_test.dart
apps/voicememory_mobile/test/pattern_correction_learning_coordinator_test.dart
apps/voicememory_mobile/test/pattern_correction_learning_store_test.dart
apps/voicememory_mobile/test/pattern_correction_test.dart
apps/voicememory_mobile/test/pattern_detail_test.dart
apps/voicememory_mobile/test/pattern_display_copy_gate_test.dart
apps/voicememory_mobile/test/pattern_hypothesis_engine_test.dart
apps/voicememory_mobile/test/pattern_lifecycle_test.dart
apps/voicememory_mobile/test/pattern_map_card_test.dart
apps/voicememory_mobile/test/pattern_map_engine_test.dart
apps/voicememory_mobile/test/pattern_map_screen_test.dart
apps/voicememory_mobile/test/pattern_match_quality_test.dart
apps/voicememory_mobile/test/pattern_memory_after_save_card_test.dart
apps/voicememory_mobile/test/pattern_memory_card_test.dart
apps/voicememory_mobile/test/pattern_memory_engine_test.dart
apps/voicememory_mobile/test/pattern_memory_store_test.dart
apps/voicememory_mobile/test/pattern_name_test.dart
apps/voicememory_mobile/test/pattern_next_action_card_test.dart
apps/voicememory_mobile/test/pattern_next_action_engine_test.dart
apps/voicememory_mobile/test/pattern_next_action_store_test.dart
apps/voicememory_mobile/test/pattern_profile_card_test.dart
apps/voicememory_mobile/test/pattern_profile_engine_test.dart
apps/voicememory_mobile/test/pattern_profile_screen_test.dart
apps/voicememory_mobile/test/pattern_progress_after_save_card_test.dart
apps/voicememory_mobile/test/pattern_progress_card_test.dart
apps/voicememory_mobile/test/pattern_progress_engine_test.dart
apps/voicememory_mobile/test/pattern_progress_store_test.dart
apps/voicememory_mobile/test/pattern_review_inbox_test.dart
apps/voicememory_mobile/test/pattern_share_recap_card_test.dart
apps/voicememory_mobile/test/pattern_share_recap_engine_test.dart
apps/voicememory_mobile/test/pattern_share_service_test.dart
apps/voicememory_mobile/test/patterns_check_in_status_card_test.dart
apps/voicememory_mobile/test/patterns_empty_view_test.dart
apps/voicememory_mobile/test/patterns_human_copy_test.dart
apps/voicememory_mobile/test/patterns_signals_waiting_card_test.dart
apps/voicememory_mobile/test/patterns_stack_policy_test.dart
apps/voicememory_mobile/test/payment_blocker_decision_matrix_test.dart
apps/voicememory_mobile/test/payment_proof_beta_instrument_test.dart
apps/voicememory_mobile/test/payment_proof_not_interest_gate_test.dart
apps/voicememory_mobile/test/paywall_alignment_test.dart
apps/voicememory_mobile/test/paywall_archive_branding_test.dart
apps/voicememory_mobile/test/paywall_conversion_clarity_test.dart
apps/voicememory_mobile/test/paywall_conversion_copy_test.dart
apps/voicememory_mobile/test/paywall_copy_alignment_test.dart
apps/voicememory_mobile/test/paywall_cta_lift_test.dart
apps/voicememory_mobile/test/paywall_launch_copy_test.dart
apps/voicememory_mobile/test/paywall_objection_follow_up_test.dart
apps/voicememory_mobile/test/paywall_objection_handling_test.dart
apps/voicememory_mobile/test/paywall_purchase_confidence_test.dart
apps/voicememory_mobile/test/paywall_rejection_capture_test.dart
apps/voicememory_mobile/test/paywall_restore_test.dart
apps/voicememory_mobile/test/paywall_source_attribution_test.dart
apps/voicememory_mobile/test/paywall_subscription_details_test.dart
apps/voicememory_mobile/test/paywall_timing_gates_test.dart
apps/voicememory_mobile/test/paywall_timing_test.dart
apps/voicememory_mobile/test/paywall_trigger_engine_test.dart
apps/voicememory_mobile/test/paywall_unavailable_buttons_test.dart
apps/voicememory_mobile/test/paywall_value_repair_test.dart
apps/voicememory_mobile/test/paywall_value_sharpening_test.dart
apps/voicememory_mobile/test/pending_transcript_recovery_test.dart
apps/voicememory_mobile/test/personal_return_prompt_test.dart
apps/voicememory_mobile/test/perspective_shift_card_test.dart
apps/voicememory_mobile/test/perspective_shift_engine_test.dart
apps/voicememory_mobile/test/physical_device_smoke_proof_test.dart
apps/voicememory_mobile/test/placeholder_evidence_filter_test.dart
apps/voicememory_mobile/test/positioning_comprehension_sheet_test.dart
apps/voicememory_mobile/test/positioning_comprehension_store_test.dart
apps/voicememory_mobile/test/positive_archive_reinforcement_test.dart
apps/voicememory_mobile/test/positive_pattern_test.dart
apps/voicememory_mobile/test/positive_reinforcement_test.dart
apps/voicememory_mobile/test/post_beta_response_roadmap_test.dart
apps/voicememory_mobile/test/post_proof_pro_cta_hardening_test.dart
apps/voicememory_mobile/test/post_save_archive_hierarchy_test.dart
apps/voicememory_mobile/test/post_save_copy_test.dart
apps/voicememory_mobile/test/post_save_focused_actions_test.dart
apps/voicememory_mobile/test/post_save_insight_choice_card_test.dart
apps/voicememory_mobile/test/post_save_insight_engine_test.dart
apps/voicememory_mobile/test/post_save_insight_feedback_test.dart
apps/voicememory_mobile/test/post_save_moment_detail_test.dart
apps/voicememory_mobile/test/post_save_recorded_summary_test.dart
apps/voicememory_mobile/test/post_save_reinforcement_placement_test.dart
apps/voicememory_mobile/test/post_save_repeat_copy_test.dart
apps/voicememory_mobile/test/post_save_repeat_ui_gates_test.dart
apps/voicememory_mobile/test/post_save_return_check_answer_test.dart
apps/voicememory_mobile/test/post_save_stability_gate_test.dart
apps/voicememory_mobile/test/premium_tiers_future_gate_test.dart
apps/voicememory_mobile/test/present_day_relevance_test.dart
apps/voicememory_mobile/test/preserved_proof_value_test.dart
apps/voicememory_mobile/test/pressure_check_in_test.dart
apps/voicememory_mobile/test/pressure_insights_copy_test.dart
apps/voicememory_mobile/test/pressure_insights_pro_gate_test.dart
apps/voicememory_mobile/test/pressure_pattern_reveal_test.dart
apps/voicememory_mobile/test/pressure_pattern_review_test.dart
apps/voicememory_mobile/test/pressure_personal_evidence_summary_test.dart
apps/voicememory_mobile/test/pressure_retention_bundle_test.dart
apps/voicememory_mobile/test/pressure_return_trigger_test.dart
apps/voicememory_mobile/test/price_objection_feedback_gate_test.dart
apps/voicememory_mobile/test/pricing_offer_validation_v2_test.dart
apps/voicememory_mobile/test/pricing_outcome_decision_matrix_test.dart
apps/voicememory_mobile/test/pricing_validation_test.dart
apps/voicememory_mobile/test/pricing_value_framing_test.dart
apps/voicememory_mobile/test/privacy_at_rest_hardening_test.dart
apps/voicememory_mobile/test/privacy_copy_policy_test.dart
apps/voicememory_mobile/test/privacy_data_controls_test.dart
apps/voicememory_mobile/test/privacy_screen_test.dart
apps/voicememory_mobile/test/privacy_trust_centre_test.dart
apps/voicememory_mobile/test/private_archive_report_test.dart
apps/voicememory_mobile/test/private_data_service_test.dart
apps/voicememory_mobile/test/private_recap_actions_test.dart
apps/voicememory_mobile/test/private_recap_engine_test.dart
apps/voicememory_mobile/test/private_recap_service_test.dart
apps/voicememory_mobile/test/private_report_test.dart
apps/voicememory_mobile/test/private_reports_future_gate_test.dart
apps/voicememory_mobile/test/private_storage_audit_test.dart
apps/voicememory_mobile/test/pro_access_enforcement_audit_test.dart
apps/voicememory_mobile/test/pro_bridge_timing_loosen_test.dart
apps/voicememory_mobile/test/pro_bridge_visibility_lift_test.dart
apps/voicememory_mobile/test/pro_conversion_audit_test.dart
apps/voicememory_mobile/test/pro_conversion_path_test.dart
apps/voicememory_mobile/test/pro_evidence_value_test.dart
apps/voicememory_mobile/test/pro_interest_test.dart
apps/voicememory_mobile/test/pro_lock_moment_test.dart
apps/voicememory_mobile/test/pro_memory_boundary_test.dart
apps/voicememory_mobile/test/pro_moment_timing_audit_v2_test.dart
apps/voicememory_mobile/test/pro_moment_timing_test.dart
apps/voicememory_mobile/test/pro_packaging_branch_test.dart
apps/voicememory_mobile/test/pro_packaging_test.dart
apps/voicememory_mobile/test/pro_placement_trigger_audit_test.dart
apps/voicememory_mobile/test/pro_preview_before_paywall_test.dart
apps/voicememory_mobile/test/pro_promise_copy_audit_test.dart
apps/voicememory_mobile/test/pro_retention_check_test.dart
apps/voicememory_mobile/test/pro_single_promise_test.dart
apps/voicememory_mobile/test/pro_trust_proof_loop_test.dart
apps/voicememory_mobile/test/pro_utility_branch_test.dart
apps/voicememory_mobile/test/pro_value_packaging_test.dart
apps/voicememory_mobile/test/pro_value_preview_card_test.dart
apps/voicememory_mobile/test/pro_value_preview_engine_test.dart
apps/voicememory_mobile/test/pro_value_preview_test.dart
apps/voicememory_mobile/test/pro_visibility_lift_test.dart
apps/voicememory_mobile/test/product_analytics_test.dart
apps/voicememory_mobile/test/product_language_consistency_guard_test.dart
apps/voicememory_mobile/test/production_candidate_checklist_test.dart
apps/voicememory_mobile/test/production_consumer_wording_test.dart
apps/voicememory_mobile/test/project_detail_fact_ledger_test.dart
apps/voicememory_mobile/test/prompt_assist_visibility_test.dart
apps/voicememory_mobile/test/proof_caution_rollback_guard_test.dart
apps/voicememory_mobile/test/proof_clarity_importance_diagnostic_test.dart
apps/voicememory_mobile/test/proof_copy_confidence_calibration_test.dart
apps/voicememory_mobile/test/proof_detail_repair_test.dart
apps/voicememory_mobile/test/proof_emotional_clarity_branch_test.dart
apps/voicememory_mobile/test/proof_explanation_repair_v2_test.dart
apps/voicememory_mobile/test/proof_floor_rescue_test.dart
apps/voicememory_mobile/test/proof_of_value_test.dart
apps/voicememory_mobile/test/proof_protection_repair_v2_test.dart
apps/voicememory_mobile/test/proof_quality_response_system_test.dart
apps/voicememory_mobile/test/proof_relevance_outcome_matrix_test.dart
apps/voicememory_mobile/test/proof_relevance_repair_test.dart
apps/voicememory_mobile/test/proof_repair_outcome_matrix_test.dart
apps/voicememory_mobile/test/proof_repair_playbooks_test.dart
apps/voicememory_mobile/test/proof_selection_explanation_test.dart
apps/voicememory_mobile/test/proof_selection_reinforcement_test.dart
apps/voicememory_mobile/test/proof_specificity_test.dart
apps/voicememory_mobile/test/proof_surface_why_appeared_test.dart
apps/voicememory_mobile/test/proof_to_pro_path_test.dart
apps/voicememory_mobile/test/proof_too_vague_fix_test.dart
apps/voicememory_mobile/test/proof_trail_positioning_test.dart
apps/voicememory_mobile/test/proof_value_bottleneck_playbook_test.dart
apps/voicememory_mobile/test/prove_default_wedge_test.dart
apps/voicememory_mobile/test/prove_enough_evidence_trail_test.dart
apps/voicememory_mobile/test/prove_enough_loop_review_test.dart
apps/voicememory_mobile/test/prove_enough_pattern_report_export_test.dart
apps/voicememory_mobile/test/prove_enough_post_record_test.dart
apps/voicememory_mobile/test/prove_enough_retention_features_test.dart
apps/voicememory_mobile/test/prove_enough_trigger_map_test.dart
apps/voicememory_mobile/test/purchase_confidence_test.dart
apps/voicememory_mobile/test/purchase_intent_return_cue_test.dart
apps/voicememory_mobile/test/purchase_smoke_test_mode_test.dart
apps/voicememory_mobile/test/quick_capture_friction_check_test.dart
apps/voicememory_mobile/test/quick_help_button_test.dart
apps/voicememory_mobile/test/quick_help_engine_test.dart
apps/voicememory_mobile/test/quick_help_sheet_test.dart
apps/voicememory_mobile/test/quick_text_capture_screen_test.dart
apps/voicememory_mobile/test/quiet_signal_test.dart
apps/voicememory_mobile/test/record_advanced_save_options_test.dart
apps/voicememory_mobile/test/record_capture_modes_test.dart
apps/voicememory_mobile/test/record_cta_policy_test.dart
apps/voicememory_mobile/test/record_help_prompt_sheet_test.dart
apps/voicememory_mobile/test/record_home_surface_policy_test.dart
apps/voicememory_mobile/test/record_proof_stack_policy_test.dart
apps/voicememory_mobile/test/record_return_pro_loop_test.dart
apps/voicememory_mobile/test/record_screen_framing_copy_test.dart
apps/voicememory_mobile/test/record_screen_overflow_test.dart
apps/voicememory_mobile/test/record_stack_policy_test.dart
apps/voicememory_mobile/test/recording_service_native_recorder_test.dart
apps/voicememory_mobile/test/recording_service_test.dart
apps/voicememory_mobile/test/referral_after_proof_gate_test.dart
apps/voicememory_mobile/test/referral_invite_after_value_test.dart
apps/voicememory_mobile/test/release_blocker_priority_test.dart
apps/voicememory_mobile/test/release_candidate_comprehension_test.dart
apps/voicememory_mobile/test/release_candidate_freeze_test.dart
apps/voicememory_mobile/test/release_candidate_smoke_test.dart
apps/voicememory_mobile/test/release_config_guard_test.dart
apps/voicememory_mobile/test/release_evidence_pack_test.dart
apps/voicememory_mobile/test/release_fragility_audit_test.dart
apps/voicememory_mobile/test/release_identity_consistency_test.dart
apps/voicememory_mobile/test/remember_this_action_items_test.dart
apps/voicememory_mobile/test/repeat_post_save_card_test.dart
apps/voicememory_mobile/test/repeat_recording_day2_loop_test.dart
apps/voicememory_mobile/test/repeat_return_check_test.dart
apps/voicememory_mobile/test/restore_purchases_flow_test.dart
apps/voicememory_mobile/test/result_next_check_card_test.dart
apps/voicememory_mobile/test/result_next_check_engine_test.dart
apps/voicememory_mobile/test/retention_diagnosis_engine_test.dart
apps/voicememory_mobile/test/retention_diagnosis_test.dart
apps/voicememory_mobile/test/retention_engine_test.dart
apps/voicememory_mobile/test/retention_onboarding_test.dart
apps/voicememory_mobile/test/retention_reminder_coordinator_test.dart
apps/voicememory_mobile/test/retention_state_card_test.dart
apps/voicememory_mobile/test/retention_state_engine_test.dart
apps/voicememory_mobile/test/return_after_proof_lift_test.dart
apps/voicememory_mobile/test/return_after_proof_lift_v2_test.dart
apps/voicememory_mobile/test/return_after_proof_strengthening_test.dart
apps/voicememory_mobile/test/return_capture_engine_test.dart
apps/voicememory_mobile/test/return_capture_store_test.dart
apps/voicememory_mobile/test/return_check_payoff_test.dart
apps/voicememory_mobile/test/return_comparison_test.dart
apps/voicememory_mobile/test/return_day_flow_test.dart
apps/voicememory_mobile/test/return_day_journey_card_test.dart
apps/voicememory_mobile/test/return_reason_engine_test.dart
apps/voicememory_mobile/test/return_ritual_test.dart
apps/voicememory_mobile/test/return_streak_test.dart
apps/voicememory_mobile/test/return_tomorrow_cue_test.dart
apps/voicememory_mobile/test/return_tomorrow_ritual_gate_test.dart
apps/voicememory_mobile/test/returning_record_watch_target_test.dart
apps/voicememory_mobile/test/returning_user_today_test.dart
apps/voicememory_mobile/test/revenue_foundation_test.dart
apps/voicememory_mobile/test/revenue_funnel_analytics_test.dart
apps/voicememory_mobile/test/revenue_lift_experiment_v2_test.dart
apps/voicememory_mobile/test/revenue_readiness_dashboard_test.dart
apps/voicememory_mobile/test/revenue_readiness_dashboard_v2_test.dart
apps/voicememory_mobile/test/revenuecat_live_proof_runner_test.dart
apps/voicememory_mobile/test/revenuecat_offerings_expectations_test.dart
apps/voicememory_mobile/test/revenuecat_release_config_test.dart
apps/voicememory_mobile/test/revenuecat_sandbox_proof_test.dart
apps/voicememory_mobile/test/review_prompt_after_value_test.dart
apps/voicememory_mobile/test/review_ritual_scheduling_test.dart
apps/voicememory_mobile/test/router/route_catalog_test.dart
apps/voicememory_mobile/test/routine_anchor_chooser_test.dart
apps/voicememory_mobile/test/routine_anchor_store_test.dart
apps/voicememory_mobile/test/safe_exports_future_gate_test.dart
apps/voicememory_mobile/test/safe_sharing_copy_test.dart
apps/voicememory_mobile/test/safe_sharing_future_gate_test.dart
apps/voicememory_mobile/test/sample_archive_demo_paths_test.dart
apps/voicememory_mobile/test/sample_archive_test.dart
apps/voicememory_mobile/test/sample_archive_tour_test.dart
apps/voicememory_mobile/test/save_a_repeat_habit_test.dart
apps/voicememory_mobile/test/screenshot_mode_test.dart
apps/voicememory_mobile/test/search_empty_state_test.dart
apps/voicememory_mobile/test/search_empty_state_widget_test.dart
apps/voicememory_mobile/test/second_moment_return_fix_test.dart
apps/voicememory_mobile/test/second_session_comparison_card_test.dart
apps/voicememory_mobile/test/second_session_payoff_test.dart
apps/voicememory_mobile/test/second_session_signal_engine_test.dart
apps/voicememory_mobile/test/secrets_production_block_hardening_test.dart
apps/voicememory_mobile/test/secrets_rotation_launch_gate_test.dart
apps/voicememory_mobile/test/security_api_response_safety_test.dart
apps/voicememory_mobile/test/security_api_usage_guard_test.dart
apps/voicememory_mobile/test/security_auth_isolation_test.dart
apps/voicememory_mobile/test/security_prompt_injection_guard_test.dart
apps/voicememory_mobile/test/security_settings_screen_test.dart
apps/voicememory_mobile/test/security_user_content_safety_test.dart
apps/voicememory_mobile/test/select_export_bulk_actions_test.dart
apps/voicememory_mobile/test/sensitive_do_not_surface_guard_test.dart
apps/voicememory_mobile/test/sensitive_screen_guard_test.dart
apps/voicememory_mobile/test/settings_screen_test.dart
apps/voicememory_mobile/test/settings_screen_widget_test.dart
apps/voicememory_mobile/test/share_card_test.dart
apps/voicememory_mobile/test/shareable_archive_proof_test.dart
apps/voicememory_mobile/test/shareable_milestone_cards_test.dart
apps/voicememory_mobile/test/shareable_non_private_proof_test.dart
apps/voicememory_mobile/test/shell_header_brand_test.dart
apps/voicememory_mobile/test/signal_archive_surfaces_test.dart
apps/voicememory_mobile/test/signal_evidence_engine_test.dart
apps/voicememory_mobile/test/signal_journey_engine_test.dart
apps/voicememory_mobile/test/signal_journey_surfaces_test.dart
apps/voicememory_mobile/test/signal_review_engine_test.dart
apps/voicememory_mobile/test/signal_review_surfaces_test.dart
apps/voicememory_mobile/test/single_launch_checklist_test.dart
apps/voicememory_mobile/test/stable_beta_polish_test.dart
apps/voicememory_mobile/test/start_here_recording_test.dart
apps/voicememory_mobile/test/start_here_save_receipt_test.dart
apps/voicememory_mobile/test/starter_prompt_interaction_test.dart
apps/voicememory_mobile/test/sticky_loop_consolidation_test.dart
apps/voicememory_mobile/test/storage/encrypted_json_storage_test.dart
apps/voicememory_mobile/test/store_readiness_audit_test.dart
apps/voicememory_mobile/test/store_readiness_proof_test.dart
apps/voicememory_mobile/test/store_readiness_single_source_test.dart
apps/voicememory_mobile/test/subscription_review_preview_test.dart
apps/voicememory_mobile/test/support/expand_advanced_save_options.dart
apps/voicememory_mobile/test/support/fake_native_recorder_platform.dart
apps/voicememory_mobile/test/support/memory_pressure_stores.dart
apps/voicememory_mobile/test/support/release_suite_static_state_reset.dart
apps/voicememory_mobile/test/support_feedback_screen_test.dart
apps/voicememory_mobile/test/surface_priority_audit_test.dart
apps/voicememory_mobile/test/surprise_engine_test.dart
apps/voicememory_mobile/test/sync_expectation_safety_guard_test.dart
apps/voicememory_mobile/test/sync_service_test.dart
apps/voicememory_mobile/test/temp_recording_cleanup_test.dart
apps/voicememory_mobile/test/tester_mission_test.dart
apps/voicememory_mobile/test/testflight_analytics_dashboard_test.dart
apps/voicememory_mobile/test/testflight_beta_launch_pack_test.dart
apps/voicememory_mobile/test/testflight_feedback_test.dart
apps/voicememory_mobile/test/testflight_manual_qa_pack_test.dart
apps/voicememory_mobile/test/theme_test.dart
apps/voicememory_mobile/test/then_vs_now_test.dart
apps/voicememory_mobile/test/theory_ranking_engine_test.dart
apps/voicememory_mobile/test/third_entry_belief_payoff_test.dart
apps/voicememory_mobile/test/thread_return_evidence_test.dart
apps/voicememory_mobile/test/three_day_challenge_test.dart
apps/voicememory_mobile/test/three_day_proof_challenge_gate_test.dart
apps/voicememory_mobile/test/three_moment_completion_lift_test.dart
apps/voicememory_mobile/test/tighten_anchors_again_test.dart
apps/voicememory_mobile/test/tighten_anchors_again_v2_test.dart
apps/voicememory_mobile/test/tighten_anchors_again_v3_test.dart
apps/voicememory_mobile/test/timeline_entry_display_test.dart
apps/voicememory_mobile/test/timeline_index_test.dart
apps/voicememory_mobile/test/timeline_positioning_test.dart
apps/voicememory_mobile/test/timeline_proof_moment_test.dart
apps/voicememory_mobile/test/todays_one_question_test.dart
apps/voicememory_mobile/test/todays_watch_for_card_test.dart
apps/voicememory_mobile/test/tomorrow_check_in_coordinator_test.dart
apps/voicememory_mobile/test/tomorrow_check_in_due_card_test.dart
apps/voicememory_mobile/test/tomorrow_check_in_store_test.dart
apps/voicememory_mobile/test/tomorrow_commitment_test.dart
apps/voicememory_mobile/test/tomorrow_return_loop_test.dart
apps/voicememory_mobile/test/topic_shift_guard_test.dart
apps/voicememory_mobile/test/topical_counter_evidence_test.dart
apps/voicememory_mobile/test/trail_language_guard_test.dart
apps/voicememory_mobile/test/transcript_correction_test.dart
apps/voicememory_mobile/test/transcription_pipeline_test.dart
apps/voicememory_mobile/test/treat_as_new_control_test.dart
apps/voicememory_mobile/test/trial_first_moment_card_test.dart
apps/voicememory_mobile/test/trial_mode_revenuecat_test.dart
apps/voicememory_mobile/test/trial_mode_test.dart
apps/voicememory_mobile/test/trial_reset_full_clear_test.dart
apps/voicememory_mobile/test/trial_reset_service_test.dart
apps/voicememory_mobile/test/trial_summary_engine_test.dart
apps/voicememory_mobile/test/trial_summary_exporter_test.dart
apps/voicememory_mobile/test/trust_recording_reliability_test.dart
apps/voicememory_mobile/test/typography_tokens_test.dart
apps/voicememory_mobile/test/useful_result_takeaway_engine_test.dart
apps/voicememory_mobile/test/user_confirmed_insights_test.dart
apps/voicememory_mobile/test/v1_expansion_guardrails_test.dart
apps/voicememory_mobile/test/v1_revenue_focus_test.dart
apps/voicememory_mobile/test/v1_scope_cut_test.dart
apps/voicememory_mobile/test/v1_sharper_interface_test.dart
apps/voicememory_mobile/test/v1_surface_scope_audit_test.dart
apps/voicememory_mobile/test/v1_visible_surface_reducer_test.dart
apps/voicememory_mobile/test/value_moment_paywall_test.dart
apps/voicememory_mobile/test/value_prop_ranking_diagnostic_test.dart
apps/voicememory_mobile/test/view_archive_after_save_test.dart
apps/voicememory_mobile/test/visible_archive_proof_ui_test.dart
apps/voicememory_mobile/test/visible_memory_controls_test.dart
apps/voicememory_mobile/test/voice_capture_quality_test.dart
apps/voicememory_mobile/test/voice_memory_search_test.dart
apps/voicememory_mobile/test/warm_archive_copy_test.dart
apps/voicememory_mobile/test/watch_for_coordinator_test.dart
apps/voicememory_mobile/test/watch_for_engine_test.dart
apps/voicememory_mobile/test/watch_for_prompt_engine_test.dart
apps/voicememory_mobile/test/watch_for_store_test.dart
apps/voicememory_mobile/test/wedge_retention_acquisition_pack_test.dart
apps/voicememory_mobile/test/weekly_archive_review_test.dart
apps/voicememory_mobile/test/weekly_pattern_recap_card_test.dart
apps/voicememory_mobile/test/weekly_pattern_recap_engine_test.dart
apps/voicememory_mobile/test/weekly_pattern_recap_store_test.dart
apps/voicememory_mobile/test/weekly_pattern_recap_test.dart
apps/voicememory_mobile/test/weekly_thread_review_test.dart
apps/voicememory_mobile/test/what_changed_since_last_time_test.dart
apps/voicememory_mobile/test/what_changed_v2_test.dart
apps/voicememory_mobile/test/what_to_notice_next_test.dart
apps/voicememory_mobile/test/widget_release_risk_gate_test.dart
apps/voicememory_mobile/test/widgets/record/curiosity_hook_card_test.dart
apps/voicememory_mobile/test/yesterday_watch_test.dart
apps/voicememory_mobile/tool/analyze_archive_v2_validation.dart
apps/voicememory_mobile/tool/analyze_topical_counter_relevance.dart
apps/voicememory_mobile/tool/check_archive_copy_logs.dart
apps/voicememory_mobile/tool/full_visual_audit.dart
apps/voicememory_mobile/tool/full_visual_audit_runner.dart
apps/voicememory_mobile/tool/output/archive_quality_raw.json
apps/voicememory_mobile/tool/output/gpt5_expansion_validation.json
apps/voicememory_mobile/tool/run_app_store_readiness_check.sh
apps/voicememory_mobile/tool/run_physical_device_release_smoke.sh
apps/voicememory_mobile/tool/run_revenuecat_live_proof_checklist.sh
apps/voicememory_mobile/tool/screenshot_capture.dart
apps/voicememory_mobile/tool/security_release_check.dart
apps/voicememory_mobile/tool/summarize_archive_quality.dart
apps/voicememory_mobile/tool/ui_screenshot_audit.dart
components/FeedbackPrompt.tsx
components/HabitLoopCard.tsx
components/InsightCardStatus.tsx
components/Recorder.tsx
components/ReflectOnEntryButton.tsx
components/account/AccountSecondaryNav.tsx
components/archive/ArchiveAccuracyTracker.tsx
components/archive/ArchiveAssetCard.tsx
components/archive/ArchiveBeliefEvidenceSection.tsx
components/archive/ArchiveDetailHub.tsx
components/archive/ArchiveImportPreviewPanel.tsx
components/archive/ArchiveReputationCard.tsx
components/archive/ArchiveVisualModel.tsx
components/archive/ArchiveWorthStatement.tsx
components/archive/BeliefSurvivalCard.tsx
components/archive/EvidenceLocker.tsx
components/archive/EvidenceSearch.tsx
components/archive/FirstSessionValueCard.tsx
components/archive/HomeArchiveBeliefIntro.tsx
components/archive/ReflectionLogPanel.tsx
components/archive/WhyMoreEvidenceMatters.tsx
components/billing/ValueMomentPaywall.tsx
components/blind-spots/BlindSpotReview.tsx
components/blind-spots/EmergingPatternsSection.tsx
components/blind-spots/PredictionReviewSection.tsx
components/capture/RecordCaptureChrome.tsx
components/distribution/TestimonialCapturePrompt.tsx
components/entry/EntryAtmosphereAttachment.tsx
components/entry/EntryPhotoAttachment.tsx
components/export/PrintReportDocument.tsx
components/homepage/MobileReturningHome.tsx
components/insights/IntensityTrendChart.tsx
components/insights/MemoryTimelineDashboard.tsx
components/memory/ConversationThreadSection.tsx
components/memory/MemoryContinuitySection.tsx
components/memory/MemorySeasonSection.tsx
components/memory/ReflectionBookmarkList.tsx
components/memory/ThreadListCard.tsx
components/onboarding/OnboardingConfidenceCheck.tsx
components/open-loops/OpenLoopCard.tsx
components/open-loops/OpenLoopEntryContinuity.tsx
components/patterns/AvoidanceCard.tsx
components/patterns/EmotionalEvolutionCard.tsx
components/patterns/LongitudinalContinuityCard.tsx
components/patterns/PhraseMemoryCard.tsx
components/pricing/PricingStaticShell.tsx
components/product/ActivationTheoryPreview.tsx
components/product/ArchiveValueBanner.tsx
components/product/ReflectionValueLadder.tsx
components/roundups/ReflectiveRoundupView.tsx
components/settings/PersonalizationSettings.tsx
components/territories/TerritorySections.tsx
components/theories/EvidenceBuildingCard.tsx
components/weekly/WeeklyAiReflection.tsx
docs/ARCHIVE_RELEVANCE_REPORT.md
docs/INTERNAL_COMPLEXITY_REPORT.md
docs/MOBILE_READINESS_REPORT.md
docs/STRIPE_LIVE_SETUP.md
docs/SURFACE_COMPLEXITY_REPORT.md
docs/history/ARCHIVE_AGREEMENT_PLAN.md
docs/history/ARCHIVE_ANALYST_PLAN.md
docs/history/ARCHIVE_ANALYST_TEST_PLAN.md
docs/history/ARCHIVE_CHANGE_FEED_PLAN.md
docs/history/ARCHIVE_DEEP_DIVE_PLAN.md
docs/history/ARCHIVE_DEEP_DIVE_TEST_PLAN.md
docs/history/ARCHIVE_GROWTH_LOOP_VALIDATION.md
docs/history/ARCHIVE_JOURNEY_PLAN.md
docs/history/ARCHIVE_PRODUCT_MARKET_FIT_AUDIT.md
docs/history/ARCHIVE_QUALITY_REPORT.md
docs/history/ARCHIVE_SHARE_CARDS_PLAN.md
docs/history/ARCHIVE_SURPRISES_PLAN.md
docs/history/ARCHIVE_THEORY_PLAN.md
docs/history/ARCHIVE_V1_PLAN.md
docs/history/ARCHIVE_V1_TEST_PLAN.md
docs/history/ARCHIVE_V2_VALIDATION.md
docs/history/ASO_POSITIONING.md
docs/history/BACKEND_HEALTH_AUDIT.md
docs/history/BELIEF_LIFECYCLE_PLAN.md
docs/history/BETA_FOUR_FAILURE_RESPONSE_RULES.md
docs/history/BETA_SURFACE_AREA_GUARDRAIL.md
docs/history/COUNTER_EVIDENCE_AUDIT.md
docs/history/EMPTY_STATE_AUDIT.md
docs/history/EMPTY_STATE_FIXES.md
docs/history/FIRST25_METRICS_DASHBOARD.md
docs/history/FIRST_TIME_USER_TEST.md
docs/history/FLUTTER_MOBILE.md
docs/history/GPT5_ARCHIVE_SYNTHESIS_PLAN.md
docs/history/GPT5_EXPANSION_VALIDATION.md
docs/history/GPT5_PRO_GATING_AUDIT.md
docs/history/GPT5_SYNTHESIS_PILOT_PLAN.md
docs/history/MEMORY_PIPELINE.md
docs/history/MEMORY_SURFACING.md
docs/history/MOBILE_CAPACITOR_SHELL_README.md
docs/history/MOBILE_NATIVE_SETUP.md
docs/history/MOBILE_SUBSCRIPTION_STRATEGY.md
docs/history/MODEL_AUDIT.md
docs/history/MONTHLY_REVIEW_EMAIL_PLAN.md
docs/history/NEXT_3_HIGHEST_ROI_IMPROVEMENTS.md
docs/history/NEXT_HIGHEST_ROI_IMPROVEMENTS.md
docs/history/PAYWALL_REDESIGN_PLAN.md
docs/history/PAYWALL_TRIGGER_AUDIT.md
docs/history/PAYWALL_VARIANT_B_IMPLEMENTATION.md
docs/history/POST_BETA_RESPONSE_ROADMAP.md
docs/history/POST_DEPLOY_QA.md
docs/history/PRIMARY_THEORY_AUDIT.md
docs/history/PRODUCTION_LANGUAGE_AUDIT.md
docs/history/REBRAND_AUDIT.md
docs/history/REBRAND_FIX_REPORT.md
docs/history/REPO_INTEGRITY_AUDIT.md
docs/history/REVENUECAT_PRODUCTION_AUDIT.md
docs/history/REVENUECAT_PRODUCTION_EVIDENCE.md
docs/history/SETTINGS_PRODUCTION_AUDIT.md
docs/history/TESTFLIGHT_FULL_SUITE_STABILISATION.md
docs/history/TOPICAL_COUNTER_EVIDENCE_PLAN.md
docs/history/TOP_10_ARCHIVE_IMPROVEMENTS.md
docs/history/TRAIT_POLLUTION_AUDIT.md
docs/history/TRAIT_POLLUTION_REMOVAL_PLAN.md
docs/history/UNIFIED_THEORY_SELECTION_PLAN.md
docs/history/VOICE_MEMORY_PRINCIPLES.md
docs/reports/emotional_ai_aplus_eval_report.md
docs/reports/emotional_quality_adversarial_eval_report.md
docs/sql/001_auth_sync_schema.sql
docs/sql/002_grade_a_schema.sql
e2e/helpers/a11y-page-ready.ts
e2e/helpers/mobile-layout.ts
e2e/ui-mobile-375.spec.ts
e2e/ui-screen-reader-structure.spec.ts
e2e/ui-smoke.spec.ts
experiments/backend/app/api/archive-synthesis/route.ts
experiments/backend/app/api/atmosphere/route.ts
experiments/backend/app/api/internal/archive-monthly-review/route.ts
experiments/backend/app/api/live-audio/recover/route.ts
experiments/backend/app/api/live-audio/session/route.ts
experiments/backend/app/api/live-audio/vault-recovery/route.ts
experiments/backend/app/api/weekly-reflection/route.ts
lib/analyze/parse-reflection-response-tests.ts
lib/analyze/parse-reflection-response.ts
lib/archive-synthesis/archive-synthesis-cache.ts
lib/archive-synthesis/archive-synthesis-common.ts
lib/archive-synthesis/archive-synthesis-prompt.ts
lib/archive-synthesis/archive-synthesis-validator.ts
lib/archive/archive-attachment-copy.ts
lib/archive/archive-belief-copy.ts
lib/archive/archive-belief.ts
lib/archive/archive-difference-examples.ts
lib/archive/archive-emotional-copy.ts
lib/archive/archive-export-preview.ts
lib/archive/archive-home-score.ts
lib/archive/archive-implications.ts
lib/archive/archive-landmarks.ts
lib/archive/archive-milestone-copy.ts
lib/archive/archive-movement-copy.ts
lib/archive/archive-movement.ts
lib/archive/archive-open-question.ts
lib/archive/archive-ownership-v2.ts
lib/archive/archive-ownership.ts
lib/archive/archive-progress-copy.ts
lib/archive/archive-question-engine.ts
lib/archive/archive-record-copy.ts
lib/archive/archive-reputation-movement.ts
lib/archive/archive-reputation-trust.ts
lib/archive/archive-state-object.ts
lib/archive/archive-voice.ts
lib/archive/archive-worth.ts
lib/archive/belief-dossier.ts
lib/archive/belief-timeline-copy.ts
lib/archive/continuity-reinforcement-copy.ts
lib/archive/continuity-reinforcement.ts
lib/archive/contradiction-history.ts
lib/archive/copy.ts
lib/archive/effort-compounds-copy.ts
lib/archive/evidence-archive-home-copy.ts
lib/archive/evidence-education-copy.ts
lib/archive/evidence-locker.ts
lib/archive/evidence-search.ts
lib/archive/first-session-value.ts
lib/archive/hard-to-reproduce-proof.ts
lib/archive/immediate-engagement-copy.ts
lib/archive/immediate-engagement.ts
lib/archive/markdown-export.ts
lib/archive/session-movement-summary-copy.ts
lib/archive/session-movement-summary.ts
lib/archive/validate-import.ts
lib/archive/what-is-my-archive.ts
lib/archive/zip-package.ts
lib/auth/auth-trigger-rules.ts
lib/billing/billing-display-constants.ts
lib/billing/paywall-attribution-copy.ts
lib/billing/pro-price-label.ts
lib/billing/start-checkout.ts
lib/billing/stripe-webhook-handler.ts
lib/billing/value-moment-paywall-copy.ts
lib/billing/value-moment-paywall.ts
lib/blind-spots/a-tier-prioritization.ts
lib/blind-spots/blind-spot-copy.ts
lib/blind-spots/blind-spot-experiment.ts
lib/blind-spots/blind-spot-review-delta.ts
lib/blind-spots/blind-spot-review.ts
lib/blind-spots/cost-evidence.ts
lib/blind-spots/mini-wow-copy.ts
lib/blind-spots/mini-wow.ts
lib/blind-spots/prediction-review.ts
lib/comparison/comparison-engine-prompt.ts
lib/contextual-reminders.ts
lib/design/archive-copy-restraint.ts
lib/design/archive-empty-state-copy.ts
lib/design/archive-experience-language.ts
lib/design/archive-visual-gravity.ts
lib/discover/discover-copy.ts
lib/discover/evidence-feed.ts
lib/discover/theory-movement-copy.ts
lib/email/archive-monthly-review-email.ts
lib/entitlement/entitlements.ts
lib/entitlement/resurfacing-scope.ts
lib/entitlement/tiers.ts
lib/evidence/prior-evidence-client.ts
lib/live-audio/gemini-live-proxy.ts
lib/live-audio/live-audio-connection-registry.ts
lib/live-audio/recovery-queue.ts
lib/live-audio/session-store.ts
lib/live-audio/usage-limits.ts
lib/live-audio/vault-recovery-process.ts
lib/live-audio/ws-auth.ts
lib/live-audio/ws-proxy-connection.ts
lib/live-audio/ws-upgrade.ts
lib/marketing/acquisition-copy.ts
lib/marketing/acquisition-restraint.ts
lib/notifications/notification-copy.ts
lib/onboarding/archive-onboarding-copy.ts
lib/open-loops/open-loop-copy.ts
lib/patterns/avoidance.ts
lib/patterns/changes.ts
lib/patterns/continuity-engine.ts
lib/patterns/contradictions.ts
lib/patterns/emotional-evolution.ts
lib/patterns/pattern-engine.ts
lib/patterns/specificity-score.ts
lib/pending-reflection.ts
lib/pilot/pilot-copy.ts
lib/product-copy.ts
lib/product/activation-theory-preview.ts
lib/product/anticipatory-memory-copy.ts
lib/product/archive-positioning.ts
lib/product/archive-product-copy.ts
lib/product/archive-value-progress.ts
lib/product/evidence-archive-preview-copy.ts
lib/product/evolving-understanding-copy.ts
lib/product/first-blind-spot-simulator-copy.ts
lib/product/first-blind-spot-simulator.ts
lib/product/human-continuity-ui.ts
lib/product/product-simplification-copy.ts
lib/product/simplicity-mode.ts
lib/product/surface-audit.ts
lib/push/mobile-push-devices.ts
lib/reflection.ts
lib/reliability/analyze-route-tests.ts
lib/reliability/billing-aplus-tests.ts
lib/reliability/comparison-engine-prompt-tests.ts
lib/reliability/live-audio-session-route-tests.ts
lib/reliability/live-audio-vault-recovery-route-tests.ts
lib/reliability/live-audio-ws-route-tests.ts
lib/reliability/privacy-logs-tests.ts
lib/reliability/transcribe-route-tests.ts
lib/retention/belief-recall-copy.ts
lib/retention/organic-referral-copy.ts
lib/retention/return-trigger-attribution-copy.ts
lib/server/account-deletion.ts
lib/server/api-guard.ts
lib/server/api-usage-store.ts
lib/server/auth-store-postgres.ts
lib/server/auth-store.ts
lib/server/billing-entitlements.ts
lib/server/db.ts
lib/server/journal-store.ts
lib/server/live-audio-guard.ts
lib/server/migration-manifest.ts
lib/server/migration-verify.ts
lib/server/openai-spend-store.ts
lib/server/production-env.ts
lib/server/resurfacing-feedback-store.ts
lib/server/resurfacing-metrics-store.ts
lib/server/session.ts
lib/server/structured-log.ts
lib/server/sync-store-postgres.ts
lib/server/sync-store.ts
lib/server/webhook-idempotency.ts
lib/share-memory-cards.ts
lib/storage.ts
lib/subscription.ts
lib/sync/copy.ts
lib/theories/personal-theory-copy.ts
lib/theories/personal-theory-map.ts
lib/theories/personal-theory-status.ts
lib/theories/theory-changed.ts
lib/theories/theory-confidence-movement.ts
lib/theories/theory-copy.ts
lib/theories/theory-generation.ts
lib/theories/theory-notification-copy.ts
lib/theories/theory-notification-generator.ts
lib/theories/theory-resolution.ts
lib/theories/theory-uncertainty.ts
lib/trust-copy.ts
lib/why-this-matters.ts
next.config.ts
npx_tsc.out
package-lock.json
package.json
playwright.config.ts
scripts/build-server.mjs
scripts/validate-api-guard.mjs
scripts/validate-archive-onboarding.mjs
scripts/validate-archive-voice.mjs
scripts/validate-atmosphere-restraint.mjs
scripts/validate-debug-guard.mjs
scripts/validate-entry-route-restraint.mjs
scripts/validate-homepage-cta-restraint.mjs
scripts/validate-integrity-restraint.mjs
scripts/validate-migrations.mjs
scripts/validate-mobile-native.mjs
scripts/validate-onboarding-restraint.mjs
scripts/validate-openai-budget.mjs
scripts/validate-paywall-attribution.mjs
scripts/validate-screen-reader-structure.mjs
scripts/validate-security-aplus.mjs
scripts/validate-value-moment-paywall.mjs
server.entry.ts
"test-results 2/.last-run.json"
"test-results/.last-run 2.json"
test-results/.last-run.json
tsconfig.json
types/archive-synthesis.ts
types/journal.ts
types/sync.ts
types/weekly.ts
vercel.json
.cursorindexingignore
.fvmrc
.github/
CONCLUSION_EVALUATION_REPORT.md
PHASE_1_RELEASE_BLOCKER_REPORT.md
V1_CODEBASE_REDUCTION_REPORT.md
V1_REACHABILITY_REPORT.md
V1_REMOVAL_MANIFEST.md
analysis_options.yaml
android/
app/api/analytics/
app/api/billing/revenuecat/
app/api/internal/unit-economics/
app/api/user/
apps/voicememory_mobile/1784833250810029_pattern_changed.json
apps/voicememory_mobile/1784833252153031_pattern_changed.json
apps/voicememory_mobile/1784833252202523_pattern_changed.json
apps/voicememory_mobile/1784833252236225_pattern_changed.json
apps/voicememory_mobile/1784833252268196_pattern_changed.json
apps/voicememory_mobile/1784833252293535_pattern_changed.json
apps/voicememory_mobile/1784833252702721_pattern_changed.json
apps/voicememory_mobile/1784833252770373_pattern_changed.json
apps/voicememory_mobile/1784833252815150_pattern_changed.json
apps/voicememory_mobile/1784833252849702_pattern_changed.json
apps/voicememory_mobile/1784833252877035_pattern_changed.json
apps/voicememory_mobile/1784833253197598_pattern_changed.json
apps/voicememory_mobile/1784833253245978_pattern_changed.json
apps/voicememory_mobile/1784833253323344_pattern_changed.json
apps/voicememory_mobile/1784833253840889_pattern_changed.json
apps/voicememory_mobile/1784833253895873_pattern_changed.json
apps/voicememory_mobile/1784833253999903_pattern_changed.json
apps/voicememory_mobile/1784833254046692_pattern_changed.json
apps/voicememory_mobile/1784833254064280_pattern_changed.json
apps/voicememory_mobile/1784833254089265_pattern_changed.json
apps/voicememory_mobile/1784833254107182_pattern_changed.json
apps/voicememory_mobile/1784833254129690_pattern_changed.json
apps/voicememory_mobile/1784833254153094_pattern_changed.json
apps/voicememory_mobile/1784833280175873_wcslt.json
apps/voicememory_mobile/1784833280230093_wcslt.json
apps/voicememory_mobile/1784833280333356_wcslt.json
apps/voicememory_mobile/1784833280389771_wcslt.json
apps/voicememory_mobile/1784833280440996_wcslt.json
apps/voicememory_mobile/1784833280498945_wcslt.json
apps/voicememory_mobile/1784833280556871_wcslt.json
apps/voicememory_mobile/1784833280620198_wcslt.json
apps/voicememory_mobile/1784833280668564_wcslt.json
apps/voicememory_mobile/1784833280714510_wcslt.json
apps/voicememory_mobile/1784833280762827_wcslt.json
apps/voicememory_mobile/1784833280816471_wcslt.json
apps/voicememory_mobile/1784833280848290_wcslt.json
apps/voicememory_mobile/1784833280872004_wcslt.json
apps/voicememory_mobile/1784833281462362_wcslt.json
apps/voicememory_mobile/1784833281485635_wcslt.json
apps/voicememory_mobile/1784833281537800_wcslt.json
apps/voicememory_mobile/1784833281584325_wcslt.json
apps/voicememory_mobile/1784833377051640_confirmed_repeat_beta.json
apps/voicememory_mobile/1784833377227724_confirmed_repeat_beta.json
apps/voicememory_mobile/1784833377267755_confirmed_repeat_beta.json
apps/voicememory_mobile/1784833377298825_confirmed_repeat_beta.json
apps/voicememory_mobile/1784833377343992_confirmed_repeat_beta.json
apps/voicememory_mobile/1784833377373629_confirmed_repeat_beta.json
apps/voicememory_mobile/1784833377399364_confirmed_repeat_beta.json
apps/voicememory_mobile/1784833377425058_confirmed_repeat_beta.json
apps/voicememory_mobile/1784833377448751_confirmed_repeat_beta.json
apps/voicememory_mobile/1784833377478514_confirmed_repeat_beta.json
apps/voicememory_mobile/1784833377998034_confirmed_repeat_beta.json
apps/voicememory_mobile/1784833378238401_confirmed_repeat_beta.json
apps/voicememory_mobile/1784833378323930_confirmed_repeat_beta.json
apps/voicememory_mobile/1784833378390348_confirmed_repeat_beta.json
apps/voicememory_mobile/1784833378528797_confirmed_repeat_beta.json
apps/voicememory_mobile/1784833378655318_confirmed_repeat_beta.json
apps/voicememory_mobile/1784833378730623_confirmed_repeat_beta.json
apps/voicememory_mobile/1784833378801387_confirmed_repeat_beta.json
apps/voicememory_mobile/1784833380350938_haa.json
apps/voicememory_mobile/1784833380514337_haa.json
apps/voicememory_mobile/1784833380570262_haa.json
apps/voicememory_mobile/1784833380616384_haa.json
apps/voicememory_mobile/1784833380668652_haa.json
apps/voicememory_mobile/1784833380715664_haa.json
apps/voicememory_mobile/1784833380757773_haa.json
apps/voicememory_mobile/1784833380787243_haa.json
apps/voicememory_mobile/1784833380832293_haa.json
apps/voicememory_mobile/1784833380854483_haa.json
apps/voicememory_mobile/1784833380906544_haa.json
apps/voicememory_mobile/1784833380951219_haa.json
apps/voicememory_mobile/1784833380996939_haa.json
apps/voicememory_mobile/1784833381524293_haa.json
apps/voicememory_mobile/1784833381557866_haa.json
apps/voicememory_mobile/1784833381616743_haa.json
apps/voicememory_mobile/1784833407459692_rcp.json
apps/voicememory_mobile/1784833407602810_rcp.json
apps/voicememory_mobile/1784833407734395_rcp.json
apps/voicememory_mobile/1784833407820680_rcp.json
apps/voicememory_mobile/1784833407879921_rcp.json
apps/voicememory_mobile/1784833407941922_rcp.json
apps/voicememory_mobile/1784833407998693_rcp.json
apps/voicememory_mobile/1784833408065774_rcp.json
apps/voicememory_mobile/1784833408127058_rcp.json
apps/voicememory_mobile/1784833408191512_rcp.json
apps/voicememory_mobile/1784833408225613_rcp.json
apps/voicememory_mobile/1784833408254261_rcp.json
apps/voicememory_mobile/1784833408283957_rcp.json
apps/voicememory_mobile/1784833408752409_rcp.json
apps/voicememory_mobile/1784833408788459_rcp.json
apps/voicememory_mobile/1784833408823114_rcp.json
apps/voicememory_mobile/1784833408893822_rcp.json
apps/voicememory_mobile/1784833408925278_rcp.json
apps/voicememory_mobile/1784833408951866_rcp.json
apps/voicememory_mobile/1784853114444192_pattern_changed.json
apps/voicememory_mobile/1784853114511254_pattern_changed.json
apps/voicememory_mobile/1784853114561511_pattern_changed.json
apps/voicememory_mobile/1784853114597439_pattern_changed.json
apps/voicememory_mobile/1784853114640710_pattern_changed.json
apps/voicememory_mobile/1784853114670263_pattern_changed.json
apps/voicememory_mobile/1784853114699080_pattern_changed.json
apps/voicememory_mobile/1784853114724820_pattern_changed.json
apps/voicememory_mobile/1784853114754862_pattern_changed.json
apps/voicememory_mobile/1784853114789159_pattern_changed.json
apps/voicememory_mobile/1784853114815829_pattern_changed.json
apps/voicememory_mobile/1784853114838383_pattern_changed.json
apps/voicememory_mobile/1784853114857638_pattern_changed.json
apps/voicememory_mobile/1784853114917118_pattern_changed.json
apps/voicememory_mobile/1784853115439258_pattern_changed.json
apps/voicememory_mobile/1784853115516015_pattern_changed.json
apps/voicememory_mobile/1784853115634354_pattern_changed.json
apps/voicememory_mobile/1784853115698989_pattern_changed.json
apps/voicememory_mobile/1784853115729300_pattern_changed.json
apps/voicememory_mobile/1784853115798592_pattern_changed.json
apps/voicememory_mobile/1784853115821612_pattern_changed.json
apps/voicememory_mobile/1784853115849628_pattern_changed.json
apps/voicememory_mobile/1784853115877908_pattern_changed.json
apps/voicememory_mobile/1784853137172510_wcslt.json
apps/voicememory_mobile/1784853137222416_wcslt.json
apps/voicememory_mobile/1784853137320738_wcslt.json
apps/voicememory_mobile/1784853137382346_wcslt.json
apps/voicememory_mobile/1784853137441521_wcslt.json
apps/voicememory_mobile/1784853137492565_wcslt.json
apps/voicememory_mobile/1784853137543710_wcslt.json
apps/voicememory_mobile/1784853137593580_wcslt.json
apps/voicememory_mobile/1784853137647209_wcslt.json
apps/voicememory_mobile/1784853137672487_wcslt.json
apps/voicememory_mobile/1784853137716484_wcslt.json
apps/voicememory_mobile/1784853137775039_wcslt.json
apps/voicememory_mobile/1784853137804767_wcslt.json
apps/voicememory_mobile/1784853137844544_wcslt.json
apps/voicememory_mobile/1784853138334067_wcslt.json
apps/voicememory_mobile/1784853138355910_wcslt.json
apps/voicememory_mobile/1784853138406569_wcslt.json
apps/voicememory_mobile/1784853138443516_wcslt.json
apps/voicememory_mobile/1784853232753915_confirmed_repeat_beta.json
apps/voicememory_mobile/1784853232825444_confirmed_repeat_beta.json
apps/voicememory_mobile/1784853232856727_confirmed_repeat_beta.json
apps/voicememory_mobile/1784853232886031_confirmed_repeat_beta.json
apps/voicememory_mobile/1784853232939835_confirmed_repeat_beta.json
apps/voicememory_mobile/1784853232974056_confirmed_repeat_beta.json
apps/voicememory_mobile/1784853232996221_confirmed_repeat_beta.json
apps/voicememory_mobile/1784853233035599_confirmed_repeat_beta.json
apps/voicememory_mobile/1784853233061277_confirmed_repeat_beta.json
apps/voicememory_mobile/1784853233086944_confirmed_repeat_beta.json
apps/voicememory_mobile/1784853233655798_confirmed_repeat_beta.json
apps/voicememory_mobile/1784853233909202_confirmed_repeat_beta.json
apps/voicememory_mobile/1784853233986623_confirmed_repeat_beta.json
apps/voicememory_mobile/1784853234049195_confirmed_repeat_beta.json
apps/voicememory_mobile/1784853234195062_confirmed_repeat_beta.json
apps/voicememory_mobile/1784853234316121_confirmed_repeat_beta.json
apps/voicememory_mobile/1784853234380644_confirmed_repeat_beta.json
apps/voicememory_mobile/1784853234410818_confirmed_repeat_beta.json
apps/voicememory_mobile/1784853237185633_haa.json
apps/voicememory_mobile/1784853237323633_haa.json
apps/voicememory_mobile/1784853237367825_haa.json
apps/voicememory_mobile/1784853237404603_haa.json
apps/voicememory_mobile/1784853237451480_haa.json
apps/voicememory_mobile/1784853237494369_haa.json
apps/voicememory_mobile/1784853237534946_haa.json
apps/voicememory_mobile/1784853237557339_haa.json
apps/voicememory_mobile/1784853237590441_haa.json
apps/voicememory_mobile/1784853237741871_haa.json
apps/voicememory_mobile/1784853237852691_haa.json
apps/voicememory_mobile/1784853237911035_haa.json
apps/voicememory_mobile/1784853237960521_haa.json
apps/voicememory_mobile/1784853238456512_haa.json
apps/voicememory_mobile/1784853238535782_haa.json
apps/voicememory_mobile/1784853238620246_haa.json
apps/voicememory_mobile/1784853269968559_rcp.json
apps/voicememory_mobile/1784853271172812_rcp.json
apps/voicememory_mobile/1784853271268422_rcp.json
apps/voicememory_mobile/1784853271315180_rcp.json
apps/voicememory_mobile/1784853271371110_rcp.json
apps/voicememory_mobile/1784853271419382_rcp.json
apps/voicememory_mobile/1784853271467488_rcp.json
apps/voicememory_mobile/1784853271510627_rcp.json
apps/voicememory_mobile/1784853271550595_rcp.json
apps/voicememory_mobile/1784853271592989_rcp.json
apps/voicememory_mobile/1784853271610028_rcp.json
apps/voicememory_mobile/1784853271628519_rcp.json
apps/voicememory_mobile/1784853271652334_rcp.json
apps/voicememory_mobile/1784853272223841_rcp.json
apps/voicememory_mobile/1784853272245367_rcp.json
apps/voicememory_mobile/1784853272282318_rcp.json
apps/voicememory_mobile/1784853272337079_rcp.json
apps/voicememory_mobile/1784853272357826_rcp.json
apps/voicememory_mobile/1784853272378742_rcp.json
apps/voicememory_mobile/1784853938799078_pattern_changed.json
apps/voicememory_mobile/1784853938848255_pattern_changed.json
apps/voicememory_mobile/1784853938889391_pattern_changed.json
apps/voicememory_mobile/1784853938918613_pattern_changed.json
apps/voicememory_mobile/1784853938944172_pattern_changed.json
apps/voicememory_mobile/1784853938966673_pattern_changed.json
apps/voicememory_mobile/1784853938988828_pattern_changed.json
apps/voicememory_mobile/1784853939010253_pattern_changed.json
apps/voicememory_mobile/1784853939031447_pattern_changed.json
apps/voicememory_mobile/1784853939051199_pattern_changed.json
apps/voicememory_mobile/1784853939071449_pattern_changed.json
apps/voicememory_mobile/1784853939086377_pattern_changed.json
apps/voicememory_mobile/1784853939101399_pattern_changed.json
apps/voicememory_mobile/1784853939147857_pattern_changed.json
apps/voicememory_mobile/1784853939533958_pattern_changed.json
apps/voicememory_mobile/1784853939581101_pattern_changed.json
apps/voicememory_mobile/1784853939663111_pattern_changed.json
apps/voicememory_mobile/1784853940086811_pattern_changed.json
apps/voicememory_mobile/1784853940312571_pattern_changed.json
apps/voicememory_mobile/1784853940339050_pattern_changed.json
apps/voicememory_mobile/1784853940356891_pattern_changed.json
apps/voicememory_mobile/1784853940374379_pattern_changed.json
apps/voicememory_mobile/1784853940390162_pattern_changed.json
apps/voicememory_mobile/1784854036002007_wcslt.json
apps/voicememory_mobile/1784854036051920_wcslt.json
apps/voicememory_mobile/1784854036144733_wcslt.json
apps/voicememory_mobile/1784854036200125_wcslt.json
apps/voicememory_mobile/1784854036246534_wcslt.json
apps/voicememory_mobile/1784854036290929_wcslt.json
apps/voicememory_mobile/1784854036334709_wcslt.json
apps/voicememory_mobile/1784854036378272_wcslt.json
apps/voicememory_mobile/1784854036420483_wcslt.json
apps/voicememory_mobile/1784854036437107_wcslt.json
apps/voicememory_mobile/1784854036475925_wcslt.json
apps/voicememory_mobile/1784854036518068_wcslt.json
apps/voicememory_mobile/1784854036536914_wcslt.json
apps/voicememory_mobile/1784854036551314_wcslt.json
apps/voicememory_mobile/1784854037122127_wcslt.json
apps/voicememory_mobile/1784854037156839_wcslt.json
apps/voicememory_mobile/1784854037202682_wcslt.json
apps/voicememory_mobile/1784854037228986_wcslt.json
apps/voicememory_mobile/1784854329675803_confirmed_repeat_beta.json
apps/voicememory_mobile/1784854329727054_confirmed_repeat_beta.json
apps/voicememory_mobile/1784854329747563_confirmed_repeat_beta.json
apps/voicememory_mobile/1784854329765184_confirmed_repeat_beta.json
apps/voicememory_mobile/1784854329780945_confirmed_repeat_beta.json
apps/voicememory_mobile/1784854329796374_confirmed_repeat_beta.json
apps/voicememory_mobile/1784854329813655_confirmed_repeat_beta.json
apps/voicememory_mobile/1784854329828259_confirmed_repeat_beta.json
apps/voicememory_mobile/1784854329842528_confirmed_repeat_beta.json
apps/voicememory_mobile/1784854329858101_confirmed_repeat_beta.json
apps/voicememory_mobile/1784854330260127_confirmed_repeat_beta.json
apps/voicememory_mobile/1784854330408375_confirmed_repeat_beta.json
apps/voicememory_mobile/1784854330478912_confirmed_repeat_beta.json
apps/voicememory_mobile/1784854330529508_confirmed_repeat_beta.json
apps/voicememory_mobile/1784854330763301_confirmed_repeat_beta.json
apps/voicememory_mobile/1784854330902263_confirmed_repeat_beta.json
apps/voicememory_mobile/1784854330953415_confirmed_repeat_beta.json
apps/voicememory_mobile/1784854330980727_confirmed_repeat_beta.json
apps/voicememory_mobile/1784854340980802_haa.json
apps/voicememory_mobile/1784854341083085_haa.json
apps/voicememory_mobile/1784854341118551_haa.json
apps/voicememory_mobile/1784854341141066_haa.json
apps/voicememory_mobile/1784854341173153_haa.json
apps/voicememory_mobile/1784854341201222_haa.json
apps/voicememory_mobile/1784854341231429_haa.json
apps/voicememory_mobile/1784854341245480_haa.json
apps/voicememory_mobile/1784854341260115_haa.json
apps/voicememory_mobile/1784854341273478_haa.json
apps/voicememory_mobile/1784854341314196_haa.json
apps/voicememory_mobile/1784854341341296_haa.json
apps/voicememory_mobile/1784854341368168_haa.json
apps/voicememory_mobile/1784854341761615_haa.json
apps/voicememory_mobile/1784854341786537_haa.json
apps/voicememory_mobile/1784854341804914_haa.json
apps/voicememory_mobile/1784854645158703_archive_beta_mission.json
apps/voicememory_mobile/1784855045043137_confirmed_repeat_beta.json
apps/voicememory_mobile/1784855045096326_confirmed_repeat_beta.json
apps/voicememory_mobile/1784855045116315_confirmed_repeat_beta.json
apps/voicememory_mobile/1784855045134467_confirmed_repeat_beta.json
apps/voicememory_mobile/1784855045152679_confirmed_repeat_beta.json
apps/voicememory_mobile/1784855045168817_confirmed_repeat_beta.json
apps/voicememory_mobile/1784855045186577_confirmed_repeat_beta.json
apps/voicememory_mobile/1784855045201661_confirmed_repeat_beta.json
apps/voicememory_mobile/1784855045215438_confirmed_repeat_beta.json
apps/voicememory_mobile/1784855045232839_confirmed_repeat_beta.json
apps/voicememory_mobile/1784855045632630_confirmed_repeat_beta.json
apps/voicememory_mobile/1784855045778983_confirmed_repeat_beta.json
apps/voicememory_mobile/1784855045846581_confirmed_repeat_beta.json
apps/voicememory_mobile/1784855045907093_confirmed_repeat_beta.json
apps/voicememory_mobile/1784855046064708_confirmed_repeat_beta.json
apps/voicememory_mobile/1784855046239250_confirmed_repeat_beta.json
apps/voicememory_mobile/1784855046290902_confirmed_repeat_beta.json
apps/voicememory_mobile/1784855046316896_confirmed_repeat_beta.json
apps/voicememory_mobile/1784855459532296_haa.json
apps/voicememory_mobile/1784855459634517_haa.json
apps/voicememory_mobile/1784855459670770_haa.json
apps/voicememory_mobile/1784855459693407_haa.json
apps/voicememory_mobile/1784855459727099_haa.json
apps/voicememory_mobile/1784855459757783_haa.json
apps/voicememory_mobile/1784855459787439_haa.json
apps/voicememory_mobile/1784855459801730_haa.json
apps/voicememory_mobile/1784855459816073_haa.json
apps/voicememory_mobile/1784855459829451_haa.json
apps/voicememory_mobile/1784855459870743_haa.json
apps/voicememory_mobile/1784855459898508_haa.json
apps/voicememory_mobile/1784855459924507_haa.json
apps/voicememory_mobile/1784855460317718_haa.json
apps/voicememory_mobile/1784855460339382_haa.json
apps/voicememory_mobile/1784855460356714_haa.json
apps/voicememory_mobile/1784855619534972_pattern_changed.json
apps/voicememory_mobile/1784855619587351_pattern_changed.json
apps/voicememory_mobile/1784855619629558_pattern_changed.json
apps/voicememory_mobile/1784855619657055_pattern_changed.json
apps/voicememory_mobile/1784855619682405_pattern_changed.json
apps/voicememory_mobile/1784855619704852_pattern_changed.json
apps/voicememory_mobile/1784855619726789_pattern_changed.json
apps/voicememory_mobile/1784855619748050_pattern_changed.json
apps/voicememory_mobile/1784855619769830_pattern_changed.json
apps/voicememory_mobile/1784855619790075_pattern_changed.json
apps/voicememory_mobile/1784855619811146_pattern_changed.json
apps/voicememory_mobile/1784855619826141_pattern_changed.json
apps/voicememory_mobile/1784855619842290_pattern_changed.json
apps/voicememory_mobile/1784855619888191_pattern_changed.json
apps/voicememory_mobile/1784855620281683_pattern_changed.json
apps/voicememory_mobile/1784855620379171_pattern_changed.json
apps/voicememory_mobile/1784855620578931_pattern_changed.json
apps/voicememory_mobile/1784855620632317_pattern_changed.json
apps/voicememory_mobile/1784855620652090_pattern_changed.json
apps/voicememory_mobile/1784855620673789_pattern_changed.json
apps/voicememory_mobile/1784855620692926_pattern_changed.json
apps/voicememory_mobile/1784855620718771_pattern_changed.json
apps/voicememory_mobile/1784855620733849_pattern_changed.json
apps/voicememory_mobile/1784856255921347_rcp.json
apps/voicememory_mobile/1784856255972375_rcp.json
apps/voicememory_mobile/1784856256055066_rcp.json
apps/voicememory_mobile/1784856256088930_rcp.json
apps/voicememory_mobile/1784856256132627_rcp.json
apps/voicememory_mobile/1784856256173011_rcp.json
apps/voicememory_mobile/1784856256211553_rcp.json
apps/voicememory_mobile/1784856256249314_rcp.json
apps/voicememory_mobile/1784856256285553_rcp.json
apps/voicememory_mobile/1784856256322651_rcp.json
apps/voicememory_mobile/1784856256338846_rcp.json
apps/voicememory_mobile/1784856256353609_rcp.json
apps/voicememory_mobile/1784856256367102_rcp.json
apps/voicememory_mobile/1784856256744279_rcp.json
apps/voicememory_mobile/1784856256762844_rcp.json
apps/voicememory_mobile/1784856256780245_rcp.json
apps/voicememory_mobile/1784856256991219_rcp.json
apps/voicememory_mobile/1784856257038447_rcp.json
apps/voicememory_mobile/1784856257054377_rcp.json
apps/voicememory_mobile/1784856500407114_wcslt.json
apps/voicememory_mobile/1784856500454794_wcslt.json
apps/voicememory_mobile/1784856500543307_wcslt.json
apps/voicememory_mobile/1784856500598000_wcslt.json
apps/voicememory_mobile/1784856500643498_wcslt.json
apps/voicememory_mobile/1784856500686304_wcslt.json
apps/voicememory_mobile/1784856500727755_wcslt.json
apps/voicememory_mobile/1784856500773243_wcslt.json
apps/voicememory_mobile/1784856500815943_wcslt.json
apps/voicememory_mobile/1784856500833246_wcslt.json
apps/voicememory_mobile/1784856500872418_wcslt.json
apps/voicememory_mobile/1784856500912250_wcslt.json
apps/voicememory_mobile/1784856500928677_wcslt.json
apps/voicememory_mobile/1784856500942732_wcslt.json
apps/voicememory_mobile/1784856501477090_wcslt.json
apps/voicememory_mobile/1784856501497477_wcslt.json
apps/voicememory_mobile/1784856501545540_wcslt.json
apps/voicememory_mobile/1784856501563452_wcslt.json
apps/voicememory_mobile/1784857159474530_archive_beta_mission.json
apps/voicememory_mobile/1784857544029439_confirmed_repeat_beta.json
apps/voicememory_mobile/1784857544080359_confirmed_repeat_beta.json
apps/voicememory_mobile/1784857544100261_confirmed_repeat_beta.json
apps/voicememory_mobile/1784857544118159_confirmed_repeat_beta.json
apps/voicememory_mobile/1784857544134993_confirmed_repeat_beta.json
apps/voicememory_mobile/1784857544152041_confirmed_repeat_beta.json
apps/voicememory_mobile/1784857544169082_confirmed_repeat_beta.json
apps/voicememory_mobile/1784857544184837_confirmed_repeat_beta.json
apps/voicememory_mobile/1784857544199711_confirmed_repeat_beta.json
apps/voicememory_mobile/1784857544215315_confirmed_repeat_beta.json
apps/voicememory_mobile/1784857544607238_confirmed_repeat_beta.json
apps/voicememory_mobile/1784857544755581_confirmed_repeat_beta.json
apps/voicememory_mobile/1784857544938272_confirmed_repeat_beta.json
apps/voicememory_mobile/1784857545014867_confirmed_repeat_beta.json
apps/voicememory_mobile/1784857545125027_confirmed_repeat_beta.json
apps/voicememory_mobile/1784857545224950_confirmed_repeat_beta.json
apps/voicememory_mobile/1784857545273064_confirmed_repeat_beta.json
apps/voicememory_mobile/1784857545299961_confirmed_repeat_beta.json
apps/voicememory_mobile/1784857950269877_haa.json
apps/voicememory_mobile/1784857950416569_haa.json
apps/voicememory_mobile/1784857950511735_haa.json
apps/voicememory_mobile/1784857950543015_haa.json
apps/voicememory_mobile/1784857950575789_haa.json
apps/voicememory_mobile/1784857950607154_haa.json
apps/voicememory_mobile/1784857950637186_haa.json
apps/voicememory_mobile/1784857950653198_haa.json
apps/voicememory_mobile/1784857950669219_haa.json
apps/voicememory_mobile/1784857950684000_haa.json
apps/voicememory_mobile/1784857950724349_haa.json
apps/voicememory_mobile/1784857950752507_haa.json
apps/voicememory_mobile/1784857950780839_haa.json
apps/voicememory_mobile/1784857951169334_haa.json
apps/voicememory_mobile/1784857951193425_haa.json
apps/voicememory_mobile/1784857951208396_haa.json
apps/voicememory_mobile/1784859095382652_pattern_changed.json
apps/voicememory_mobile/1784859095428476_pattern_changed.json
apps/voicememory_mobile/1784859095468218_pattern_changed.json
apps/voicememory_mobile/1784859095494570_pattern_changed.json
apps/voicememory_mobile/1784859095518372_pattern_changed.json
apps/voicememory_mobile/1784859095539961_pattern_changed.json
apps/voicememory_mobile/1784859095560023_pattern_changed.json
apps/voicememory_mobile/1784859095581603_pattern_changed.json
apps/voicememory_mobile/1784859095601763_pattern_changed.json
apps/voicememory_mobile/1784859095621355_pattern_changed.json
apps/voicememory_mobile/1784859095641137_pattern_changed.json
apps/voicememory_mobile/1784859095655143_pattern_changed.json
apps/voicememory_mobile/1784859095671651_pattern_changed.json
apps/voicememory_mobile/1784859095715682_pattern_changed.json
apps/voicememory_mobile/1784859096060653_pattern_changed.json
apps/voicememory_mobile/1784859096102844_pattern_changed.json
apps/voicememory_mobile/1784859096174441_pattern_changed.json
apps/voicememory_mobile/1784859096220130_pattern_changed.json
apps/voicememory_mobile/1784859096249533_pattern_changed.json
apps/voicememory_mobile/1784859096276621_pattern_changed.json
apps/voicememory_mobile/1784859096314930_pattern_changed.json
apps/voicememory_mobile/1784859096334033_pattern_changed.json
apps/voicememory_mobile/1784859096350399_pattern_changed.json
apps/voicememory_mobile/1784868027118896_rcp.json
apps/voicememory_mobile/1784868027162176_rcp.json
apps/voicememory_mobile/1784868027235704_rcp.json
apps/voicememory_mobile/1784868027267709_rcp.json
apps/voicememory_mobile/1784868027308849_rcp.json
apps/voicememory_mobile/1784868027346351_rcp.json
apps/voicememory_mobile/1784868027380590_rcp.json
apps/voicememory_mobile/1784868027415183_rcp.json
apps/voicememory_mobile/1784868027447837_rcp.json
apps/voicememory_mobile/1784868027480770_rcp.json
apps/voicememory_mobile/1784868027494732_rcp.json
apps/voicememory_mobile/1784868027508315_rcp.json
apps/voicememory_mobile/1784868027520947_rcp.json
apps/voicememory_mobile/1784868027845842_rcp.json
apps/voicememory_mobile/1784868027862702_rcp.json
apps/voicememory_mobile/1784868027876951_rcp.json
apps/voicememory_mobile/1784868027914692_rcp.json
apps/voicememory_mobile/1784868027931084_rcp.json
apps/voicememory_mobile/1784868027948069_rcp.json
apps/voicememory_mobile/1784868239921769_wcslt.json
apps/voicememory_mobile/1784868239967255_wcslt.json
apps/voicememory_mobile/1784868240048870_wcslt.json
apps/voicememory_mobile/1784868240098947_wcslt.json
apps/voicememory_mobile/1784868240141132_wcslt.json
apps/voicememory_mobile/1784868240180999_wcslt.json
apps/voicememory_mobile/1784868240220665_wcslt.json
apps/voicememory_mobile/1784868240260104_wcslt.json
apps/voicememory_mobile/1784868240303008_wcslt.json
apps/voicememory_mobile/1784868240319399_wcslt.json
apps/voicememory_mobile/1784868240358859_wcslt.json
apps/voicememory_mobile/1784868240398640_wcslt.json
apps/voicememory_mobile/1784868240415238_wcslt.json
apps/voicememory_mobile/1784868240429876_wcslt.json
apps/voicememory_mobile/1784868240823081_wcslt.json
apps/voicememory_mobile/1784868240842020_wcslt.json
apps/voicememory_mobile/1784868240885677_wcslt.json
apps/voicememory_mobile/1784868240909802_wcslt.json
apps/voicememory_mobile/1784877740243708_pattern_changed.json
apps/voicememory_mobile/1784877740297657_pattern_changed.json
apps/voicememory_mobile/1784877740343216_pattern_changed.json
apps/voicememory_mobile/1784877740375469_pattern_changed.json
apps/voicememory_mobile/1784877740404780_pattern_changed.json
apps/voicememory_mobile/1784877740433155_pattern_changed.json
apps/voicememory_mobile/1784877740460519_pattern_changed.json
apps/voicememory_mobile/1784877740486962_pattern_changed.json
apps/voicememory_mobile/1784877740513194_pattern_changed.json
apps/voicememory_mobile/1784877740546491_pattern_changed.json
apps/voicememory_mobile/1784877740572578_pattern_changed.json
apps/voicememory_mobile/1784877740593453_pattern_changed.json
apps/voicememory_mobile/1784877740614660_pattern_changed.json
apps/voicememory_mobile/1784877740668185_pattern_changed.json
apps/voicememory_mobile/1784877741239605_pattern_changed.json
apps/voicememory_mobile/1784877741324196_pattern_changed.json
apps/voicememory_mobile/1784877741428070_pattern_changed.json
apps/voicememory_mobile/1784877741491973_pattern_changed.json
apps/voicememory_mobile/1784877741540219_pattern_changed.json
apps/voicememory_mobile/1784877741605634_pattern_changed.json
apps/voicememory_mobile/1784877741630662_pattern_changed.json
apps/voicememory_mobile/1784877741653140_pattern_changed.json
apps/voicememory_mobile/1784877741673080_pattern_changed.json
apps/voicememory_mobile/1784877762088308_wcslt.json
apps/voicememory_mobile/1784877762139875_wcslt.json
apps/voicememory_mobile/1784877762242121_wcslt.json
apps/voicememory_mobile/1784877762296117_wcslt.json
apps/voicememory_mobile/1784877762344178_wcslt.json
apps/voicememory_mobile/1784877762397784_wcslt.json
apps/voicememory_mobile/1784877762449343_wcslt.json
apps/voicememory_mobile/1784877762496408_wcslt.json
apps/voicememory_mobile/1784877762548469_wcslt.json
apps/voicememory_mobile/1784877762567152_wcslt.json
apps/voicememory_mobile/1784877762608990_wcslt.json
apps/voicememory_mobile/1784877762651757_wcslt.json
apps/voicememory_mobile/1784877762672860_wcslt.json
apps/voicememory_mobile/1784877762690386_wcslt.json
apps/voicememory_mobile/1784877763125941_wcslt.json
apps/voicememory_mobile/1784877763162906_wcslt.json
apps/voicememory_mobile/1784877763211761_wcslt.json
apps/voicememory_mobile/1784877763243855_wcslt.json
apps/voicememory_mobile/1784877852513915_confirmed_repeat_beta.json
apps/voicememory_mobile/1784877852602517_confirmed_repeat_beta.json
apps/voicememory_mobile/1784877852637395_confirmed_repeat_beta.json
apps/voicememory_mobile/1784877852810225_confirmed_repeat_beta.json
apps/voicememory_mobile/1784877852868580_confirmed_repeat_beta.json
apps/voicememory_mobile/1784877852897737_confirmed_repeat_beta.json
apps/voicememory_mobile/1784877852927376_confirmed_repeat_beta.json
apps/voicememory_mobile/1784877852952349_confirmed_repeat_beta.json
apps/voicememory_mobile/1784877852971916_confirmed_repeat_beta.json
apps/voicememory_mobile/1784877852997635_confirmed_repeat_beta.json
apps/voicememory_mobile/1784877853484363_confirmed_repeat_beta.json
apps/voicememory_mobile/1784877853872371_confirmed_repeat_beta.json
apps/voicememory_mobile/1784877853963621_confirmed_repeat_beta.json
apps/voicememory_mobile/1784877854029452_confirmed_repeat_beta.json
apps/voicememory_mobile/1784877854156769_confirmed_repeat_beta.json
apps/voicememory_mobile/1784877854316555_confirmed_repeat_beta.json
apps/voicememory_mobile/1784877854398707_confirmed_repeat_beta.json
apps/voicememory_mobile/1784877854465026_confirmed_repeat_beta.json
apps/voicememory_mobile/1784877855973050_haa.json
apps/voicememory_mobile/1784877856113799_haa.json
apps/voicememory_mobile/1784877856158044_haa.json
apps/voicememory_mobile/1784877856188357_haa.json
apps/voicememory_mobile/1784877856234906_haa.json
apps/voicememory_mobile/1784877856273416_haa.json
apps/voicememory_mobile/1784877856319534_haa.json
apps/voicememory_mobile/1784877856340502_haa.json
apps/voicememory_mobile/1784877856363311_haa.json
apps/voicememory_mobile/1784877856383219_haa.json
apps/voicememory_mobile/1784877856429043_haa.json
apps/voicememory_mobile/1784877856473535_haa.json
apps/voicememory_mobile/1784877856527005_haa.json
apps/voicememory_mobile/1784877857170049_haa.json
apps/voicememory_mobile/1784877857212317_haa.json
apps/voicememory_mobile/1784877857272682_haa.json
apps/voicememory_mobile/1784877880139390_rcp.json
apps/voicememory_mobile/1784877880197683_rcp.json
apps/voicememory_mobile/1784877880313557_rcp.json
apps/voicememory_mobile/1784877880362835_rcp.json
apps/voicememory_mobile/1784877880414909_rcp.json
apps/voicememory_mobile/1784877880460802_rcp.json
apps/voicememory_mobile/1784877880505791_rcp.json
apps/voicememory_mobile/1784877880549982_rcp.json
apps/voicememory_mobile/1784877880594313_rcp.json
apps/voicememory_mobile/1784877880639419_rcp.json
apps/voicememory_mobile/1784877880670397_rcp.json
apps/voicememory_mobile/1784877880689289_rcp.json
apps/voicememory_mobile/1784877880707455_rcp.json
apps/voicememory_mobile/1784877881123667_rcp.json
apps/voicememory_mobile/1784877881159213_rcp.json
apps/voicememory_mobile/1784877881213482_rcp.json
apps/voicememory_mobile/1784877881294636_rcp.json
apps/voicememory_mobile/1784877881316016_rcp.json
apps/voicememory_mobile/1784877881335791_rcp.json
apps/voicememory_mobile/1784878240285342_pattern_changed.json
apps/voicememory_mobile/1784878240339249_pattern_changed.json
apps/voicememory_mobile/1784878240384700_pattern_changed.json
apps/voicememory_mobile/1784878240416208_pattern_changed.json
apps/voicememory_mobile/1784878240444628_pattern_changed.json
apps/voicememory_mobile/1784878240471230_pattern_changed.json
apps/voicememory_mobile/1784878240495468_pattern_changed.json
apps/voicememory_mobile/1784878240518586_pattern_changed.json
apps/voicememory_mobile/1784878240542133_pattern_changed.json
apps/voicememory_mobile/1784878240564736_pattern_changed.json
apps/voicememory_mobile/1784878240596676_pattern_changed.json
apps/voicememory_mobile/1784878240615228_pattern_changed.json
apps/voicememory_mobile/1784878240633293_pattern_changed.json
apps/voicememory_mobile/1784878240684407_pattern_changed.json
apps/voicememory_mobile/1784878241229444_pattern_changed.json
apps/voicememory_mobile/1784878241284949_pattern_changed.json
apps/voicememory_mobile/1784878241377060_pattern_changed.json
apps/voicememory_mobile/1784878241427843_pattern_changed.json
apps/voicememory_mobile/1784878241449867_pattern_changed.json
apps/voicememory_mobile/1784878241474483_pattern_changed.json
apps/voicememory_mobile/1784878241505876_pattern_changed.json
apps/voicememory_mobile/1784878241525008_pattern_changed.json
apps/voicememory_mobile/1784878241541619_pattern_changed.json
apps/voicememory_mobile/1784878271749221_wcslt.json
apps/voicememory_mobile/1784878271802935_wcslt.json
apps/voicememory_mobile/1784878271896057_wcslt.json
apps/voicememory_mobile/1784878271952923_wcslt.json
apps/voicememory_mobile/1784878272001077_wcslt.json
apps/voicememory_mobile/1784878272047574_wcslt.json
apps/voicememory_mobile/1784878272095963_wcslt.json
apps/voicememory_mobile/1784878272140470_wcslt.json
apps/voicememory_mobile/1784878272186627_wcslt.json
apps/voicememory_mobile/1784878272207433_wcslt.json
apps/voicememory_mobile/1784878272250304_wcslt.json
apps/voicememory_mobile/1784878272293279_wcslt.json
apps/voicememory_mobile/1784878272311718_wcslt.json
apps/voicememory_mobile/1784878272328934_wcslt.json
apps/voicememory_mobile/1784878272750456_wcslt.json
apps/voicememory_mobile/1784878272772843_wcslt.json
apps/voicememory_mobile/1784878272820951_wcslt.json
apps/voicememory_mobile/1784878272852494_wcslt.json
apps/voicememory_mobile/1784878369909313_confirmed_repeat_beta.json
apps/voicememory_mobile/1784878369968432_confirmed_repeat_beta.json
apps/voicememory_mobile/1784878369994310_confirmed_repeat_beta.json
apps/voicememory_mobile/1784878370020483_confirmed_repeat_beta.json
apps/voicememory_mobile/1784878370041460_confirmed_repeat_beta.json
apps/voicememory_mobile/1784878370061885_confirmed_repeat_beta.json
apps/voicememory_mobile/1784878370085564_confirmed_repeat_beta.json
apps/voicememory_mobile/1784878370104523_confirmed_repeat_beta.json
apps/voicememory_mobile/1784878370121475_confirmed_repeat_beta.json
apps/voicememory_mobile/1784878370146247_confirmed_repeat_beta.json
apps/voicememory_mobile/1784878370598023_confirmed_repeat_beta.json
apps/voicememory_mobile/1784878370755938_confirmed_repeat_beta.json
apps/voicememory_mobile/1784878371050131_confirmed_repeat_beta.json
apps/voicememory_mobile/1784878371111364_confirmed_repeat_beta.json
apps/voicememory_mobile/1784878371223607_confirmed_repeat_beta.json
apps/voicememory_mobile/1784878371337858_confirmed_repeat_beta.json
apps/voicememory_mobile/1784878371397314_confirmed_repeat_beta.json
apps/voicememory_mobile/1784878371426713_confirmed_repeat_beta.json
apps/voicememory_mobile/1784878373519419_haa.json
apps/voicememory_mobile/1784878373635138_haa.json
apps/voicememory_mobile/1784878373679037_haa.json
apps/voicememory_mobile/1784878373720203_haa.json
apps/voicememory_mobile/1784878373763873_haa.json
apps/voicememory_mobile/1784878373816495_haa.json
apps/voicememory_mobile/1784878373846925_haa.json
apps/voicememory_mobile/1784878373876401_haa.json
apps/voicememory_mobile/1784878373896407_haa.json
apps/voicememory_mobile/1784878373917945_haa.json
apps/voicememory_mobile/1784878373962338_haa.json
apps/voicememory_mobile/1784878373999435_haa.json
apps/voicememory_mobile/1784878374034987_haa.json
apps/voicememory_mobile/1784878374463690_haa.json
apps/voicememory_mobile/1784878374486225_haa.json
apps/voicememory_mobile/1784878374504397_haa.json
apps/voicememory_mobile/1784878400940077_rcp.json
apps/voicememory_mobile/1784878400999781_rcp.json
apps/voicememory_mobile/1784878401090825_rcp.json
apps/voicememory_mobile/1784878401133623_rcp.json
apps/voicememory_mobile/1784878401189824_rcp.json
apps/voicememory_mobile/1784878401242225_rcp.json
apps/voicememory_mobile/1784878401284743_rcp.json
apps/voicememory_mobile/1784878401325732_rcp.json
apps/voicememory_mobile/1784878401364204_rcp.json
apps/voicememory_mobile/1784878401407488_rcp.json
apps/voicememory_mobile/1784878401424189_rcp.json
apps/voicememory_mobile/1784878401440749_rcp.json
apps/voicememory_mobile/1784878401456737_rcp.json
apps/voicememory_mobile/1784878402009458_rcp.json
apps/voicememory_mobile/1784878402045697_rcp.json
apps/voicememory_mobile/1784878402078961_rcp.json
apps/voicememory_mobile/1784878402142654_rcp.json
apps/voicememory_mobile/1784878402164213_rcp.json
apps/voicememory_mobile/1784878402181072_rcp.json
apps/voicememory_mobile/1784878534852736_archive_beta_mission.json
apps/voicememory_mobile/1784879378368038_pattern_changed.json
apps/voicememory_mobile/1784879378438625_pattern_changed.json
apps/voicememory_mobile/1784879378490836_pattern_changed.json
apps/voicememory_mobile/1784879378528206_pattern_changed.json
apps/voicememory_mobile/1784879378559799_pattern_changed.json
apps/voicememory_mobile/1784879378584542_pattern_changed.json
apps/voicememory_mobile/1784879378608013_pattern_changed.json
apps/voicememory_mobile/1784879378628753_pattern_changed.json
apps/voicememory_mobile/1784879378649948_pattern_changed.json
apps/voicememory_mobile/1784879378670855_pattern_changed.json
apps/voicememory_mobile/1784879378692610_pattern_changed.json
apps/voicememory_mobile/1784879378708884_pattern_changed.json
apps/voicememory_mobile/1784879390151910_wcslt.json
apps/voicememory_mobile/1784879390206961_wcslt.json
apps/voicememory_mobile/1784879390302391_wcslt.json
apps/voicememory_mobile/1784879390362835_wcslt.json
apps/voicememory_mobile/1784879390416069_wcslt.json
apps/voicememory_mobile/1784879390463070_wcslt.json
apps/voicememory_mobile/1784879390513542_wcslt.json
apps/voicememory_mobile/1784879390562759_wcslt.json
apps/voicememory_mobile/1784879390610073_wcslt.json
apps/voicememory_mobile/1784879465296539_confirmed_repeat_beta.json
apps/voicememory_mobile/1784879465372724_confirmed_repeat_beta.json
apps/voicememory_mobile/1784879465399107_confirmed_repeat_beta.json
apps/voicememory_mobile/1784879465421972_confirmed_repeat_beta.json
apps/voicememory_mobile/1784879465446642_confirmed_repeat_beta.json
apps/voicememory_mobile/1784879465473668_confirmed_repeat_beta.json
apps/voicememory_mobile/1784879465498178_confirmed_repeat_beta.json
apps/voicememory_mobile/1784879465523016_confirmed_repeat_beta.json
apps/voicememory_mobile/1784879465544771_confirmed_repeat_beta.json
apps/voicememory_mobile/1784879468301030_haa.json
apps/voicememory_mobile/1784879468431873_haa.json
apps/voicememory_mobile/1784879468484848_haa.json
apps/voicememory_mobile/1784879468511210_haa.json
apps/voicememory_mobile/1784879468553851_haa.json
apps/voicememory_mobile/1784879468591569_haa.json
apps/voicememory_mobile/1784879468627285_haa.json
apps/voicememory_mobile/1784879468647394_haa.json
apps/voicememory_mobile/1784879492795590_rcp.json
apps/voicememory_mobile/1784879492856493_rcp.json
apps/voicememory_mobile/1784879492954707_rcp.json
apps/voicememory_mobile/1784879492992814_rcp.json
apps/voicememory_mobile/1784879493044112_rcp.json
apps/voicememory_mobile/1784879493089048_rcp.json
apps/voicememory_mobile/1784879493130342_rcp.json
apps/voicememory_mobile/1784879493172921_rcp.json
apps/voicememory_mobile/1784879493220083_rcp.json
apps/voicememory_mobile/1784879493274789_rcp.json
apps/voicememory_mobile/1784879509294490_prefs.json.tmp
apps/voicememory_mobile/1784880332236775_pattern_changed.json
apps/voicememory_mobile/1784880332290751_pattern_changed.json
apps/voicememory_mobile/1784880332334334_pattern_changed.json
apps/voicememory_mobile/1784880332366454_pattern_changed.json
apps/voicememory_mobile/1784880332394364_pattern_changed.json
apps/voicememory_mobile/1784880332420572_pattern_changed.json
apps/voicememory_mobile/1784880332447508_pattern_changed.json
apps/voicememory_mobile/1784880332470363_pattern_changed.json
apps/voicememory_mobile/1784880332493919_pattern_changed.json
apps/voicememory_mobile/1784880332518249_pattern_changed.json
apps/voicememory_mobile/1784880332541862_pattern_changed.json
apps/voicememory_mobile/1784880332566931_pattern_changed.json
apps/voicememory_mobile/1784880332585830_pattern_changed.json
apps/voicememory_mobile/1784880332638001_pattern_changed.json
apps/voicememory_mobile/1784880333040518_pattern_changed.json
apps/voicememory_mobile/1784880333089556_pattern_changed.json
apps/voicememory_mobile/1784880333175013_pattern_changed.json
apps/voicememory_mobile/1784880333233834_pattern_changed.json
apps/voicememory_mobile/1784880333258117_pattern_changed.json
apps/voicememory_mobile/1784880333283704_pattern_changed.json
apps/voicememory_mobile/1784880333309487_pattern_changed.json
apps/voicememory_mobile/1784880333337445_pattern_changed.json
apps/voicememory_mobile/1784880333354359_pattern_changed.json
apps/voicememory_mobile/1784880361812443_wcslt.json
apps/voicememory_mobile/1784880361863733_wcslt.json
apps/voicememory_mobile/1784880361959364_wcslt.json
apps/voicememory_mobile/1784880362020511_wcslt.json
apps/voicememory_mobile/1784880362070071_wcslt.json
apps/voicememory_mobile/1784880362115156_wcslt.json
apps/voicememory_mobile/1784880362160068_wcslt.json
apps/voicememory_mobile/1784880362206031_wcslt.json
apps/voicememory_mobile/1784880362252544_wcslt.json
apps/voicememory_mobile/1784880362272095_wcslt.json
apps/voicememory_mobile/1784880362314008_wcslt.json
apps/voicememory_mobile/1784880362364252_wcslt.json
apps/voicememory_mobile/1784880362384286_wcslt.json
apps/voicememory_mobile/1784880362402694_wcslt.json
apps/voicememory_mobile/1784880363142863_wcslt.json
apps/voicememory_mobile/1784880363269272_wcslt.json
apps/voicememory_mobile/1784880363320431_wcslt.json
apps/voicememory_mobile/1784880363339787_wcslt.json
apps/voicememory_mobile/1784880460410989_confirmed_repeat_beta.json
apps/voicememory_mobile/1784880460473313_confirmed_repeat_beta.json
apps/voicememory_mobile/1784880460500542_confirmed_repeat_beta.json
apps/voicememory_mobile/1784880460523744_confirmed_repeat_beta.json
apps/voicememory_mobile/1784880460545701_confirmed_repeat_beta.json
apps/voicememory_mobile/1784880460565092_confirmed_repeat_beta.json
apps/voicememory_mobile/1784880460588215_confirmed_repeat_beta.json
apps/voicememory_mobile/1784880460610250_confirmed_repeat_beta.json
apps/voicememory_mobile/1784880460633743_confirmed_repeat_beta.json
apps/voicememory_mobile/1784880460660104_confirmed_repeat_beta.json
apps/voicememory_mobile/1784880461102836_confirmed_repeat_beta.json
apps/voicememory_mobile/1784880461266904_confirmed_repeat_beta.json
apps/voicememory_mobile/1784880461340531_confirmed_repeat_beta.json
apps/voicememory_mobile/1784880461457994_confirmed_repeat_beta.json
apps/voicememory_mobile/1784880461578285_confirmed_repeat_beta.json
apps/voicememory_mobile/1784880461681607_confirmed_repeat_beta.json
apps/voicememory_mobile/1784880461736138_confirmed_repeat_beta.json
apps/voicememory_mobile/1784880461769248_confirmed_repeat_beta.json
apps/voicememory_mobile/1784880463599303_haa.json
apps/voicememory_mobile/1784880463712691_haa.json
apps/voicememory_mobile/1784880463754915_haa.json
apps/voicememory_mobile/1784880463783847_haa.json
apps/voicememory_mobile/1784880463825477_haa.json
apps/voicememory_mobile/1784880463862776_haa.json
apps/voicememory_mobile/1784880463895859_haa.json
apps/voicememory_mobile/1784880463914344_haa.json
apps/voicememory_mobile/1784880463932589_haa.json
apps/voicememory_mobile/1784880463952428_haa.json
apps/voicememory_mobile/1784880463998932_haa.json
apps/voicememory_mobile/1784880464035347_haa.json
apps/voicememory_mobile/1784880464067112_haa.json
apps/voicememory_mobile/1784880464810452_haa.json
apps/voicememory_mobile/1784880464875835_haa.json
apps/voicememory_mobile/1784880464916558_haa.json
apps/voicememory_mobile/1784880491991925_rcp.json
apps/voicememory_mobile/1784880492047423_rcp.json
apps/voicememory_mobile/1784880492136230_rcp.json
apps/voicememory_mobile/1784880492169678_rcp.json
apps/voicememory_mobile/1784880492234927_rcp.json
apps/voicememory_mobile/1784880492285415_rcp.json
apps/voicememory_mobile/1784880492330294_rcp.json
apps/voicememory_mobile/1784880492377170_rcp.json
apps/voicememory_mobile/1784880492416983_rcp.json
apps/voicememory_mobile/1784880492457226_rcp.json
apps/voicememory_mobile/1784880492477475_rcp.json
apps/voicememory_mobile/1784880492498218_rcp.json
apps/voicememory_mobile/1784880492515010_rcp.json
apps/voicememory_mobile/1784880492924420_rcp.json
apps/voicememory_mobile/1784880492946581_rcp.json
apps/voicememory_mobile/1784880492969308_rcp.json
apps/voicememory_mobile/1784880493032391_rcp.json
apps/voicememory_mobile/1784880493058499_rcp.json
apps/voicememory_mobile/1784880493080512_rcp.json
apps/voicememory_mobile/1784880628341436_archive_beta_mission.json
apps/voicememory_mobile/1784883213396800_pattern_changed.json
apps/voicememory_mobile/1784883213453663_pattern_changed.json
apps/voicememory_mobile/1784883213500270_pattern_changed.json
apps/voicememory_mobile/1784883213531100_pattern_changed.json
apps/voicememory_mobile/1784883213559903_pattern_changed.json
apps/voicememory_mobile/1784883213586967_pattern_changed.json
apps/voicememory_mobile/1784883213611742_pattern_changed.json
apps/voicememory_mobile/1784883213635423_pattern_changed.json
apps/voicememory_mobile/1784883213660552_pattern_changed.json
apps/voicememory_mobile/1784883213684270_pattern_changed.json
apps/voicememory_mobile/1784883213709675_pattern_changed.json
apps/voicememory_mobile/1784883213731948_pattern_changed.json
apps/voicememory_mobile/1784883213755790_pattern_changed.json
apps/voicememory_mobile/1784883213807485_pattern_changed.json
apps/voicememory_mobile/1784883214211619_pattern_changed.json
apps/voicememory_mobile/1784883214260332_pattern_changed.json
apps/voicememory_mobile/1784883214349804_pattern_changed.json
apps/voicememory_mobile/1784883214401519_pattern_changed.json
apps/voicememory_mobile/1784883214424419_pattern_changed.json
apps/voicememory_mobile/1784883214447926_pattern_changed.json
apps/voicememory_mobile/1784883214482918_pattern_changed.json
apps/voicememory_mobile/1784883214501631_pattern_changed.json
apps/voicememory_mobile/1784883214519271_pattern_changed.json
apps/voicememory_mobile/1784883242930881_wcslt.json
apps/voicememory_mobile/1784883242981877_wcslt.json
apps/voicememory_mobile/1784883243081030_wcslt.json
apps/voicememory_mobile/1784883243141511_wcslt.json
apps/voicememory_mobile/1784883243189692_wcslt.json
apps/voicememory_mobile/1784883243234857_wcslt.json
apps/voicememory_mobile/1784883243281800_wcslt.json
apps/voicememory_mobile/1784883243326303_wcslt.json
apps/voicememory_mobile/1784883243369870_wcslt.json
apps/voicememory_mobile/1784883243387380_wcslt.json
apps/voicememory_mobile/1784883243429564_wcslt.json
apps/voicememory_mobile/1784883243474026_wcslt.json
apps/voicememory_mobile/1784883243492934_wcslt.json
apps/voicememory_mobile/1784883243510456_wcslt.json
apps/voicememory_mobile/1784883243926334_wcslt.json
apps/voicememory_mobile/1784883243947765_wcslt.json
apps/voicememory_mobile/1784883243996737_wcslt.json
apps/voicememory_mobile/1784883244028308_wcslt.json
apps/voicememory_mobile/1784883339617573_confirmed_repeat_beta.json
apps/voicememory_mobile/1784883339679317_confirmed_repeat_beta.json
apps/voicememory_mobile/1784883339704741_confirmed_repeat_beta.json
apps/voicememory_mobile/1784883339726451_confirmed_repeat_beta.json
apps/voicememory_mobile/1784883339747935_confirmed_repeat_beta.json
apps/voicememory_mobile/1784883339767879_confirmed_repeat_beta.json
apps/voicememory_mobile/1784883339790578_confirmed_repeat_beta.json
apps/voicememory_mobile/1784883339810597_confirmed_repeat_beta.json
apps/voicememory_mobile/1784883339827852_confirmed_repeat_beta.json
apps/voicememory_mobile/1784883339849386_confirmed_repeat_beta.json
apps/voicememory_mobile/1784883340274216_confirmed_repeat_beta.json
apps/voicememory_mobile/1784883340446390_confirmed_repeat_beta.json
apps/voicememory_mobile/1784883340523316_confirmed_repeat_beta.json
apps/voicememory_mobile/1784883340593592_confirmed_repeat_beta.json
apps/voicememory_mobile/1784883340717766_confirmed_repeat_beta.json
apps/voicememory_mobile/1784883340823204_confirmed_repeat_beta.json
apps/voicememory_mobile/1784883340877741_confirmed_repeat_beta.json
apps/voicememory_mobile/1784883340909294_confirmed_repeat_beta.json
apps/voicememory_mobile/1784883343047503_haa.json
apps/voicememory_mobile/1784883343158970_haa.json
apps/voicememory_mobile/1784883343199067_haa.json
apps/voicememory_mobile/1784883343224581_haa.json
apps/voicememory_mobile/1784883343264815_haa.json
apps/voicememory_mobile/1784883343299268_haa.json
apps/voicememory_mobile/1784883343335827_haa.json
apps/voicememory_mobile/1784883343353588_haa.json
apps/voicememory_mobile/1784883343372438_haa.json
apps/voicememory_mobile/1784883343391459_haa.json
apps/voicememory_mobile/1784883343434964_haa.json
apps/voicememory_mobile/1784883343467196_haa.json
apps/voicememory_mobile/1784883343496719_haa.json
apps/voicememory_mobile/1784883343925567_haa.json
apps/voicememory_mobile/1784883343950336_haa.json
apps/voicememory_mobile/1784883343975906_haa.json
apps/voicememory_mobile/1784883369763092_rcp.json
apps/voicememory_mobile/1784883369846139_rcp.json
apps/voicememory_mobile/1784883369935113_rcp.json
apps/voicememory_mobile/1784883369972584_rcp.json
apps/voicememory_mobile/1784883370026583_rcp.json
apps/voicememory_mobile/1784883370074894_rcp.json
apps/voicememory_mobile/1784883370124091_rcp.json
apps/voicememory_mobile/1784883370166959_rcp.json
apps/voicememory_mobile/1784883370217961_rcp.json
apps/voicememory_mobile/1784883370365023_rcp.json
apps/voicememory_mobile/1784883370408896_rcp.json
apps/voicememory_mobile/1784883370428797_rcp.json
apps/voicememory_mobile/1784883370448532_rcp.json
apps/voicememory_mobile/1784883370850203_rcp.json
apps/voicememory_mobile/1784883370880446_rcp.json
apps/voicememory_mobile/1784883370906725_rcp.json
apps/voicememory_mobile/1784883370967011_rcp.json
apps/voicememory_mobile/1784883370985272_rcp.json
apps/voicememory_mobile/1784883371001688_rcp.json
apps/voicememory_mobile/1784883504249918_archive_beta_mission.json
apps/voicememory_mobile/1784903359495483_pattern_changed.json
apps/voicememory_mobile/1784903359551029_pattern_changed.json
apps/voicememory_mobile/1784903359600554_pattern_changed.json
apps/voicememory_mobile/1784903359641570_pattern_changed.json
apps/voicememory_mobile/1784903359672641_pattern_changed.json
apps/voicememory_mobile/1784903359698466_pattern_changed.json
apps/voicememory_mobile/1784903359725823_pattern_changed.json
apps/voicememory_mobile/1784903359751936_pattern_changed.json
apps/voicememory_mobile/1784903359776432_pattern_changed.json
apps/voicememory_mobile/1784903359797205_pattern_changed.json
apps/voicememory_mobile/1784903359818335_pattern_changed.json
apps/voicememory_mobile/1784903359841992_pattern_changed.json
apps/voicememory_mobile/1784903359864340_pattern_changed.json
apps/voicememory_mobile/1784903359914779_pattern_changed.json
apps/voicememory_mobile/1784903360422809_pattern_changed.json
apps/voicememory_mobile/1784903360474276_pattern_changed.json
apps/voicememory_mobile/1784903360559517_pattern_changed.json
apps/voicememory_mobile/1784903360622162_pattern_changed.json
apps/voicememory_mobile/1784903360643711_pattern_changed.json
apps/voicememory_mobile/1784903360668557_pattern_changed.json
apps/voicememory_mobile/1784903360703421_pattern_changed.json
apps/voicememory_mobile/1784903360724207_pattern_changed.json
apps/voicememory_mobile/1784903360741166_pattern_changed.json
apps/voicememory_mobile/1784903390205121_wcslt.json
apps/voicememory_mobile/1784903390255982_wcslt.json
apps/voicememory_mobile/1784903390352896_wcslt.json
apps/voicememory_mobile/1784903390411456_wcslt.json
apps/voicememory_mobile/1784903390463860_wcslt.json
apps/voicememory_mobile/1784903390515102_wcslt.json
apps/voicememory_mobile/1784903390563148_wcslt.json
apps/voicememory_mobile/1784903390610829_wcslt.json
apps/voicememory_mobile/1784903390656282_wcslt.json
apps/voicememory_mobile/1784903390676178_wcslt.json
apps/voicememory_mobile/1784903390718949_wcslt.json
apps/voicememory_mobile/1784903390764068_wcslt.json
apps/voicememory_mobile/1784903390783237_wcslt.json
apps/voicememory_mobile/1784903390799870_wcslt.json
apps/voicememory_mobile/1784903391223998_wcslt.json
apps/voicememory_mobile/1784903391245260_wcslt.json
apps/voicememory_mobile/1784903391293729_wcslt.json
apps/voicememory_mobile/1784903391323792_wcslt.json
apps/voicememory_mobile/1784903493098022_confirmed_repeat_beta.json
apps/voicememory_mobile/1784903493158138_confirmed_repeat_beta.json
apps/voicememory_mobile/1784903493187993_confirmed_repeat_beta.json
apps/voicememory_mobile/1784903493213048_confirmed_repeat_beta.json
apps/voicememory_mobile/1784903493232316_confirmed_repeat_beta.json
apps/voicememory_mobile/1784903493252214_confirmed_repeat_beta.json
apps/voicememory_mobile/1784903493276238_confirmed_repeat_beta.json
apps/voicememory_mobile/1784903493297135_confirmed_repeat_beta.json
apps/voicememory_mobile/1784903493342405_confirmed_repeat_beta.json
apps/voicememory_mobile/1784903493363876_confirmed_repeat_beta.json
apps/voicememory_mobile/1784903493791683_confirmed_repeat_beta.json
apps/voicememory_mobile/1784903493964745_confirmed_repeat_beta.json
apps/voicememory_mobile/1784903494187757_confirmed_repeat_beta.json
apps/voicememory_mobile/1784903494244436_confirmed_repeat_beta.json
apps/voicememory_mobile/1784903494360757_confirmed_repeat_beta.json
apps/voicememory_mobile/1784903494470973_confirmed_repeat_beta.json
apps/voicememory_mobile/1784903494524475_confirmed_repeat_beta.json
apps/voicememory_mobile/1784903494561926_confirmed_repeat_beta.json
apps/voicememory_mobile/1784903496738599_haa.json
apps/voicememory_mobile/1784903496862886_haa.json
apps/voicememory_mobile/1784903496905864_haa.json
apps/voicememory_mobile/1784903496936581_haa.json
apps/voicememory_mobile/1784903496977390_haa.json
apps/voicememory_mobile/1784903497016055_haa.json
apps/voicememory_mobile/1784903497054564_haa.json
apps/voicememory_mobile/1784903497088169_haa.json
apps/voicememory_mobile/1784903497111560_haa.json
apps/voicememory_mobile/1784903497132224_haa.json
apps/voicememory_mobile/1784903497179622_haa.json
apps/voicememory_mobile/1784903497214711_haa.json
apps/voicememory_mobile/1784903497247787_haa.json
apps/voicememory_mobile/1784903497794464_haa.json
apps/voicememory_mobile/1784903497824262_haa.json
apps/voicememory_mobile/1784903497853689_haa.json
apps/voicememory_mobile/1784903525723683_rcp.json
apps/voicememory_mobile/1784903525780746_rcp.json
apps/voicememory_mobile/1784903525879365_rcp.json
apps/voicememory_mobile/1784903525920166_rcp.json
apps/voicememory_mobile/1784903525982784_rcp.json
apps/voicememory_mobile/1784903526033214_rcp.json
apps/voicememory_mobile/1784903526076098_rcp.json
apps/voicememory_mobile/1784903526127483_rcp.json
apps/voicememory_mobile/1784903526167354_rcp.json
apps/voicememory_mobile/1784903526208014_rcp.json
apps/voicememory_mobile/1784903526227901_rcp.json
apps/voicememory_mobile/1784903526246378_rcp.json
apps/voicememory_mobile/1784903526267171_rcp.json
apps/voicememory_mobile/1784903526770324_rcp.json
apps/voicememory_mobile/1784903526803074_rcp.json
apps/voicememory_mobile/1784903526852571_rcp.json
apps/voicememory_mobile/1784903526905085_rcp.json
apps/voicememory_mobile/1784903526929375_rcp.json
apps/voicememory_mobile/1784903526954138_rcp.json
apps/voicememory_mobile/1784903667961664_archive_beta_mission.json
apps/voicememory_mobile/1784904056551403_pattern_changed.json
apps/voicememory_mobile/1784904056609164_pattern_changed.json
apps/voicememory_mobile/1784904056658039_pattern_changed.json
apps/voicememory_mobile/1784904056689115_pattern_changed.json
apps/voicememory_mobile/1784904056718200_pattern_changed.json
apps/voicememory_mobile/1784904056747090_pattern_changed.json
apps/voicememory_mobile/1784904056771271_pattern_changed.json
apps/voicememory_mobile/1784904056796290_pattern_changed.json
apps/voicememory_mobile/1784904056821157_pattern_changed.json
apps/voicememory_mobile/1784904056847710_pattern_changed.json
apps/voicememory_mobile/1784904056876612_pattern_changed.json
apps/voicememory_mobile/1784904056896720_pattern_changed.json
apps/voicememory_mobile/1784904056919066_pattern_changed.json
apps/voicememory_mobile/1784904056976990_pattern_changed.json
apps/voicememory_mobile/1784904057519837_pattern_changed.json
apps/voicememory_mobile/1784904057569024_pattern_changed.json
apps/voicememory_mobile/1784904057688703_pattern_changed.json
apps/voicememory_mobile/1784904057751544_pattern_changed.json
apps/voicememory_mobile/1784904057779043_pattern_changed.json
apps/voicememory_mobile/1784904057822681_pattern_changed.json
apps/voicememory_mobile/1784904057857596_pattern_changed.json
apps/voicememory_mobile/1784904057881753_pattern_changed.json
apps/voicememory_mobile/1784904057901743_pattern_changed.json
apps/voicememory_mobile/1784904088730725_wcslt.json
apps/voicememory_mobile/1784904088785555_wcslt.json
apps/voicememory_mobile/1784904088879304_wcslt.json
apps/voicememory_mobile/1784904088936597_wcslt.json
apps/voicememory_mobile/1784904088989572_wcslt.json
apps/voicememory_mobile/1784904089036572_wcslt.json
apps/voicememory_mobile/1784904089082976_wcslt.json
apps/voicememory_mobile/1784904089128666_wcslt.json
apps/voicememory_mobile/1784904089174599_wcslt.json
apps/voicememory_mobile/1784904089194094_wcslt.json
apps/voicememory_mobile/1784904089239075_wcslt.json
apps/voicememory_mobile/1784904089287251_wcslt.json
apps/voicememory_mobile/1784904089308583_wcslt.json
apps/voicememory_mobile/1784904089327308_wcslt.json
apps/voicememory_mobile/1784904089763225_wcslt.json
apps/voicememory_mobile/1784904089784814_wcslt.json
apps/voicememory_mobile/1784904089835013_wcslt.json
apps/voicememory_mobile/1784904089863175_wcslt.json
apps/voicememory_mobile/1784904189315662_confirmed_repeat_beta.json
apps/voicememory_mobile/1784904189382451_confirmed_repeat_beta.json
apps/voicememory_mobile/1784904189406877_confirmed_repeat_beta.json
apps/voicememory_mobile/1784904189440540_confirmed_repeat_beta.json
apps/voicememory_mobile/1784904189464041_confirmed_repeat_beta.json
apps/voicememory_mobile/1784904189487574_confirmed_repeat_beta.json
apps/voicememory_mobile/1784904189513950_confirmed_repeat_beta.json
apps/voicememory_mobile/1784904189535333_confirmed_repeat_beta.json
apps/voicememory_mobile/1784904189554969_confirmed_repeat_beta.json
apps/voicememory_mobile/1784904189576588_confirmed_repeat_beta.json
apps/voicememory_mobile/1784904190002586_confirmed_repeat_beta.json
apps/voicememory_mobile/1784904190169743_confirmed_repeat_beta.json
apps/voicememory_mobile/1784904190376527_confirmed_repeat_beta.json
apps/voicememory_mobile/1784904190439222_confirmed_repeat_beta.json
apps/voicememory_mobile/1784904190560801_confirmed_repeat_beta.json
apps/voicememory_mobile/1784904190662455_confirmed_repeat_beta.json
apps/voicememory_mobile/1784904190720333_confirmed_repeat_beta.json
apps/voicememory_mobile/1784904190756866_confirmed_repeat_beta.json
apps/voicememory_mobile/1784904192864361_haa.json
apps/voicememory_mobile/1784904192977695_haa.json
apps/voicememory_mobile/1784904193018989_haa.json
apps/voicememory_mobile/1784904193064712_haa.json
apps/voicememory_mobile/1784904193103893_haa.json
apps/voicememory_mobile/1784904193138044_haa.json
apps/voicememory_mobile/1784904193166899_haa.json
apps/voicememory_mobile/1784904193185472_haa.json
apps/voicememory_mobile/1784904193210430_haa.json
apps/voicememory_mobile/1784904193240206_haa.json
apps/voicememory_mobile/1784904193293188_haa.json
apps/voicememory_mobile/1784904193331900_haa.json
apps/voicememory_mobile/1784904193367297_haa.json
apps/voicememory_mobile/1784904193779771_haa.json
apps/voicememory_mobile/1784904193806977_haa.json
apps/voicememory_mobile/1784904193831514_haa.json
apps/voicememory_mobile/1784904221591696_rcp.json
apps/voicememory_mobile/1784904221647784_rcp.json
apps/voicememory_mobile/1784904221738719_rcp.json
apps/voicememory_mobile/1784904221776680_rcp.json
apps/voicememory_mobile/1784904221826226_rcp.json
apps/voicememory_mobile/1784904221877776_rcp.json
apps/voicememory_mobile/1784904221970272_rcp.json
apps/voicememory_mobile/1784904222104365_rcp.json
apps/voicememory_mobile/1784904222144972_rcp.json
apps/voicememory_mobile/1784904222192444_rcp.json
apps/voicememory_mobile/1784904222216489_rcp.json
apps/voicememory_mobile/1784904222244348_rcp.json
apps/voicememory_mobile/1784904222275666_rcp.json
apps/voicememory_mobile/1784904222659387_rcp.json
apps/voicememory_mobile/1784904222682281_rcp.json
apps/voicememory_mobile/1784904222710653_rcp.json
apps/voicememory_mobile/1784904222785189_rcp.json
apps/voicememory_mobile/1784904222807997_rcp.json
apps/voicememory_mobile/1784904222825482_rcp.json
apps/voicememory_mobile/1784904365883200_archive_beta_mission.json
apps/voicememory_mobile/1784949076166785_pattern_changed.json
apps/voicememory_mobile/1784949076253332_pattern_changed.json
apps/voicememory_mobile/1784949076331356_pattern_changed.json
apps/voicememory_mobile/1784949076378271_pattern_changed.json
apps/voicememory_mobile/1784949076415653_pattern_changed.json
apps/voicememory_mobile/1784949076455214_pattern_changed.json
apps/voicememory_mobile/1784949076491712_pattern_changed.json
apps/voicememory_mobile/1784949076564604_pattern_changed.json
apps/voicememory_mobile/1784949076602030_pattern_changed.json
apps/voicememory_mobile/1784949076641356_pattern_changed.json
apps/voicememory_mobile/1784949076703373_pattern_changed.json
apps/voicememory_mobile/1784949076758327_pattern_changed.json
apps/voicememory_mobile/1784949076805326_pattern_changed.json
apps/voicememory_mobile/1784949076959377_pattern_changed.json
apps/voicememory_mobile/1784949077497340_pattern_changed.json
apps/voicememory_mobile/1784949077570235_pattern_changed.json
apps/voicememory_mobile/1784949077683618_pattern_changed.json
apps/voicememory_mobile/1784949077792958_pattern_changed.json
apps/voicememory_mobile/1784949077848893_pattern_changed.json
apps/voicememory_mobile/1784949077905387_pattern_changed.json
apps/voicememory_mobile/1784949077941419_pattern_changed.json
apps/voicememory_mobile/1784949077967084_pattern_changed.json
apps/voicememory_mobile/1784949078003985_pattern_changed.json
apps/voicememory_mobile/1784949104064932_wcslt.json
apps/voicememory_mobile/1784949104149469_wcslt.json
apps/voicememory_mobile/1784949104263349_wcslt.json
apps/voicememory_mobile/1784949104380041_wcslt.json
apps/voicememory_mobile/1784949104487040_wcslt.json
apps/voicememory_mobile/1784949104584684_wcslt.json
apps/voicememory_mobile/1784949104694821_wcslt.json
apps/voicememory_mobile/1784949104813482_wcslt.json
apps/voicememory_mobile/1784949104884464_wcslt.json
apps/voicememory_mobile/1784949105036943_wcslt.json
apps/voicememory_mobile/1784949105102046_wcslt.json
apps/voicememory_mobile/1784949105166499_wcslt.json
apps/voicememory_mobile/1784949105216578_wcslt.json
apps/voicememory_mobile/1784949105262070_wcslt.json
apps/voicememory_mobile/1784949105824994_wcslt.json
apps/voicememory_mobile/1784949105855942_wcslt.json
apps/voicememory_mobile/1784949105931354_wcslt.json
apps/voicememory_mobile/1784949105962781_wcslt.json
apps/voicememory_mobile/1784949232454573_confirmed_repeat_beta.json
apps/voicememory_mobile/1784949232639968_confirmed_repeat_beta.json
apps/voicememory_mobile/1784949232673208_confirmed_repeat_beta.json
apps/voicememory_mobile/1784949232702707_confirmed_repeat_beta.json
apps/voicememory_mobile/1784949232738110_confirmed_repeat_beta.json
apps/voicememory_mobile/1784949232776675_confirmed_repeat_beta.json
apps/voicememory_mobile/1784949232804451_confirmed_repeat_beta.json
apps/voicememory_mobile/1784949232830321_confirmed_repeat_beta.json
apps/voicememory_mobile/1784949232861390_confirmed_repeat_beta.json
apps/voicememory_mobile/1784949232893548_confirmed_repeat_beta.json
apps/voicememory_mobile/1784949233410980_confirmed_repeat_beta.json
apps/voicememory_mobile/1784949233757887_confirmed_repeat_beta.json
apps/voicememory_mobile/1784949233858920_confirmed_repeat_beta.json
apps/voicememory_mobile/1784949233953438_confirmed_repeat_beta.json
apps/voicememory_mobile/1784949234108919_confirmed_repeat_beta.json
apps/voicememory_mobile/1784949234288509_confirmed_repeat_beta.json
apps/voicememory_mobile/1784949234369866_confirmed_repeat_beta.json
apps/voicememory_mobile/1784949234420806_confirmed_repeat_beta.json
apps/voicememory_mobile/1784949236387603_haa.json
apps/voicememory_mobile/1784949236561822_haa.json
apps/voicememory_mobile/1784949236645227_haa.json
apps/voicememory_mobile/1784949236693823_haa.json
apps/voicememory_mobile/1784949236741738_haa.json
apps/voicememory_mobile/1784949236795146_haa.json
apps/voicememory_mobile/1784949236834729_haa.json
apps/voicememory_mobile/1784949236868205_haa.json
apps/voicememory_mobile/1784949236896110_haa.json
apps/voicememory_mobile/1784949236923694_haa.json
apps/voicememory_mobile/1784949236989944_haa.json
apps/voicememory_mobile/1784949237035532_haa.json
apps/voicememory_mobile/1784949237083082_haa.json
apps/voicememory_mobile/1784949237703874_haa.json
apps/voicememory_mobile/1784949237810934_haa.json
apps/voicememory_mobile/1784949237857929_haa.json
apps/voicememory_mobile/1784949271275615_rcp.json
apps/voicememory_mobile/1784949271364896_rcp.json
apps/voicememory_mobile/1784949271456230_rcp.json
apps/voicememory_mobile/1784949271497801_rcp.json
apps/voicememory_mobile/1784949271556845_rcp.json
apps/voicememory_mobile/1784949271605669_rcp.json
apps/voicememory_mobile/1784949271658457_rcp.json
apps/voicememory_mobile/1784949271705661_rcp.json
apps/voicememory_mobile/1784949271748243_rcp.json
apps/voicememory_mobile/1784949271805142_rcp.json
apps/voicememory_mobile/1784949271840360_rcp.json
apps/voicememory_mobile/1784949271872717_rcp.json
apps/voicememory_mobile/1784949272005773_rcp.json
apps/voicememory_mobile/1784949272482987_rcp.json
apps/voicememory_mobile/1784949272520182_rcp.json
apps/voicememory_mobile/1784949272547886_rcp.json
apps/voicememory_mobile/1784949272617142_rcp.json
apps/voicememory_mobile/1784949272656019_rcp.json
apps/voicememory_mobile/1784949272684150_rcp.json
apps/voicememory_mobile/1784949433902706_archive_beta_mission.json
apps/voicememory_mobile/1784949761651737_pattern_changed.json
apps/voicememory_mobile/1784949761777019_pattern_changed.json
apps/voicememory_mobile/1784949761832346_pattern_changed.json
apps/voicememory_mobile/1784949761866917_pattern_changed.json
apps/voicememory_mobile/1784949761912213_pattern_changed.json
apps/voicememory_mobile/1784949762170729_pattern_changed.json
apps/voicememory_mobile/1784949762241428_pattern_changed.json
apps/voicememory_mobile/1784949762280847_pattern_changed.json
apps/voicememory_mobile/1784949762326706_pattern_changed.json
apps/voicememory_mobile/1784949762376881_pattern_changed.json
apps/voicememory_mobile/1784949762500777_pattern_changed.json
apps/voicememory_mobile/1784949762574528_pattern_changed.json
apps/voicememory_mobile/1784949762610016_pattern_changed.json
apps/voicememory_mobile/1784949762760809_pattern_changed.json
apps/voicememory_mobile/1784949763271520_pattern_changed.json
apps/voicememory_mobile/1784949763337414_pattern_changed.json
apps/voicememory_mobile/1784949763596154_pattern_changed.json
apps/voicememory_mobile/1784949763676376_pattern_changed.json
apps/voicememory_mobile/1784949763728425_pattern_changed.json
apps/voicememory_mobile/1784949763787926_pattern_changed.json
apps/voicememory_mobile/1784949763819822_pattern_changed.json
apps/voicememory_mobile/1784949763846136_pattern_changed.json
apps/voicememory_mobile/1784949763896416_pattern_changed.json
apps/voicememory_mobile/1784949792384313_wcslt.json
apps/voicememory_mobile/1784949792468510_wcslt.json
apps/voicememory_mobile/1784949792584843_wcslt.json
apps/voicememory_mobile/1784949792657521_wcslt.json
apps/voicememory_mobile/1784949792713208_wcslt.json
apps/voicememory_mobile/1784949792784043_wcslt.json
apps/voicememory_mobile/1784949792836177_wcslt.json
apps/voicememory_mobile/1784949792894608_wcslt.json
apps/voicememory_mobile/1784949792946856_wcslt.json
apps/voicememory_mobile/1784949793026069_wcslt.json
apps/voicememory_mobile/1784949793091327_wcslt.json
apps/voicememory_mobile/1784949793150240_wcslt.json
apps/voicememory_mobile/1784949793181412_wcslt.json
apps/voicememory_mobile/1784949793217379_wcslt.json
apps/voicememory_mobile/1784949793843027_wcslt.json
apps/voicememory_mobile/1784949793870654_wcslt.json
apps/voicememory_mobile/1784949793966067_wcslt.json
apps/voicememory_mobile/1784949794007183_wcslt.json
apps/voicememory_mobile/1784949943040578_confirmed_repeat_beta.json
apps/voicememory_mobile/1784949943376555_confirmed_repeat_beta.json
apps/voicememory_mobile/1784949943411126_confirmed_repeat_beta.json
apps/voicememory_mobile/1784949943438876_confirmed_repeat_beta.json
apps/voicememory_mobile/1784949943461637_confirmed_repeat_beta.json
apps/voicememory_mobile/1784949943485554_confirmed_repeat_beta.json
apps/voicememory_mobile/1784949943510571_confirmed_repeat_beta.json
apps/voicememory_mobile/1784949943534204_confirmed_repeat_beta.json
apps/voicememory_mobile/1784949943605349_confirmed_repeat_beta.json
apps/voicememory_mobile/1784949943632794_confirmed_repeat_beta.json
apps/voicememory_mobile/1784949944075864_confirmed_repeat_beta.json
apps/voicememory_mobile/1784949944313434_confirmed_repeat_beta.json
apps/voicememory_mobile/1784949944407667_confirmed_repeat_beta.json
apps/voicememory_mobile/1784949944576650_confirmed_repeat_beta.json
apps/voicememory_mobile/1784949944728691_confirmed_repeat_beta.json
apps/voicememory_mobile/1784949944848536_confirmed_repeat_beta.json
apps/voicememory_mobile/1784949944973277_confirmed_repeat_beta.json
apps/voicememory_mobile/1784949945041604_confirmed_repeat_beta.json
apps/voicememory_mobile/1784949948249824_haa.json
apps/voicememory_mobile/1784949948469422_haa.json
apps/voicememory_mobile/1784949948526905_haa.json
apps/voicememory_mobile/1784949948564484_haa.json
apps/voicememory_mobile/1784949948604076_haa.json
apps/voicememory_mobile/1784949948641130_haa.json
apps/voicememory_mobile/1784949948673913_haa.json
apps/voicememory_mobile/1784949948695544_haa.json
apps/voicememory_mobile/1784949948719717_haa.json
apps/voicememory_mobile/1784949948804951_haa.json
apps/voicememory_mobile/1784949948868694_haa.json
apps/voicememory_mobile/1784949948907485_haa.json
apps/voicememory_mobile/1784949948948784_haa.json
apps/voicememory_mobile/1784949949420471_haa.json
apps/voicememory_mobile/1784949949452188_haa.json
apps/voicememory_mobile/1784949949503377_haa.json
apps/voicememory_mobile/1784950414120218_pattern_changed.json
apps/voicememory_mobile/1784950414319971_pattern_changed.json
apps/voicememory_mobile/1784950414377593_pattern_changed.json
apps/voicememory_mobile/1784950414423677_pattern_changed.json
apps/voicememory_mobile/1784950414541451_pattern_changed.json
apps/voicememory_mobile/1784950414615420_pattern_changed.json
apps/voicememory_mobile/1784950414644636_pattern_changed.json
apps/voicememory_mobile/1784950414675532_pattern_changed.json
apps/voicememory_mobile/1784950414705411_pattern_changed.json
apps/voicememory_mobile/1784950414735034_pattern_changed.json
apps/voicememory_mobile/1784950414772400_pattern_changed.json
apps/voicememory_mobile/1784950414796721_pattern_changed.json
apps/voicememory_mobile/1784950414822001_pattern_changed.json
apps/voicememory_mobile/1784950414883109_pattern_changed.json
apps/voicememory_mobile/1784950415311183_pattern_changed.json
apps/voicememory_mobile/1784950415365905_pattern_changed.json
apps/voicememory_mobile/1784950415459392_pattern_changed.json
apps/voicememory_mobile/1784950415525288_pattern_changed.json
apps/voicememory_mobile/1784950415550850_pattern_changed.json
apps/voicememory_mobile/1784950415583743_pattern_changed.json
apps/voicememory_mobile/1784950415657560_pattern_changed.json
apps/voicememory_mobile/1784950415685393_pattern_changed.json
apps/voicememory_mobile/1784950415713467_pattern_changed.json
apps/voicememory_mobile/1784950443435043_wcslt.json
apps/voicememory_mobile/1784950443523069_wcslt.json
apps/voicememory_mobile/1784950443627909_wcslt.json
apps/voicememory_mobile/1784950443707345_wcslt.json
apps/voicememory_mobile/1784950443760060_wcslt.json
apps/voicememory_mobile/1784950443817949_wcslt.json
apps/voicememory_mobile/1784950443865669_wcslt.json
apps/voicememory_mobile/1784950443917337_wcslt.json
apps/voicememory_mobile/1784950443966145_wcslt.json
apps/voicememory_mobile/1784950443987551_wcslt.json
apps/voicememory_mobile/1784950444036588_wcslt.json
apps/voicememory_mobile/1784950444088918_wcslt.json
apps/voicememory_mobile/1784950444139138_wcslt.json
apps/voicememory_mobile/1784950444168586_wcslt.json
apps/voicememory_mobile/1784950444773859_wcslt.json
apps/voicememory_mobile/1784950444800276_wcslt.json
apps/voicememory_mobile/1784950444863968_wcslt.json
apps/voicememory_mobile/1784950444903850_wcslt.json
apps/voicememory_mobile/1784950592857366_confirmed_repeat_beta.json
apps/voicememory_mobile/1784950592961590_confirmed_repeat_beta.json
apps/voicememory_mobile/1784950593024872_confirmed_repeat_beta.json
apps/voicememory_mobile/1784950593177808_confirmed_repeat_beta.json
apps/voicememory_mobile/1784950593222473_confirmed_repeat_beta.json
apps/voicememory_mobile/1784950593251246_confirmed_repeat_beta.json
apps/voicememory_mobile/1784950593281928_confirmed_repeat_beta.json
apps/voicememory_mobile/1784950593312340_confirmed_repeat_beta.json
apps/voicememory_mobile/1784950593351569_confirmed_repeat_beta.json
apps/voicememory_mobile/1784950593528793_confirmed_repeat_beta.json
apps/voicememory_mobile/1784950594072402_confirmed_repeat_beta.json
apps/voicememory_mobile/1784950594303074_confirmed_repeat_beta.json
apps/voicememory_mobile/1784950594417472_confirmed_repeat_beta.json
apps/voicememory_mobile/1784950594519883_confirmed_repeat_beta.json
apps/voicememory_mobile/1784950594684816_confirmed_repeat_beta.json
apps/voicememory_mobile/1784950594885368_confirmed_repeat_beta.json
apps/voicememory_mobile/1784950594955569_confirmed_repeat_beta.json
apps/voicememory_mobile/1784950594997678_confirmed_repeat_beta.json
apps/voicememory_mobile/1784950598280896_haa.json
apps/voicememory_mobile/1784950598458417_haa.json
apps/voicememory_mobile/1784950598873781_haa.json
apps/voicememory_mobile/1784950598906977_haa.json
apps/voicememory_mobile/1784950598962802_haa.json
apps/voicememory_mobile/1784950599012739_haa.json
apps/voicememory_mobile/1784950599049660_haa.json
apps/voicememory_mobile/1784950599081449_haa.json
apps/voicememory_mobile/1784950599161137_haa.json
apps/voicememory_mobile/1784950599193398_haa.json
apps/voicememory_mobile/1784950599393256_haa.json
apps/voicememory_mobile/1784950599441866_haa.json
apps/voicememory_mobile/1784950599482294_haa.json
apps/voicememory_mobile/1784950599948733_haa.json
apps/voicememory_mobile/1784950599981000_haa.json
apps/voicememory_mobile/1784950600016537_haa.json
apps/voicememory_mobile/1784950638985736_rcp.json
apps/voicememory_mobile/1784950639140157_rcp.json
apps/voicememory_mobile/1784950639242497_rcp.json
apps/voicememory_mobile/1784950639286457_rcp.json
apps/voicememory_mobile/1784950639344868_rcp.json
apps/voicememory_mobile/1784950639420254_rcp.json
apps/voicememory_mobile/1784950639467850_rcp.json
apps/voicememory_mobile/1784950639533116_rcp.json
apps/voicememory_mobile/1784950639676060_rcp.json
apps/voicememory_mobile/1784950639742736_rcp.json
apps/voicememory_mobile/1784950639762715_rcp.json
apps/voicememory_mobile/1784950639786161_rcp.json
apps/voicememory_mobile/1784950639813094_rcp.json
apps/voicememory_mobile/1784950640273334_rcp.json
apps/voicememory_mobile/1784950640318182_rcp.json
apps/voicememory_mobile/1784950640349560_rcp.json
apps/voicememory_mobile/1784950640403737_rcp.json
apps/voicememory_mobile/1784950640433319_rcp.json
apps/voicememory_mobile/1784950640461560_rcp.json
apps/voicememory_mobile/1784950827973794_archive_beta_mission.json
apps/voicememory_mobile/1784953612792799_pattern_changed.json
apps/voicememory_mobile/1784953612882535_pattern_changed.json
apps/voicememory_mobile/1784953612945745_pattern_changed.json
apps/voicememory_mobile/1784953612996194_pattern_changed.json
apps/voicememory_mobile/1784953613036170_pattern_changed.json
apps/voicememory_mobile/1784953613072825_pattern_changed.json
apps/voicememory_mobile/1784953613107346_pattern_changed.json
apps/voicememory_mobile/1784953613148427_pattern_changed.json
apps/voicememory_mobile/1784953613177989_pattern_changed.json
apps/voicememory_mobile/1784953613209183_pattern_changed.json
apps/voicememory_mobile/1784953613239203_pattern_changed.json
apps/voicememory_mobile/1784953613267588_pattern_changed.json
apps/voicememory_mobile/1784953613297216_pattern_changed.json
apps/voicememory_mobile/1784953613356934_pattern_changed.json
apps/voicememory_mobile/1784953613977072_pattern_changed.json
apps/voicememory_mobile/1784953614056364_pattern_changed.json
apps/voicememory_mobile/1784953614181758_pattern_changed.json
apps/voicememory_mobile/1784953614274215_pattern_changed.json
apps/voicememory_mobile/1784953614305589_pattern_changed.json
apps/voicememory_mobile/1784953614345154_pattern_changed.json
apps/voicememory_mobile/1784953614383446_pattern_changed.json
apps/voicememory_mobile/1784953614404000_pattern_changed.json
apps/voicememory_mobile/1784953614426676_pattern_changed.json
apps/voicememory_mobile/1784953637744191_wcslt.json
apps/voicememory_mobile/1784953637830895_wcslt.json
apps/voicememory_mobile/1784953637966484_wcslt.json
apps/voicememory_mobile/1784953638042114_wcslt.json
apps/voicememory_mobile/1784953638140634_wcslt.json
apps/voicememory_mobile/1784953638233338_wcslt.json
apps/voicememory_mobile/1784953638330111_wcslt.json
apps/voicememory_mobile/1784953638429002_wcslt.json
apps/voicememory_mobile/1784953638518467_wcslt.json
apps/voicememory_mobile/1784953638554760_wcslt.json
apps/voicememory_mobile/1784953638626909_wcslt.json
apps/voicememory_mobile/1784953638701279_wcslt.json
apps/voicememory_mobile/1784953638744160_wcslt.json
apps/voicememory_mobile/1784953638789541_wcslt.json
apps/voicememory_mobile/1784953639364295_wcslt.json
apps/voicememory_mobile/1784953639413857_wcslt.json
apps/voicememory_mobile/1784953639534664_wcslt.json
apps/voicememory_mobile/1784953639570809_wcslt.json
apps/voicememory_mobile/1784953747116559_confirmed_repeat_beta.json
apps/voicememory_mobile/1784953747208919_confirmed_repeat_beta.json
apps/voicememory_mobile/1784953747248447_confirmed_repeat_beta.json
apps/voicememory_mobile/1784953747286463_confirmed_repeat_beta.json
apps/voicememory_mobile/1784953747318095_confirmed_repeat_beta.json
apps/voicememory_mobile/1784953747345975_confirmed_repeat_beta.json
apps/voicememory_mobile/1784953747384106_confirmed_repeat_beta.json
apps/voicememory_mobile/1784953747414029_confirmed_repeat_beta.json
apps/voicememory_mobile/1784953747441982_confirmed_repeat_beta.json
apps/voicememory_mobile/1784953747468652_confirmed_repeat_beta.json
apps/voicememory_mobile/1784953747972341_confirmed_repeat_beta.json
apps/voicememory_mobile/1784953748343876_confirmed_repeat_beta.json
apps/voicememory_mobile/1784953748437504_confirmed_repeat_beta.json
apps/voicememory_mobile/1784953748513114_confirmed_repeat_beta.json
apps/voicememory_mobile/1784953748650481_confirmed_repeat_beta.json
apps/voicememory_mobile/1784953748769795_confirmed_repeat_beta.json
apps/voicememory_mobile/1784953748842806_confirmed_repeat_beta.json
apps/voicememory_mobile/1784953748885578_confirmed_repeat_beta.json
apps/voicememory_mobile/1784953750823800_haa.json
apps/voicememory_mobile/1784953751022099_haa.json
apps/voicememory_mobile/1784953751083028_haa.json
apps/voicememory_mobile/1784953751127303_haa.json
apps/voicememory_mobile/1784953751186952_haa.json
apps/voicememory_mobile/1784953751234639_haa.json
apps/voicememory_mobile/1784953751274266_haa.json
apps/voicememory_mobile/1784953751302255_haa.json
apps/voicememory_mobile/1784953751335249_haa.json
apps/voicememory_mobile/1784953751363054_haa.json
apps/voicememory_mobile/1784953751418822_haa.json
apps/voicememory_mobile/1784953751456688_haa.json
apps/voicememory_mobile/1784953751504563_haa.json
apps/voicememory_mobile/1784953751991502_haa.json
apps/voicememory_mobile/1784953752033718_haa.json
apps/voicememory_mobile/1784953752155811_haa.json
apps/voicememory_mobile/1784953779763692_rcp.json
apps/voicememory_mobile/1784953779858686_rcp.json
apps/voicememory_mobile/1784953779972684_rcp.json
apps/voicememory_mobile/1784953780018276_rcp.json
apps/voicememory_mobile/1784953780087481_rcp.json
apps/voicememory_mobile/1784953780154257_rcp.json
apps/voicememory_mobile/1784953780208162_rcp.json
apps/voicememory_mobile/1784953780260823_rcp.json
apps/voicememory_mobile/1784953780318259_rcp.json
apps/voicememory_mobile/1784953780380007_rcp.json
apps/voicememory_mobile/1784953780531307_rcp.json
apps/voicememory_mobile/1784953780605283_rcp.json
apps/voicememory_mobile/1784953780642194_rcp.json
apps/voicememory_mobile/1784953781111992_rcp.json
apps/voicememory_mobile/1784953781163285_rcp.json
apps/voicememory_mobile/1784953781198680_rcp.json
apps/voicememory_mobile/1784953781263009_rcp.json
apps/voicememory_mobile/1784953781296273_rcp.json
apps/voicememory_mobile/1784953781325927_rcp.json
apps/voicememory_mobile/1784953921502838_archive_beta_mission.json
apps/voicememory_mobile/1784954295440969_pattern_changed.json
apps/voicememory_mobile/1784954295517337_pattern_changed.json
apps/voicememory_mobile/1784954295571263_pattern_changed.json
apps/voicememory_mobile/1784954295605836_pattern_changed.json
apps/voicememory_mobile/1784954295639697_pattern_changed.json
apps/voicememory_mobile/1784954295675488_pattern_changed.json
apps/voicememory_mobile/1784954295742251_pattern_changed.json
apps/voicememory_mobile/1784954295845690_pattern_changed.json
apps/voicememory_mobile/1784954295888663_pattern_changed.json
apps/voicememory_mobile/1784954295921780_pattern_changed.json
apps/voicememory_mobile/1784954295953308_pattern_changed.json
apps/voicememory_mobile/1784954295979578_pattern_changed.json
apps/voicememory_mobile/1784954296011306_pattern_changed.json
apps/voicememory_mobile/1784954296073600_pattern_changed.json
apps/voicememory_mobile/1784954296512812_pattern_changed.json
apps/voicememory_mobile/1784954296735226_pattern_changed.json
apps/voicememory_mobile/1784954296834701_pattern_changed.json
apps/voicememory_mobile/1784954296898940_pattern_changed.json
apps/voicememory_mobile/1784954296923426_pattern_changed.json
apps/voicememory_mobile/1784954296966854_pattern_changed.json
apps/voicememory_mobile/1784954297024379_pattern_changed.json
apps/voicememory_mobile/1784954297055060_pattern_changed.json
apps/voicememory_mobile/1784954297090204_pattern_changed.json
apps/voicememory_mobile/1784954331435330_wcslt.json
apps/voicememory_mobile/1784954331510379_wcslt.json
apps/voicememory_mobile/1784954331611356_wcslt.json
apps/voicememory_mobile/1784954331667652_wcslt.json
apps/voicememory_mobile/1784954331727859_wcslt.json
apps/voicememory_mobile/1784954331776544_wcslt.json
apps/voicememory_mobile/1784954331825012_wcslt.json
apps/voicememory_mobile/1784954331874258_wcslt.json
apps/voicememory_mobile/1784954331923126_wcslt.json
apps/voicememory_mobile/1784954331945113_wcslt.json
apps/voicememory_mobile/1784954331994814_wcslt.json
apps/voicememory_mobile/1784954332042482_wcslt.json
apps/voicememory_mobile/1784954332088032_wcslt.json
apps/voicememory_mobile/1784954332124723_wcslt.json
apps/voicememory_mobile/1784954332716749_wcslt.json
apps/voicememory_mobile/1784954332750963_wcslt.json
apps/voicememory_mobile/1784954332831363_wcslt.json
apps/voicememory_mobile/1784954332863568_wcslt.json
apps/voicememory_mobile/1784954452448349_confirmed_repeat_beta.json
apps/voicememory_mobile/1784954452531286_confirmed_repeat_beta.json
apps/voicememory_mobile/1784954452564563_confirmed_repeat_beta.json
apps/voicememory_mobile/1784954452591898_confirmed_repeat_beta.json
apps/voicememory_mobile/1784954452616919_confirmed_repeat_beta.json
apps/voicememory_mobile/1784954452642182_confirmed_repeat_beta.json
apps/voicememory_mobile/1784954452674087_confirmed_repeat_beta.json
apps/voicememory_mobile/1784954452697603_confirmed_repeat_beta.json
apps/voicememory_mobile/1784954452721897_confirmed_repeat_beta.json
apps/voicememory_mobile/1784954452749675_confirmed_repeat_beta.json
apps/voicememory_mobile/1784954453218805_confirmed_repeat_beta.json
apps/voicememory_mobile/1784954453560839_confirmed_repeat_beta.json
apps/voicememory_mobile/1784954453655342_confirmed_repeat_beta.json
apps/voicememory_mobile/1784954453721949_confirmed_repeat_beta.json
apps/voicememory_mobile/1784954453861139_confirmed_repeat_beta.json
apps/voicememory_mobile/1784954453975064_confirmed_repeat_beta.json
apps/voicememory_mobile/1784954454037305_confirmed_repeat_beta.json
apps/voicememory_mobile/1784954454074349_confirmed_repeat_beta.json
apps/voicememory_mobile/1784954456347148_haa.json
apps/voicememory_mobile/1784954456528837_haa.json
apps/voicememory_mobile/1784954456601662_haa.json
apps/voicememory_mobile/1784954456635873_haa.json
apps/voicememory_mobile/1784954456681701_haa.json
apps/voicememory_mobile/1784954456724270_haa.json
apps/voicememory_mobile/1784954456781743_haa.json
apps/voicememory_mobile/1784954456808590_haa.json
apps/voicememory_mobile/1784954456832350_haa.json
apps/voicememory_mobile/1784954456855116_haa.json
apps/voicememory_mobile/1784954456906098_haa.json
apps/voicememory_mobile/1784954456941304_haa.json
apps/voicememory_mobile/1784954456986912_haa.json
apps/voicememory_mobile/1784954457572168_haa.json
apps/voicememory_mobile/1784954458092943_haa.json
apps/voicememory_mobile/1784954458119349_haa.json
apps/voicememory_mobile/1784954489842394_rcp.json
apps/voicememory_mobile/1784954489924763_rcp.json
apps/voicememory_mobile/1784954490039751_rcp.json
apps/voicememory_mobile/1784954490079003_rcp.json
apps/voicememory_mobile/1784954490144015_rcp.json
apps/voicememory_mobile/1784954490200631_rcp.json
apps/voicememory_mobile/1784954490248974_rcp.json
apps/voicememory_mobile/1784954490294091_rcp.json
apps/voicememory_mobile/1784954490340016_rcp.json
apps/voicememory_mobile/1784954490383598_rcp.json
apps/voicememory_mobile/1784954490406172_rcp.json
apps/voicememory_mobile/1784954490427811_rcp.json
apps/voicememory_mobile/1784954490460535_rcp.json
apps/voicememory_mobile/1784954491063826_rcp.json
apps/voicememory_mobile/1784954491096126_rcp.json
apps/voicememory_mobile/1784954491120833_rcp.json
apps/voicememory_mobile/1784954491200431_rcp.json
apps/voicememory_mobile/1784954491228971_rcp.json
apps/voicememory_mobile/1784954491255773_rcp.json
apps/voicememory_mobile/1784955071158080_pattern_changed.json
apps/voicememory_mobile/1784955071242088_pattern_changed.json
apps/voicememory_mobile/1784955071299527_pattern_changed.json
apps/voicememory_mobile/1784955071335914_pattern_changed.json
apps/voicememory_mobile/1784955071370134_pattern_changed.json
apps/voicememory_mobile/1784955071423933_pattern_changed.json
apps/voicememory_mobile/1784955071457691_pattern_changed.json
apps/voicememory_mobile/1784955071491138_pattern_changed.json
apps/voicememory_mobile/1784955071519476_pattern_changed.json
apps/voicememory_mobile/1784955071550456_pattern_changed.json
apps/voicememory_mobile/1784955071582576_pattern_changed.json
apps/voicememory_mobile/1784955071606904_pattern_changed.json
apps/voicememory_mobile/1784955071628275_pattern_changed.json
apps/voicememory_mobile/1784955071704047_pattern_changed.json
apps/voicememory_mobile/1784955072352313_pattern_changed.json
apps/voicememory_mobile/1784955072424377_pattern_changed.json
apps/voicememory_mobile/1784955072531199_pattern_changed.json
apps/voicememory_mobile/1784955072713947_pattern_changed.json
apps/voicememory_mobile/1784955072740329_pattern_changed.json
apps/voicememory_mobile/1784955072770586_pattern_changed.json
apps/voicememory_mobile/1784955072797774_pattern_changed.json
apps/voicememory_mobile/1784955072824010_pattern_changed.json
apps/voicememory_mobile/1784955072852865_pattern_changed.json
apps/voicememory_mobile/1784955095170378_wcslt.json
apps/voicememory_mobile/1784955095265210_wcslt.json
apps/voicememory_mobile/1784955095504680_wcslt.json
apps/voicememory_mobile/1784955095572191_wcslt.json
apps/voicememory_mobile/1784955095634749_wcslt.json
apps/voicememory_mobile/1784955095689824_wcslt.json
apps/voicememory_mobile/1784955095743175_wcslt.json
apps/voicememory_mobile/1784955095805602_wcslt.json
apps/voicememory_mobile/1784955095874508_wcslt.json
apps/voicememory_mobile/1784955095914485_wcslt.json
apps/voicememory_mobile/1784955095969793_wcslt.json
apps/voicememory_mobile/1784955096037563_wcslt.json
apps/voicememory_mobile/1784955096067744_wcslt.json
apps/voicememory_mobile/1784955096101682_wcslt.json
apps/voicememory_mobile/1784955096709121_wcslt.json
apps/voicememory_mobile/1784955096764397_wcslt.json
apps/voicememory_mobile/1784955096875440_wcslt.json
apps/voicememory_mobile/1784955096921873_wcslt.json
apps/voicememory_mobile/1784955197339830_confirmed_repeat_beta.json
apps/voicememory_mobile/1784955197430109_confirmed_repeat_beta.json
apps/voicememory_mobile/1784955197464250_confirmed_repeat_beta.json
apps/voicememory_mobile/1784955197494896_confirmed_repeat_beta.json
apps/voicememory_mobile/1784955197524240_confirmed_repeat_beta.json
apps/voicememory_mobile/1784955197575075_confirmed_repeat_beta.json
apps/voicememory_mobile/1784955197615849_confirmed_repeat_beta.json
apps/voicememory_mobile/1784955197643365_confirmed_repeat_beta.json
apps/voicememory_mobile/1784955197672282_confirmed_repeat_beta.json
apps/voicememory_mobile/1784955197705715_confirmed_repeat_beta.json
apps/voicememory_mobile/1784955198195014_confirmed_repeat_beta.json
apps/voicememory_mobile/1784955198545540_confirmed_repeat_beta.json
apps/voicememory_mobile/1784955198648171_confirmed_repeat_beta.json
apps/voicememory_mobile/1784955198732923_confirmed_repeat_beta.json
apps/voicememory_mobile/1784955198864822_confirmed_repeat_beta.json
apps/voicememory_mobile/1784955199002254_confirmed_repeat_beta.json
apps/voicememory_mobile/1784955199076455_confirmed_repeat_beta.json
apps/voicememory_mobile/1784955199132735_confirmed_repeat_beta.json
apps/voicememory_mobile/1784955200694440_haa.json
apps/voicememory_mobile/1784955200837859_haa.json
apps/voicememory_mobile/1784955200890737_haa.json
apps/voicememory_mobile/1784955200928775_haa.json
apps/voicememory_mobile/1784955200993963_haa.json
apps/voicememory_mobile/1784955201047236_haa.json
apps/voicememory_mobile/1784955201082285_haa.json
apps/voicememory_mobile/1784955201109473_haa.json
apps/voicememory_mobile/1784955201137109_haa.json
apps/voicememory_mobile/1784955201174172_haa.json
apps/voicememory_mobile/1784955201228544_haa.json
apps/voicememory_mobile/1784955201269966_haa.json
apps/voicememory_mobile/1784955201321285_haa.json
apps/voicememory_mobile/1784955201865756_haa.json
apps/voicememory_mobile/1784955201903331_haa.json
apps/voicememory_mobile/1784955201941037_haa.json
apps/voicememory_mobile/1784955228581603_rcp.json
apps/voicememory_mobile/1784955228749329_rcp.json
apps/voicememory_mobile/1784955228867621_rcp.json
apps/voicememory_mobile/1784955228917052_rcp.json
apps/voicememory_mobile/1784955229120805_rcp.json
apps/voicememory_mobile/1784955229174976_rcp.json
apps/voicememory_mobile/1784955229228773_rcp.json
apps/voicememory_mobile/1784955229283464_rcp.json
apps/voicememory_mobile/1784955229333277_rcp.json
apps/voicememory_mobile/1784955229401284_rcp.json
apps/voicememory_mobile/1784955229434799_rcp.json
apps/voicememory_mobile/1784955229460550_rcp.json
apps/voicememory_mobile/1784955229497541_rcp.json
apps/voicememory_mobile/1784955229976619_rcp.json
apps/voicememory_mobile/1784955230019375_rcp.json
apps/voicememory_mobile/1784955230052393_rcp.json
apps/voicememory_mobile/1784955230115428_rcp.json
apps/voicememory_mobile/1784955230150497_rcp.json
apps/voicememory_mobile/1784955230182322_rcp.json
apps/voicememory_mobile/1784955369644536_archive_beta_mission.json
apps/voicememory_mobile/1785054664347245_pattern_changed.json
apps/voicememory_mobile/1785054664434748_pattern_changed.json
apps/voicememory_mobile/1785054664499867_pattern_changed.json
apps/voicememory_mobile/1785054664556396_pattern_changed.json
apps/voicememory_mobile/1785054664595371_pattern_changed.json
apps/voicememory_mobile/1785054664630023_pattern_changed.json
apps/voicememory_mobile/1785054664663477_pattern_changed.json
apps/voicememory_mobile/1785054664699746_pattern_changed.json
apps/voicememory_mobile/1785054664731334_pattern_changed.json
apps/voicememory_mobile/1785054664765242_pattern_changed.json
apps/voicememory_mobile/1785054664801871_pattern_changed.json
apps/voicememory_mobile/1785054664831971_pattern_changed.json
apps/voicememory_mobile/1785054664864107_pattern_changed.json
apps/voicememory_mobile/1785054664930499_pattern_changed.json
apps/voicememory_mobile/1785054665679982_pattern_changed.json
apps/voicememory_mobile/1785054665788869_pattern_changed.json
apps/voicememory_mobile/1785054665881125_pattern_changed.json
apps/voicememory_mobile/1785054665949381_pattern_changed.json
apps/voicememory_mobile/1785054665990427_pattern_changed.json
apps/voicememory_mobile/1785054666079384_pattern_changed.json
apps/voicememory_mobile/1785054666110663_pattern_changed.json
apps/voicememory_mobile/1785054666145494_pattern_changed.json
apps/voicememory_mobile/1785054666173843_pattern_changed.json
apps/voicememory_mobile/1785054691729500_wcslt.json
apps/voicememory_mobile/1785054691809561_wcslt.json
apps/voicememory_mobile/1785054691916595_wcslt.json
apps/voicememory_mobile/1785054691991594_wcslt.json
apps/voicememory_mobile/1785054692053433_wcslt.json
apps/voicememory_mobile/1785054692127859_wcslt.json
apps/voicememory_mobile/1785054692179311_wcslt.json
apps/voicememory_mobile/1785054692238301_wcslt.json
apps/voicememory_mobile/1785054692292973_wcslt.json
apps/voicememory_mobile/1785054692316826_wcslt.json
apps/voicememory_mobile/1785054692375412_wcslt.json
apps/voicememory_mobile/1785054692438502_wcslt.json
apps/voicememory_mobile/1785054692473727_wcslt.json
apps/voicememory_mobile/1785054692512090_wcslt.json
apps/voicememory_mobile/1785054693014043_wcslt.json
apps/voicememory_mobile/1785054693043562_wcslt.json
apps/voicememory_mobile/1785054693121532_wcslt.json
apps/voicememory_mobile/1785054693147704_wcslt.json
apps/voicememory_mobile/1785054796915220_confirmed_repeat_beta.json
apps/voicememory_mobile/1785054797024028_confirmed_repeat_beta.json
apps/voicememory_mobile/1785054797180684_confirmed_repeat_beta.json
apps/voicememory_mobile/1785054797357497_confirmed_repeat_beta.json
apps/voicememory_mobile/1785054797442766_confirmed_repeat_beta.json
apps/voicememory_mobile/1785054797479141_confirmed_repeat_beta.json
apps/voicememory_mobile/1785054797534816_confirmed_repeat_beta.json
apps/voicememory_mobile/1785054797573368_confirmed_repeat_beta.json
apps/voicememory_mobile/1785054797609580_confirmed_repeat_beta.json
apps/voicememory_mobile/1785054797653898_confirmed_repeat_beta.json
apps/voicememory_mobile/1785054798566007_confirmed_repeat_beta.json
apps/voicememory_mobile/1785054798768637_confirmed_repeat_beta.json
apps/voicememory_mobile/1785054798939535_confirmed_repeat_beta.json
apps/voicememory_mobile/1785054799049839_confirmed_repeat_beta.json
apps/voicememory_mobile/1785054799170933_confirmed_repeat_beta.json
apps/voicememory_mobile/1785054799290395_confirmed_repeat_beta.json
apps/voicememory_mobile/1785054799364711_confirmed_repeat_beta.json
apps/voicememory_mobile/1785054799412735_confirmed_repeat_beta.json
apps/voicememory_mobile/1785054800942443_haa.json
apps/voicememory_mobile/1785054801147855_haa.json
apps/voicememory_mobile/1785054801191954_haa.json
apps/voicememory_mobile/1785054801222181_haa.json
apps/voicememory_mobile/1785054801256903_haa.json
apps/voicememory_mobile/1785054801289202_haa.json
apps/voicememory_mobile/1785054801316600_haa.json
apps/voicememory_mobile/1785054801335669_haa.json
apps/voicememory_mobile/1785054801352591_haa.json
apps/voicememory_mobile/1785054801369687_haa.json
apps/voicememory_mobile/1785054801461410_haa.json
apps/voicememory_mobile/1785054801498267_haa.json
apps/voicememory_mobile/1785054801532517_haa.json
apps/voicememory_mobile/1785054801948514_haa.json
apps/voicememory_mobile/1785054802388793_haa.json
apps/voicememory_mobile/1785054802416362_haa.json
apps/voicememory_mobile/1785054831153287_rcp.json
apps/voicememory_mobile/1785054831259212_rcp.json
apps/voicememory_mobile/1785054831385795_rcp.json
apps/voicememory_mobile/1785054831429404_rcp.json
apps/voicememory_mobile/1785054831493071_rcp.json
apps/voicememory_mobile/1785054831559930_rcp.json
apps/voicememory_mobile/1785054831610458_rcp.json
apps/voicememory_mobile/1785054831661716_rcp.json
apps/voicememory_mobile/1785054831718569_rcp.json
apps/voicememory_mobile/1785054831769874_rcp.json
apps/voicememory_mobile/1785054831796835_rcp.json
apps/voicememory_mobile/1785054831822886_rcp.json
apps/voicememory_mobile/1785054831854894_rcp.json
apps/voicememory_mobile/1785054832558379_rcp.json
apps/voicememory_mobile/1785054832613964_rcp.json
apps/voicememory_mobile/1785054832652553_rcp.json
apps/voicememory_mobile/1785054832729147_rcp.json
apps/voicememory_mobile/1785054832765155_rcp.json
apps/voicememory_mobile/1785054832818158_rcp.json
apps/voicememory_mobile/1785055611044771_pattern_changed.json
apps/voicememory_mobile/1785055611451218_pattern_changed.json
apps/voicememory_mobile/1785055611529179_pattern_changed.json
apps/voicememory_mobile/1785055611628619_pattern_changed.json
apps/voicememory_mobile/1785055611660279_pattern_changed.json
apps/voicememory_mobile/1785055611692656_pattern_changed.json
apps/voicememory_mobile/1785055611723496_pattern_changed.json
apps/voicememory_mobile/1785055611752317_pattern_changed.json
apps/voicememory_mobile/1785055611784330_pattern_changed.json
apps/voicememory_mobile/1785055611817716_pattern_changed.json
apps/voicememory_mobile/1785055611894093_pattern_changed.json
apps/voicememory_mobile/1785055611925080_pattern_changed.json
apps/voicememory_mobile/1785055611950698_pattern_changed.json
apps/voicememory_mobile/1785055612015888_pattern_changed.json
apps/voicememory_mobile/1785055612439092_pattern_changed.json
apps/voicememory_mobile/1785055612504784_pattern_changed.json
apps/voicememory_mobile/1785055612592665_pattern_changed.json
apps/voicememory_mobile/1785055612655639_pattern_changed.json
apps/voicememory_mobile/1785055612684314_pattern_changed.json
apps/voicememory_mobile/1785055612725709_pattern_changed.json
apps/voicememory_mobile/1785055612756488_pattern_changed.json
apps/voicememory_mobile/1785055612780122_pattern_changed.json
apps/voicememory_mobile/1785055612805698_pattern_changed.json
apps/voicememory_mobile/1785055645677448_wcslt.json
apps/voicememory_mobile/1785055645756351_wcslt.json
apps/voicememory_mobile/1785055645866359_wcslt.json
apps/voicememory_mobile/1785055645934357_wcslt.json
apps/voicememory_mobile/1785055646004592_wcslt.json
apps/voicememory_mobile/1785055646056815_wcslt.json
apps/voicememory_mobile/1785055646105483_wcslt.json
apps/voicememory_mobile/1785055646154004_wcslt.json
apps/voicememory_mobile/1785055646203465_wcslt.json
apps/voicememory_mobile/1785055646225199_wcslt.json
apps/voicememory_mobile/1785055646271040_wcslt.json
apps/voicememory_mobile/1785055646320011_wcslt.json
apps/voicememory_mobile/1785055646353484_wcslt.json
apps/voicememory_mobile/1785055646399559_wcslt.json
apps/voicememory_mobile/1785055647164554_wcslt.json
apps/voicememory_mobile/1785055647202486_wcslt.json
apps/voicememory_mobile/1785055647336752_wcslt.json
apps/voicememory_mobile/1785055647405326_wcslt.json
apps/voicememory_mobile/1785055755783191_confirmed_repeat_beta.json
apps/voicememory_mobile/1785055755865374_confirmed_repeat_beta.json
apps/voicememory_mobile/1785055755900380_confirmed_repeat_beta.json
apps/voicememory_mobile/1785055755929146_confirmed_repeat_beta.json
apps/voicememory_mobile/1785055755961958_confirmed_repeat_beta.json
apps/voicememory_mobile/1785055755988751_confirmed_repeat_beta.json
apps/voicememory_mobile/1785055756021089_confirmed_repeat_beta.json
apps/voicememory_mobile/1785055756047510_confirmed_repeat_beta.json
apps/voicememory_mobile/1785055756072608_confirmed_repeat_beta.json
apps/voicememory_mobile/1785055756097267_confirmed_repeat_beta.json
apps/voicememory_mobile/1785055756515914_confirmed_repeat_beta.json
apps/voicememory_mobile/1785055756673163_confirmed_repeat_beta.json
apps/voicememory_mobile/1785055756743624_confirmed_repeat_beta.json
apps/voicememory_mobile/1785055756805861_confirmed_repeat_beta.json
apps/voicememory_mobile/1785055756933174_confirmed_repeat_beta.json
apps/voicememory_mobile/1785055757060159_confirmed_repeat_beta.json
apps/voicememory_mobile/1785055757120992_confirmed_repeat_beta.json
apps/voicememory_mobile/1785055757158043_confirmed_repeat_beta.json
apps/voicememory_mobile/1785055758888435_haa.json
apps/voicememory_mobile/1785055759030821_haa.json
apps/voicememory_mobile/1785055759079383_haa.json
apps/voicememory_mobile/1785055759111947_haa.json
apps/voicememory_mobile/1785055759153998_haa.json
apps/voicememory_mobile/1785055759197408_haa.json
apps/voicememory_mobile/1785055759230695_haa.json
apps/voicememory_mobile/1785055759255250_haa.json
apps/voicememory_mobile/1785055759281443_haa.json
apps/voicememory_mobile/1785055759305359_haa.json
apps/voicememory_mobile/1785055759353890_haa.json
apps/voicememory_mobile/1785055759390696_haa.json
apps/voicememory_mobile/1785055759424094_haa.json
apps/voicememory_mobile/1785055759836840_haa.json
apps/voicememory_mobile/1785055759864338_haa.json
apps/voicememory_mobile/1785055759887640_haa.json
apps/voicememory_mobile/1785055792223452_rcp.json
apps/voicememory_mobile/1785055792308581_rcp.json
apps/voicememory_mobile/1785055792416561_rcp.json
apps/voicememory_mobile/1785055792478299_rcp.json
apps/voicememory_mobile/1785055792542882_rcp.json
apps/voicememory_mobile/1785055792593894_rcp.json
apps/voicememory_mobile/1785055792641396_rcp.json
apps/voicememory_mobile/1785055792687093_rcp.json
apps/voicememory_mobile/1785055792739370_rcp.json
apps/voicememory_mobile/1785055792787379_rcp.json
apps/voicememory_mobile/1785055792813783_rcp.json
apps/voicememory_mobile/1785055792846675_rcp.json
apps/voicememory_mobile/1785055792871864_rcp.json
apps/voicememory_mobile/1785055793293420_rcp.json
apps/voicememory_mobile/1785055793321471_rcp.json
apps/voicememory_mobile/1785055793350329_rcp.json
apps/voicememory_mobile/1785055793397284_rcp.json
apps/voicememory_mobile/1785055793419842_rcp.json
apps/voicememory_mobile/1785055793445818_rcp.json
apps/voicememory_mobile/1785138277941778_pattern_changed.json
apps/voicememory_mobile/1785138278033631_pattern_changed.json
apps/voicememory_mobile/1785138278093315_pattern_changed.json
apps/voicememory_mobile/1785138278131220_pattern_changed.json
apps/voicememory_mobile/1785138278167687_pattern_changed.json
apps/voicememory_mobile/1785138278208268_pattern_changed.json
apps/voicememory_mobile/1785138278246049_pattern_changed.json
apps/voicememory_mobile/1785138278281738_pattern_changed.json
apps/voicememory_mobile/1785138278315377_pattern_changed.json
apps/voicememory_mobile/1785138278348149_pattern_changed.json
apps/voicememory_mobile/1785138278381708_pattern_changed.json
apps/voicememory_mobile/1785138278411235_pattern_changed.json
apps/voicememory_mobile/1785138278444151_pattern_changed.json
apps/voicememory_mobile/1785138278517131_pattern_changed.json
apps/voicememory_mobile/1785138279185737_pattern_changed.json
apps/voicememory_mobile/1785138279268001_pattern_changed.json
apps/voicememory_mobile/1785138279380807_pattern_changed.json
apps/voicememory_mobile/1785138279442264_pattern_changed.json
apps/voicememory_mobile/1785138279471226_pattern_changed.json
apps/voicememory_mobile/1785138279543739_pattern_changed.json
apps/voicememory_mobile/1785138279597881_pattern_changed.json
apps/voicememory_mobile/1785138279623500_pattern_changed.json
apps/voicememory_mobile/1785138279652512_pattern_changed.json
apps/voicememory_mobile/1785138315042880_wcslt.json
apps/voicememory_mobile/1785138315129810_wcslt.json
apps/voicememory_mobile/1785138315253015_wcslt.json
apps/voicememory_mobile/1785138315499432_wcslt.json
apps/voicememory_mobile/1785138315671151_wcslt.json
apps/voicememory_mobile/1785138315735117_wcslt.json
apps/voicememory_mobile/1785138315841384_wcslt.json
apps/voicememory_mobile/1785138315924489_wcslt.json
apps/voicememory_mobile/1785138315990417_wcslt.json
apps/voicememory_mobile/1785138316014931_wcslt.json
apps/voicememory_mobile/1785138316065331_wcslt.json
apps/voicememory_mobile/1785138316116768_wcslt.json
apps/voicememory_mobile/1785138316146742_wcslt.json
apps/voicememory_mobile/1785138316171132_wcslt.json
apps/voicememory_mobile/1785138316767733_wcslt.json
apps/voicememory_mobile/1785138316798074_wcslt.json
apps/voicememory_mobile/1785138316865379_wcslt.json
apps/voicememory_mobile/1785138316901670_wcslt.json
apps/voicememory_mobile/1785138485393119_confirmed_repeat_beta.json
apps/voicememory_mobile/1785138485645076_confirmed_repeat_beta.json
apps/voicememory_mobile/1785138485694912_confirmed_repeat_beta.json
apps/voicememory_mobile/1785138485792873_confirmed_repeat_beta.json
apps/voicememory_mobile/1785138486138819_confirmed_repeat_beta.json
apps/voicememory_mobile/1785138486557012_confirmed_repeat_beta.json
apps/voicememory_mobile/1785138486975635_confirmed_repeat_beta.json
apps/voicememory_mobile/1785138487003988_confirmed_repeat_beta.json
apps/voicememory_mobile/1785138487028738_confirmed_repeat_beta.json
apps/voicememory_mobile/1785138487055102_confirmed_repeat_beta.json
apps/voicememory_mobile/1785138487544335_confirmed_repeat_beta.json
apps/voicememory_mobile/1785138487740878_confirmed_repeat_beta.json
apps/voicememory_mobile/1785138487987374_confirmed_repeat_beta.json
apps/voicememory_mobile/1785138488229171_confirmed_repeat_beta.json
apps/voicememory_mobile/1785138488348410_confirmed_repeat_beta.json
apps/voicememory_mobile/1785138488462619_confirmed_repeat_beta.json
apps/voicememory_mobile/1785138488540997_confirmed_repeat_beta.json
apps/voicememory_mobile/1785138489053986_confirmed_repeat_beta.json
apps/voicememory_mobile/1785138491823096_haa.json
apps/voicememory_mobile/1785138492073427_haa.json
apps/voicememory_mobile/1785138492156709_haa.json
apps/voicememory_mobile/1785138492192752_haa.json
apps/voicememory_mobile/1785138492243486_haa.json
apps/voicememory_mobile/1785138492293100_haa.json
apps/voicememory_mobile/1785138492339863_haa.json
apps/voicememory_mobile/1785138492371204_haa.json
apps/voicememory_mobile/1785138492394751_haa.json
apps/voicememory_mobile/1785138492424217_haa.json
apps/voicememory_mobile/1785138492480142_haa.json
apps/voicememory_mobile/1785138492525358_haa.json
apps/voicememory_mobile/1785138492577947_haa.json
apps/voicememory_mobile/1785138493039811_haa.json
apps/voicememory_mobile/1785138493073953_haa.json
apps/voicememory_mobile/1785138493125007_haa.json
apps/voicememory_mobile/1785138539457753_rcp.json
apps/voicememory_mobile/1785138539640103_rcp.json
apps/voicememory_mobile/1785138539833117_rcp.json
apps/voicememory_mobile/1785138539891336_rcp.json
apps/voicememory_mobile/1785138539978401_rcp.json
apps/voicememory_mobile/1785138540054296_rcp.json
apps/voicememory_mobile/1785138540116032_rcp.json
apps/voicememory_mobile/1785138540185114_rcp.json
apps/voicememory_mobile/1785138540237474_rcp.json
apps/voicememory_mobile/1785138540301652_rcp.json
apps/voicememory_mobile/1785138540336257_rcp.json
apps/voicememory_mobile/1785138540360169_rcp.json
apps/voicememory_mobile/1785138540385746_rcp.json
apps/voicememory_mobile/1785138540836786_rcp.json
apps/voicememory_mobile/1785138540872299_rcp.json
apps/voicememory_mobile/1785138540921321_rcp.json
apps/voicememory_mobile/1785138540981915_rcp.json
apps/voicememory_mobile/1785138541020384_rcp.json
apps/voicememory_mobile/1785138541048459_rcp.json
apps/voicememory_mobile/1785138735647132_archive_beta_mission.json
apps/voicememory_mobile/1785156885608302_pattern_changed.json
apps/voicememory_mobile/1785156885705747_pattern_changed.json
apps/voicememory_mobile/1785156885772194_pattern_changed.json
apps/voicememory_mobile/1785156885809500_pattern_changed.json
apps/voicememory_mobile/1785156885842502_pattern_changed.json
apps/voicememory_mobile/1785156885877399_pattern_changed.json
apps/voicememory_mobile/1785156885916295_pattern_changed.json
apps/voicememory_mobile/1785156885947453_pattern_changed.json
apps/voicememory_mobile/1785156885978020_pattern_changed.json
apps/voicememory_mobile/1785156886009645_pattern_changed.json
apps/voicememory_mobile/1785156886042038_pattern_changed.json
apps/voicememory_mobile/1785156886066705_pattern_changed.json
apps/voicememory_mobile/1785156886089001_pattern_changed.json
apps/voicememory_mobile/1785156886147201_pattern_changed.json
apps/voicememory_mobile/1785156886572890_pattern_changed.json
apps/voicememory_mobile/1785156886654000_pattern_changed.json
apps/voicememory_mobile/1785156886765295_pattern_changed.json
apps/voicememory_mobile/1785156886831446_pattern_changed.json
apps/voicememory_mobile/1785156886854202_pattern_changed.json
apps/voicememory_mobile/1785156886883899_pattern_changed.json
apps/voicememory_mobile/1785156886933709_pattern_changed.json
apps/voicememory_mobile/1785156886964595_pattern_changed.json
apps/voicememory_mobile/1785156886988028_pattern_changed.json
apps/voicememory_mobile/1785156925122147_wcslt.json
apps/voicememory_mobile/1785156925246908_wcslt.json
apps/voicememory_mobile/1785156925365069_wcslt.json
apps/voicememory_mobile/1785156925451039_wcslt.json
apps/voicememory_mobile/1785156925508392_wcslt.json
apps/voicememory_mobile/1785156925563778_wcslt.json
apps/voicememory_mobile/1785156925618192_wcslt.json
apps/voicememory_mobile/1785156925670300_wcslt.json
apps/voicememory_mobile/1785156925720331_wcslt.json
apps/voicememory_mobile/1785156925745222_wcslt.json
apps/voicememory_mobile/1785156925796368_wcslt.json
apps/voicememory_mobile/1785156925889755_wcslt.json
apps/voicememory_mobile/1785156925923088_wcslt.json
apps/voicememory_mobile/1785156925958401_wcslt.json
apps/voicememory_mobile/1785156926399787_wcslt.json
apps/voicememory_mobile/1785156926429473_wcslt.json
apps/voicememory_mobile/1785156926488711_wcslt.json
apps/voicememory_mobile/1785156926527326_wcslt.json
apps/voicememory_mobile/1785157077858862_confirmed_repeat_beta.json
apps/voicememory_mobile/1785157077951535_confirmed_repeat_beta.json
apps/voicememory_mobile/1785157077988326_confirmed_repeat_beta.json
apps/voicememory_mobile/1785157078019721_confirmed_repeat_beta.json
apps/voicememory_mobile/1785157078046545_confirmed_repeat_beta.json
apps/voicememory_mobile/1785157078071304_confirmed_repeat_beta.json
apps/voicememory_mobile/1785157078098427_confirmed_repeat_beta.json
apps/voicememory_mobile/1785157078127700_confirmed_repeat_beta.json
apps/voicememory_mobile/1785157078150949_confirmed_repeat_beta.json
apps/voicememory_mobile/1785157078174859_confirmed_repeat_beta.json
apps/voicememory_mobile/1785157078622475_confirmed_repeat_beta.json
apps/voicememory_mobile/1785157078808596_confirmed_repeat_beta.json
apps/voicememory_mobile/1785157078888087_confirmed_repeat_beta.json
apps/voicememory_mobile/1785157078945872_confirmed_repeat_beta.json
apps/voicememory_mobile/1785157079074547_confirmed_repeat_beta.json
apps/voicememory_mobile/1785157079189068_confirmed_repeat_beta.json
apps/voicememory_mobile/1785157079246289_confirmed_repeat_beta.json
apps/voicememory_mobile/1785157079653965_confirmed_repeat_beta.json
apps/voicememory_mobile/1785157083099360_haa.json
apps/voicememory_mobile/1785157083282461_haa.json
apps/voicememory_mobile/1785157083358560_haa.json
apps/voicememory_mobile/1785157083399465_haa.json
apps/voicememory_mobile/1785157083443966_haa.json
apps/voicememory_mobile/1785157083492592_haa.json
apps/voicememory_mobile/1785157083535157_haa.json
apps/voicememory_mobile/1785157083561729_haa.json
apps/voicememory_mobile/1785157083584106_haa.json
apps/voicememory_mobile/1785157083606621_haa.json
apps/voicememory_mobile/1785157083658205_haa.json
apps/voicememory_mobile/1785157083698876_haa.json
apps/voicememory_mobile/1785157083735740_haa.json
apps/voicememory_mobile/1785157084207939_haa.json
apps/voicememory_mobile/1785157084246952_haa.json
apps/voicememory_mobile/1785157084280865_haa.json
apps/voicememory_mobile/1785157117777857_rcp.json
apps/voicememory_mobile/1785157117869590_rcp.json
apps/voicememory_mobile/1785157117989661_rcp.json
apps/voicememory_mobile/1785157118038402_rcp.json
apps/voicememory_mobile/1785157118103383_rcp.json
apps/voicememory_mobile/1785157118155098_rcp.json
apps/voicememory_mobile/1785157118207441_rcp.json
apps/voicememory_mobile/1785157118263021_rcp.json
apps/voicememory_mobile/1785157118310836_rcp.json
apps/voicememory_mobile/1785157118360886_rcp.json
apps/voicememory_mobile/1785157118386746_rcp.json
apps/voicememory_mobile/1785157118412372_rcp.json
apps/voicememory_mobile/1785157118449161_rcp.json
apps/voicememory_mobile/1785157118896503_rcp.json
apps/voicememory_mobile/1785157118933142_rcp.json
apps/voicememory_mobile/1785157118963538_rcp.json
apps/voicememory_mobile/1785157119019236_rcp.json
apps/voicememory_mobile/1785157119056375_rcp.json
apps/voicememory_mobile/1785157119081202_rcp.json
apps/voicememory_mobile/1785159335425799_pattern_changed.json
apps/voicememory_mobile/1785159336052345_pattern_changed.json
apps/voicememory_mobile/1785159336241377_pattern_changed.json
apps/voicememory_mobile/1785159336477349_pattern_changed.json
apps/voicememory_mobile/1785159336573352_pattern_changed.json
apps/voicememory_mobile/1785159336756566_pattern_changed.json
apps/voicememory_mobile/1785159336937564_pattern_changed.json
apps/voicememory_mobile/1785159337040637_pattern_changed.json
apps/voicememory_mobile/1785159337096919_pattern_changed.json
apps/voicememory_mobile/1785159337167623_pattern_changed.json
apps/voicememory_mobile/1785159337299776_pattern_changed.json
apps/voicememory_mobile/1785159337392805_pattern_changed.json
apps/voicememory_mobile/1785159337472664_pattern_changed.json
apps/voicememory_mobile/1785159338079344_pattern_changed.json
apps/voicememory_mobile/1785159339071035_pattern_changed.json
apps/voicememory_mobile/1785159339330278_pattern_changed.json
apps/voicememory_mobile/1785159339532216_pattern_changed.json
apps/voicememory_mobile/1785159340085216_pattern_changed.json
apps/voicememory_mobile/1785159340317559_pattern_changed.json
apps/voicememory_mobile/1785159340422391_pattern_changed.json
apps/voicememory_mobile/1785159340478101_pattern_changed.json
apps/voicememory_mobile/1785159340521387_pattern_changed.json
apps/voicememory_mobile/1785159340561344_pattern_changed.json
apps/voicememory_mobile/1785159416913913_wcslt.json
apps/voicememory_mobile/1785159417153799_wcslt.json
apps/voicememory_mobile/1785159417329707_wcslt.json
apps/voicememory_mobile/1785159417427833_wcslt.json
apps/voicememory_mobile/1785159417528664_wcslt.json
apps/voicememory_mobile/1785159417646774_wcslt.json
apps/voicememory_mobile/1785159417820599_wcslt.json
apps/voicememory_mobile/1785159417936365_wcslt.json
apps/voicememory_mobile/1785159418035416_wcslt.json
apps/voicememory_mobile/1785159418096201_wcslt.json
apps/voicememory_mobile/1785159418220165_wcslt.json
apps/voicememory_mobile/1785159418315526_wcslt.json
apps/voicememory_mobile/1785159418361651_wcslt.json
apps/voicememory_mobile/1785159418397775_wcslt.json
apps/voicememory_mobile/1785159419051420_wcslt.json
apps/voicememory_mobile/1785159419130694_wcslt.json
apps/voicememory_mobile/1785159419235317_wcslt.json
apps/voicememory_mobile/1785159419276126_wcslt.json
apps/voicememory_mobile/1785159487663854_pattern_changed.json
apps/voicememory_mobile/1785159487890607_pattern_changed.json
apps/voicememory_mobile/1785159487992974_pattern_changed.json
apps/voicememory_mobile/1785159488103176_pattern_changed.json
apps/voicememory_mobile/1785159488228023_pattern_changed.json
apps/voicememory_mobile/1785159488472342_pattern_changed.json
apps/voicememory_mobile/1785159488599890_pattern_changed.json
apps/voicememory_mobile/1785159488729099_pattern_changed.json
apps/voicememory_mobile/1785159488861584_pattern_changed.json
apps/voicememory_mobile/1785159488985899_pattern_changed.json
apps/voicememory_mobile/1785159489056051_pattern_changed.json
apps/voicememory_mobile/1785159489132672_pattern_changed.json
apps/voicememory_mobile/1785159489257207_pattern_changed.json
apps/voicememory_mobile/1785159489393507_pattern_changed.json
apps/voicememory_mobile/1785159490524815_pattern_changed.json
apps/voicememory_mobile/1785159490904025_pattern_changed.json
apps/voicememory_mobile/1785159491326832_pattern_changed.json
apps/voicememory_mobile/1785159491603703_pattern_changed.json
apps/voicememory_mobile/1785159491680108_pattern_changed.json
apps/voicememory_mobile/1785159491768484_pattern_changed.json
apps/voicememory_mobile/1785159491825577_pattern_changed.json
apps/voicememory_mobile/1785159491895339_pattern_changed.json
apps/voicememory_mobile/1785159491941566_pattern_changed.json
apps/voicememory_mobile/1785159563979983_wcslt.json
apps/voicememory_mobile/1785159564146475_wcslt.json
apps/voicememory_mobile/1785159564317915_wcslt.json
apps/voicememory_mobile/1785159564405456_wcslt.json
apps/voicememory_mobile/1785159564490231_wcslt.json
apps/voicememory_mobile/1785159565052211_wcslt.json
apps/voicememory_mobile/1785159565260685_wcslt.json
apps/voicememory_mobile/1785159565416125_wcslt.json
apps/voicememory_mobile/1785159565568377_wcslt.json
apps/voicememory_mobile/1785159565731140_wcslt.json
apps/voicememory_mobile/1785159565852037_wcslt.json
apps/voicememory_mobile/1785159565990346_wcslt.json
apps/voicememory_mobile/1785159646214105_confirmed_repeat_beta.json
apps/voicememory_mobile/1785159646328249_confirmed_repeat_beta.json
apps/voicememory_mobile/1785159646697536_confirmed_repeat_beta.json
apps/voicememory_mobile/1785159646757233_confirmed_repeat_beta.json
apps/voicememory_mobile/1785159646812947_confirmed_repeat_beta.json
apps/voicememory_mobile/1785159646842111_confirmed_repeat_beta.json
apps/voicememory_mobile/1785159646883923_confirmed_repeat_beta.json
apps/voicememory_mobile/1785159646946152_confirmed_repeat_beta.json
apps/voicememory_mobile/1785159646993221_confirmed_repeat_beta.json
apps/voicememory_mobile/1785159647036305_confirmed_repeat_beta.json
apps/voicememory_mobile/1785159647473399_confirmed_repeat_beta.json
apps/voicememory_mobile/1785159647635770_confirmed_repeat_beta.json
apps/voicememory_mobile/1785159647767552_confirmed_repeat_beta.json
apps/voicememory_mobile/1785159647862834_confirmed_repeat_beta.json
apps/voicememory_mobile/1785159648066874_confirmed_repeat_beta.json
apps/voicememory_mobile/1785159648193860_confirmed_repeat_beta.json
apps/voicememory_mobile/1785159648248954_confirmed_repeat_beta.json
apps/voicememory_mobile/1785159648291009_confirmed_repeat_beta.json
apps/voicememory_mobile/1785159651086392_haa.json
apps/voicememory_mobile/1785159651256032_haa.json
apps/voicememory_mobile/1785159651314349_haa.json
apps/voicememory_mobile/1785159651347106_haa.json
apps/voicememory_mobile/1785159651391064_haa.json
apps/voicememory_mobile/1785159651437254_haa.json
apps/voicememory_mobile/1785159651476379_haa.json
apps/voicememory_mobile/1785159651499172_haa.json
apps/voicememory_mobile/1785159651523263_haa.json
apps/voicememory_mobile/1785159651553676_haa.json
apps/voicememory_mobile/1785159651647379_haa.json
apps/voicememory_mobile/1785159651694108_haa.json
apps/voicememory_mobile/1785159651741085_haa.json
apps/voicememory_mobile/1785159652223122_haa.json
apps/voicememory_mobile/1785159652261072_haa.json
apps/voicememory_mobile/1785159652317293_haa.json
apps/voicememory_mobile/1785159687040528_rcp.json
apps/voicememory_mobile/1785159687132412_rcp.json
apps/voicememory_mobile/1785159687247190_rcp.json
apps/voicememory_mobile/1785159687298839_rcp.json
apps/voicememory_mobile/1785159687377454_rcp.json
apps/voicememory_mobile/1785159687441915_rcp.json
apps/voicememory_mobile/1785159687514062_rcp.json
apps/voicememory_mobile/1785159687861748_rcp.json
apps/voicememory_mobile/1785159687936316_rcp.json
apps/voicememory_mobile/1785159688079038_rcp.json
apps/voicememory_mobile/1785159688117908_rcp.json
apps/voicememory_mobile/1785159688139738_rcp.json
apps/voicememory_mobile/1785159688166196_rcp.json
apps/voicememory_mobile/1785159688570442_rcp.json
apps/voicememory_mobile/1785159688599645_rcp.json
apps/voicememory_mobile/1785159688622378_rcp.json
apps/voicememory_mobile/1785159688698484_rcp.json
apps/voicememory_mobile/1785159688722896_rcp.json
apps/voicememory_mobile/1785159688748182_rcp.json
apps/voicememory_mobile/1785163356554393_pattern_changed.json
apps/voicememory_mobile/1785163356651749_pattern_changed.json
apps/voicememory_mobile/1785163356710939_pattern_changed.json
apps/voicememory_mobile/1785163356751347_pattern_changed.json
apps/voicememory_mobile/1785163356788779_pattern_changed.json
apps/voicememory_mobile/1785163356848788_pattern_changed.json
apps/voicememory_mobile/1785163356883139_pattern_changed.json
apps/voicememory_mobile/1785163356916181_pattern_changed.json
apps/voicememory_mobile/1785163356964432_pattern_changed.json
apps/voicememory_mobile/1785163357000522_pattern_changed.json
apps/voicememory_mobile/1785163357035544_pattern_changed.json
apps/voicememory_mobile/1785163357064236_pattern_changed.json
apps/voicememory_mobile/1785163357093358_pattern_changed.json
apps/voicememory_mobile/1785163357167137_pattern_changed.json
apps/voicememory_mobile/1785163357627133_pattern_changed.json
apps/voicememory_mobile/1785163357713735_pattern_changed.json
apps/voicememory_mobile/1785163357814441_pattern_changed.json
apps/voicememory_mobile/1785163357884350_pattern_changed.json
apps/voicememory_mobile/1785163358160935_pattern_changed.json
apps/voicememory_mobile/1785163358239033_pattern_changed.json
apps/voicememory_mobile/1785163358281943_pattern_changed.json
apps/voicememory_mobile/1785163358320482_pattern_changed.json
apps/voicememory_mobile/1785163358350871_pattern_changed.json
apps/voicememory_mobile/1785163399668427_wcslt.json
apps/voicememory_mobile/1785163400011503_wcslt.json
apps/voicememory_mobile/1785163400159370_wcslt.json
apps/voicememory_mobile/1785163400369001_wcslt.json
apps/voicememory_mobile/1785163400467038_wcslt.json
apps/voicememory_mobile/1785163400557878_wcslt.json
apps/voicememory_mobile/1785163400625698_wcslt.json
apps/voicememory_mobile/1785163400685845_wcslt.json
apps/voicememory_mobile/1785163400757671_wcslt.json
apps/voicememory_mobile/1785163400783082_wcslt.json
apps/voicememory_mobile/1785163400853253_wcslt.json
apps/voicememory_mobile/1785163400928163_wcslt.json
apps/voicememory_mobile/1785163400969468_wcslt.json
apps/voicememory_mobile/1785163401010972_wcslt.json
apps/voicememory_mobile/1785163401512843_wcslt.json
apps/voicememory_mobile/1785163401557491_wcslt.json
apps/voicememory_mobile/1785163401692160_wcslt.json
apps/voicememory_mobile/1785163401747653_wcslt.json
apps/voicememory_mobile/1785163685898756_pattern_changed.json
apps/voicememory_mobile/1785163685999812_pattern_changed.json
apps/voicememory_mobile/1785163686060351_pattern_changed.json
apps/voicememory_mobile/1785163686111821_pattern_changed.json
apps/voicememory_mobile/1785163686152894_pattern_changed.json
apps/voicememory_mobile/1785163686191023_pattern_changed.json
apps/voicememory_mobile/1785163686220903_pattern_changed.json
apps/voicememory_mobile/1785163686251079_pattern_changed.json
apps/voicememory_mobile/1785163686295807_pattern_changed.json
apps/voicememory_mobile/1785163686331160_pattern_changed.json
apps/voicememory_mobile/1785163686365946_pattern_changed.json
apps/voicememory_mobile/1785163686444293_pattern_changed.json
apps/voicememory_mobile/1785163686500062_pattern_changed.json
apps/voicememory_mobile/1785163686562929_pattern_changed.json
apps/voicememory_mobile/1785163687198239_pattern_changed.json
apps/voicememory_mobile/1785163687275850_pattern_changed.json
apps/voicememory_mobile/1785163687393740_pattern_changed.json
apps/voicememory_mobile/1785163687455906_pattern_changed.json
apps/voicememory_mobile/1785163687493376_pattern_changed.json
apps/voicememory_mobile/1785163687548038_pattern_changed.json
apps/voicememory_mobile/1785163687578022_pattern_changed.json
apps/voicememory_mobile/1785163687614065_pattern_changed.json
apps/voicememory_mobile/1785163687639672_pattern_changed.json
apps/voicememory_mobile/1785163728167527_wcslt.json
apps/voicememory_mobile/1785163728261723_wcslt.json
apps/voicememory_mobile/1785163728419684_wcslt.json
apps/voicememory_mobile/1785163728487091_wcslt.json
apps/voicememory_mobile/1785163728545653_wcslt.json
apps/voicememory_mobile/1785163728603669_wcslt.json
apps/voicememory_mobile/1785163728661835_wcslt.json
apps/voicememory_mobile/1785163728716319_wcslt.json
apps/voicememory_mobile/1785163728771302_wcslt.json
apps/voicememory_mobile/1785163728804950_wcslt.json
apps/voicememory_mobile/1785163728886438_wcslt.json
apps/voicememory_mobile/1785163729050946_wcslt.json
apps/voicememory_mobile/1785163729090928_wcslt.json
apps/voicememory_mobile/1785163729130918_wcslt.json
apps/voicememory_mobile/1785163729707229_wcslt.json
apps/voicememory_mobile/1785163729734779_wcslt.json
apps/voicememory_mobile/1785163729798948_wcslt.json
apps/voicememory_mobile/1785163729857812_wcslt.json
apps/voicememory_mobile/1785207878095457_pattern_changed.json
apps/voicememory_mobile/1785207878191080_pattern_changed.json
apps/voicememory_mobile/1785207878261270_pattern_changed.json
apps/voicememory_mobile/1785207878299617_pattern_changed.json
apps/voicememory_mobile/1785207878332795_pattern_changed.json
apps/voicememory_mobile/1785207878367700_pattern_changed.json
apps/voicememory_mobile/1785207878397271_pattern_changed.json
apps/voicememory_mobile/1785207878426005_pattern_changed.json
apps/voicememory_mobile/1785207878454792_pattern_changed.json
apps/voicememory_mobile/1785207878484082_pattern_changed.json
apps/voicememory_mobile/1785207878511616_pattern_changed.json
apps/voicememory_mobile/1785207878534475_pattern_changed.json
apps/voicememory_mobile/1785207878555181_pattern_changed.json
apps/voicememory_mobile/1785207878607790_pattern_changed.json
apps/voicememory_mobile/1785207879023297_pattern_changed.json
apps/voicememory_mobile/1785207879079724_pattern_changed.json
apps/voicememory_mobile/1785207879189017_pattern_changed.json
apps/voicememory_mobile/1785207879247854_pattern_changed.json
apps/voicememory_mobile/1785207879274791_pattern_changed.json
apps/voicememory_mobile/1785207879304193_pattern_changed.json
apps/voicememory_mobile/1785207879347554_pattern_changed.json
apps/voicememory_mobile/1785207879373024_pattern_changed.json
apps/voicememory_mobile/1785207879413472_pattern_changed.json
apps/voicememory_mobile/1785207916049731_wcslt.json
apps/voicememory_mobile/1785207916152918_wcslt.json
apps/voicememory_mobile/1785207916269543_wcslt.json
apps/voicememory_mobile/1785207916335539_wcslt.json
apps/voicememory_mobile/1785207916391753_wcslt.json
apps/voicememory_mobile/1785207916451880_wcslt.json
apps/voicememory_mobile/1785207916506218_wcslt.json
apps/voicememory_mobile/1785207916556397_wcslt.json
apps/voicememory_mobile/1785207916607500_wcslt.json
apps/voicememory_mobile/1785207916630180_wcslt.json
apps/voicememory_mobile/1785207916680629_wcslt.json
apps/voicememory_mobile/1785207916733714_wcslt.json
apps/voicememory_mobile/1785207916762987_wcslt.json
apps/voicememory_mobile/1785207916797887_wcslt.json
apps/voicememory_mobile/1785207917241897_wcslt.json
apps/voicememory_mobile/1785207917268484_wcslt.json
apps/voicememory_mobile/1785207917328130_wcslt.json
apps/voicememory_mobile/1785207917365734_wcslt.json
apps/voicememory_mobile/1785260768972382_pattern_changed.json
apps/voicememory_mobile/1785260769154661_pattern_changed.json
apps/voicememory_mobile/1785260769248251_pattern_changed.json
apps/voicememory_mobile/1785260769338494_pattern_changed.json
apps/voicememory_mobile/1785260769626529_pattern_changed.json
apps/voicememory_mobile/1785260769700700_pattern_changed.json
apps/voicememory_mobile/1785260769885333_pattern_changed.json
apps/voicememory_mobile/1785260769947402_pattern_changed.json
apps/voicememory_mobile/1785260770038278_pattern_changed.json
apps/voicememory_mobile/1785260770227668_pattern_changed.json
apps/voicememory_mobile/1785260770427425_pattern_changed.json
apps/voicememory_mobile/1785260770485639_pattern_changed.json
apps/voicememory_mobile/1785260770538588_pattern_changed.json
apps/voicememory_mobile/1785260770623881_pattern_changed.json
apps/voicememory_mobile/1785260771093283_pattern_changed.json
apps/voicememory_mobile/1785260771219935_pattern_changed.json
apps/voicememory_mobile/1785260771347459_pattern_changed.json
apps/voicememory_mobile/1785260771437422_pattern_changed.json
apps/voicememory_mobile/1785260771513048_pattern_changed.json
apps/voicememory_mobile/1785260771612422_pattern_changed.json
apps/voicememory_mobile/1785260771723004_pattern_changed.json
apps/voicememory_mobile/1785260771777325_pattern_changed.json
apps/voicememory_mobile/1785260771826845_pattern_changed.json
apps/voicememory_mobile/1785260809763126_wcslt.json
apps/voicememory_mobile/1785260809936013_wcslt.json
apps/voicememory_mobile/1785260810104237_wcslt.json
apps/voicememory_mobile/1785260810224863_wcslt.json
apps/voicememory_mobile/1785260810365531_wcslt.json
apps/voicememory_mobile/1785260810482160_wcslt.json
apps/voicememory_mobile/1785260810578065_wcslt.json
apps/voicememory_mobile/1785260810667619_wcslt.json
apps/voicememory_mobile/1785260810755408_wcslt.json
apps/voicememory_mobile/1785260811088452_wcslt.json
apps/voicememory_mobile/1785260811173372_wcslt.json
apps/voicememory_mobile/1785260811390019_wcslt.json
apps/voicememory_mobile/1785260811608561_wcslt.json
apps/voicememory_mobile/1785260811744978_wcslt.json
apps/voicememory_mobile/1785260812230960_wcslt.json
apps/voicememory_mobile/1785260812360957_wcslt.json
apps/voicememory_mobile/1785260812459963_wcslt.json
apps/voicememory_mobile/1785260812515563_wcslt.json
apps/voicememory_mobile/1785366033926840_pattern_changed.json
apps/voicememory_mobile/1785366034157384_pattern_changed.json
apps/voicememory_mobile/1785366034294821_pattern_changed.json
apps/voicememory_mobile/1785366034416511_pattern_changed.json
apps/voicememory_mobile/1785366034485984_pattern_changed.json
apps/voicememory_mobile/1785366034569199_pattern_changed.json
apps/voicememory_mobile/1785366034663809_pattern_changed.json
apps/voicememory_mobile/1785366034742629_pattern_changed.json
apps/voicememory_mobile/1785366034817512_pattern_changed.json
apps/voicememory_mobile/1785366034926041_pattern_changed.json
apps/voicememory_mobile/1785366035003378_pattern_changed.json
apps/voicememory_mobile/1785366035074555_pattern_changed.json
apps/voicememory_mobile/1785366035132275_pattern_changed.json
apps/voicememory_mobile/1785366035232660_pattern_changed.json
apps/voicememory_mobile/1785366035692947_pattern_changed.json
apps/voicememory_mobile/1785366035796933_pattern_changed.json
apps/voicememory_mobile/1785366035924862_pattern_changed.json
apps/voicememory_mobile/1785366036019180_pattern_changed.json
apps/voicememory_mobile/1785366036083113_pattern_changed.json
apps/voicememory_mobile/1785366036164552_pattern_changed.json
apps/voicememory_mobile/1785366036234789_pattern_changed.json
apps/voicememory_mobile/1785366036296036_pattern_changed.json
apps/voicememory_mobile/1785366036369747_pattern_changed.json
apps/voicememory_mobile/1785366284480610_pattern_changed.json
apps/voicememory_mobile/1785366284633770_pattern_changed.json
apps/voicememory_mobile/1785366284739235_pattern_changed.json
apps/voicememory_mobile/1785366284828418_pattern_changed.json
apps/voicememory_mobile/1785366284899388_pattern_changed.json
apps/voicememory_mobile/1785366284960591_pattern_changed.json
apps/voicememory_mobile/1785366285032774_pattern_changed.json
apps/voicememory_mobile/1785366285114021_pattern_changed.json
apps/voicememory_mobile/1785366285181068_pattern_changed.json
apps/voicememory_mobile/1785366285347002_pattern_changed.json
apps/voicememory_mobile/1785366285530500_pattern_changed.json
apps/voicememory_mobile/1785366285598160_pattern_changed.json
apps/voicememory_mobile/1785366285672311_pattern_changed.json
apps/voicememory_mobile/1785366285761925_pattern_changed.json
apps/voicememory_mobile/1785366286203696_pattern_changed.json
apps/voicememory_mobile/1785366286465802_pattern_changed.json
apps/voicememory_mobile/1785366286610906_pattern_changed.json
apps/voicememory_mobile/1785366286744052_pattern_changed.json
apps/voicememory_mobile/1785366286802369_pattern_changed.json
apps/voicememory_mobile/1785366286875288_pattern_changed.json
apps/voicememory_mobile/1785366286955972_pattern_changed.json
apps/voicememory_mobile/1785366287033869_pattern_changed.json
apps/voicememory_mobile/1785366287086117_pattern_changed.json
apps/voicememory_mobile/1785366333106054_wcslt.json
apps/voicememory_mobile/1785366333261768_wcslt.json
apps/voicememory_mobile/1785366333456599_wcslt.json
apps/voicememory_mobile/1785366333555197_wcslt.json
apps/voicememory_mobile/1785366333633006_wcslt.json
apps/voicememory_mobile/1785366333711514_wcslt.json
apps/voicememory_mobile/1785366333812151_wcslt.json
apps/voicememory_mobile/1785366333916014_wcslt.json
apps/voicememory_mobile/1785366334039096_wcslt.json
apps/voicememory_mobile/1785366334271187_wcslt.json
apps/voicememory_mobile/1785366334389118_wcslt.json
apps/voicememory_mobile/1785366334526345_wcslt.json
apps/voicememory_mobile/1785366334607259_wcslt.json
apps/voicememory_mobile/1785366334682186_wcslt.json
apps/voicememory_mobile/1785366335181550_wcslt.json
apps/voicememory_mobile/1785366335250206_wcslt.json
apps/voicememory_mobile/1785366335353271_wcslt.json
apps/voicememory_mobile/1785366335428149_wcslt.json
apps/voicememory_mobile/1785368048959082_pattern_changed.json
apps/voicememory_mobile/1785368049276074_pattern_changed.json
apps/voicememory_mobile/1785368049376723_pattern_changed.json
apps/voicememory_mobile/1785368049477493_pattern_changed.json
apps/voicememory_mobile/1785368049855152_pattern_changed.json
apps/voicememory_mobile/1785368049922587_pattern_changed.json
apps/voicememory_mobile/1785368049979432_pattern_changed.json
apps/voicememory_mobile/1785368050076966_pattern_changed.json
apps/voicememory_mobile/1785368050393041_pattern_changed.json
apps/voicememory_mobile/1785368050486659_pattern_changed.json
apps/voicememory_mobile/1785368050562535_pattern_changed.json
apps/voicememory_mobile/1785368050618544_pattern_changed.json
apps/voicememory_mobile/1785368050672436_pattern_changed.json
apps/voicememory_mobile/1785368050786604_pattern_changed.json
apps/voicememory_mobile/1785368051273698_pattern_changed.json
apps/voicememory_mobile/1785368051397768_pattern_changed.json
apps/voicememory_mobile/1785368051581017_pattern_changed.json
apps/voicememory_mobile/1785368051801021_pattern_changed.json
apps/voicememory_mobile/1785368051874475_pattern_changed.json
apps/voicememory_mobile/1785368051973073_pattern_changed.json
apps/voicememory_mobile/1785368052067701_pattern_changed.json
apps/voicememory_mobile/1785368052127288_pattern_changed.json
apps/voicememory_mobile/1785368052250089_pattern_changed.json
apps/voicememory_mobile/1785368090134018_wcslt.json
apps/voicememory_mobile/1785368090299991_wcslt.json
apps/voicememory_mobile/1785368090471006_wcslt.json
apps/voicememory_mobile/1785368090586987_wcslt.json
apps/voicememory_mobile/1785368090689569_wcslt.json
apps/voicememory_mobile/1785368090786585_wcslt.json
apps/voicememory_mobile/1785368090954033_wcslt.json
apps/voicememory_mobile/1785368091515871_wcslt.json
apps/voicememory_mobile/1785368091614971_wcslt.json
apps/voicememory_mobile/1785368091680693_wcslt.json
apps/voicememory_mobile/1785368091793719_wcslt.json
apps/voicememory_mobile/1785368091886797_wcslt.json
apps/voicememory_mobile/1785368091961285_wcslt.json
apps/voicememory_mobile/1785368092028455_wcslt.json
apps/voicememory_mobile/1785368092621182_wcslt.json
apps/voicememory_mobile/1785368092695760_wcslt.json
apps/voicememory_mobile/1785368092812218_wcslt.json
apps/voicememory_mobile/1785368092893133_wcslt.json
apps/voicememory_mobile/1785400698358791_wcslt.json
apps/voicememory_mobile/1785400698957974_wcslt.json
apps/voicememory_mobile/1785400699326363_wcslt.json
apps/voicememory_mobile/1785400699452390_wcslt.json
apps/voicememory_mobile/1785400699556881_wcslt.json
apps/voicememory_mobile/1785400699667247_wcslt.json
apps/voicememory_mobile/1785400699749352_wcslt.json
apps/voicememory_mobile/1785400699896471_wcslt.json
apps/voicememory_mobile/1785400699982147_wcslt.json
apps/voicememory_mobile/1785400700036237_wcslt.json
apps/voicememory_mobile/1785400700111768_wcslt.json
apps/voicememory_mobile/1785400700197210_wcslt.json
apps/voicememory_mobile/1785400700259319_wcslt.json
apps/voicememory_mobile/1785400700313126_wcslt.json
apps/voicememory_mobile/1785400700844704_wcslt.json
apps/voicememory_mobile/1785400700914610_wcslt.json
apps/voicememory_mobile/1785400701012457_wcslt.json
apps/voicememory_mobile/1785400701062862_wcslt.json
apps/voicememory_mobile/1785400745564825_wcslt.json
apps/voicememory_mobile/1785400746281138_wcslt.json
apps/voicememory_mobile/1785400746531541_wcslt.json
apps/voicememory_mobile/1785400746941666_wcslt.json
apps/voicememory_mobile/1785400747047761_wcslt.json
apps/voicememory_mobile/1785400747155314_wcslt.json
apps/voicememory_mobile/1785400747268135_wcslt.json
apps/voicememory_mobile/1785400747408376_wcslt.json
apps/voicememory_mobile/1785400747716134_wcslt.json
apps/voicememory_mobile/1785400747832548_wcslt.json
apps/voicememory_mobile/1785400747964692_wcslt.json
apps/voicememory_mobile/1785400748043179_wcslt.json
apps/voicememory_mobile/1785400748092890_wcslt.json
apps/voicememory_mobile/1785400748143700_wcslt.json
apps/voicememory_mobile/1785400748572725_wcslt.json
apps/voicememory_mobile/1785400748636618_wcslt.json
apps/voicememory_mobile/1785400748723231_wcslt.json
apps/voicememory_mobile/1785400748771577_wcslt.json
apps/voicememory_mobile/1785450423533381_wcslt.json
apps/voicememory_mobile/1785450424372914_wcslt.json
apps/voicememory_mobile/1785450424905861_wcslt.json
apps/voicememory_mobile/1785450425258725_wcslt.json
apps/voicememory_mobile/1785450426107694_wcslt.json
apps/voicememory_mobile/1785450426599770_wcslt.json
apps/voicememory_mobile/1785450426917677_wcslt.json
apps/voicememory_mobile/1785450427205598_wcslt.json
apps/voicememory_mobile/1785450427538769_wcslt.json
apps/voicememory_mobile/1785450427716383_wcslt.json
apps/voicememory_mobile/1785450427980685_wcslt.json
apps/voicememory_mobile/1785450428144438_wcslt.json
apps/voicememory_mobile/1785450428276097_wcslt.json
apps/voicememory_mobile/1785450428380532_wcslt.json
apps/voicememory_mobile/1785450429678877_wcslt.json
apps/voicememory_mobile/1785450429795395_wcslt.json
apps/voicememory_mobile/1785450429964859_wcslt.json
apps/voicememory_mobile/1785450430108444_wcslt.json
apps/voicememory_mobile/1785450657114901_wcslt.json
apps/voicememory_mobile/1785450657679627_wcslt.json
apps/voicememory_mobile/1785450658030284_wcslt.json
apps/voicememory_mobile/1785450658149581_wcslt.json
apps/voicememory_mobile/1785450658243246_wcslt.json
apps/voicememory_mobile/1785450658342304_wcslt.json
apps/voicememory_mobile/1785450658432319_wcslt.json
apps/voicememory_mobile/1785450658511792_wcslt.json
apps/voicememory_mobile/1785450658630945_wcslt.json
apps/voicememory_mobile/1785450658708796_wcslt.json
apps/voicememory_mobile/1785450658824784_wcslt.json
apps/voicememory_mobile/1785450658952488_wcslt.json
apps/voicememory_mobile/1785450659045302_wcslt.json
apps/voicememory_mobile/1785450659108560_wcslt.json
apps/voicememory_mobile/1785450659716609_wcslt.json
apps/voicememory_mobile/1785450659878631_wcslt.json
apps/voicememory_mobile/1785450660024719_wcslt.json
apps/voicememory_mobile/1785450660080069_wcslt.json
apps/voicememory_mobile/1785451472977139_pattern_changed.json
apps/voicememory_mobile/1785451473138709_pattern_changed.json
apps/voicememory_mobile/1785451473255170_pattern_changed.json
apps/voicememory_mobile/1785451473333624_pattern_changed.json
apps/voicememory_mobile/1785451473397045_pattern_changed.json
apps/voicememory_mobile/1785451473493651_pattern_changed.json
apps/voicememory_mobile/1785451473550625_pattern_changed.json
apps/voicememory_mobile/1785451473618827_pattern_changed.json
apps/voicememory_mobile/1785451473685509_pattern_changed.json
apps/voicememory_mobile/1785451473773343_pattern_changed.json
apps/voicememory_mobile/1785451473837710_pattern_changed.json
apps/voicememory_mobile/1785451473893220_pattern_changed.json
apps/voicememory_mobile/1785451473946923_pattern_changed.json
apps/voicememory_mobile/1785451474026654_pattern_changed.json
apps/voicememory_mobile/1785451474517029_pattern_changed.json
apps/voicememory_mobile/1785451474624823_pattern_changed.json
apps/voicememory_mobile/1785451474750744_pattern_changed.json
apps/voicememory_mobile/1785451474876421_pattern_changed.json
apps/voicememory_mobile/1785451474929957_pattern_changed.json
apps/voicememory_mobile/1785451475011008_pattern_changed.json
apps/voicememory_mobile/1785451475093591_pattern_changed.json
apps/voicememory_mobile/1785451475212581_pattern_changed.json
apps/voicememory_mobile/1785451475266712_pattern_changed.json
apps/voicememory_mobile/1785451504906299_wcslt.json
apps/voicememory_mobile/1785451505081715_wcslt.json
apps/voicememory_mobile/1785451505244072_wcslt.json
apps/voicememory_mobile/1785451505348103_wcslt.json
apps/voicememory_mobile/1785451505470220_wcslt.json
apps/voicememory_mobile/1785451505571444_wcslt.json
apps/voicememory_mobile/1785451505769362_wcslt.json
apps/voicememory_mobile/1785451505877261_wcslt.json
apps/voicememory_mobile/1785451505983684_wcslt.json
apps/voicememory_mobile/1785451506049634_wcslt.json
apps/voicememory_mobile/1785451506139183_wcslt.json
apps/voicememory_mobile/1785451506264099_wcslt.json
apps/voicememory_mobile/1785451506317860_wcslt.json
apps/voicememory_mobile/1785451506367506_wcslt.json
apps/voicememory_mobile/1785451507152777_wcslt.json
apps/voicememory_mobile/1785451507216522_wcslt.json
apps/voicememory_mobile/1785451507386877_wcslt.json
apps/voicememory_mobile/1785451507456544_wcslt.json
apps/voicememory_mobile/1785451711696930_confirmed_repeat_beta.json
apps/voicememory_mobile/1785451711873232_confirmed_repeat_beta.json
apps/voicememory_mobile/1785451711976914_confirmed_repeat_beta.json
apps/voicememory_mobile/1785451712052362_confirmed_repeat_beta.json
apps/voicememory_mobile/1785451712125573_confirmed_repeat_beta.json
apps/voicememory_mobile/1785451712186491_confirmed_repeat_beta.json
apps/voicememory_mobile/1785451712265640_confirmed_repeat_beta.json
apps/voicememory_mobile/1785451712332541_confirmed_repeat_beta.json
apps/voicememory_mobile/1785451712402796_confirmed_repeat_beta.json
apps/voicememory_mobile/1785451712489887_confirmed_repeat_beta.json
apps/voicememory_mobile/1785451712993322_confirmed_repeat_beta.json
apps/voicememory_mobile/1785451713228261_confirmed_repeat_beta.json
apps/voicememory_mobile/1785451713825316_confirmed_repeat_beta.json
apps/voicememory_mobile/1785451713971331_confirmed_repeat_beta.json
apps/voicememory_mobile/1785451714147193_confirmed_repeat_beta.json
apps/voicememory_mobile/1785451714318861_confirmed_repeat_beta.json
apps/voicememory_mobile/1785451714492263_confirmed_repeat_beta.json
apps/voicememory_mobile/1785451714562944_confirmed_repeat_beta.json
apps/voicememory_mobile/1785451717823813_haa.json
apps/voicememory_mobile/1785451718048024_haa.json
apps/voicememory_mobile/1785451718378412_haa.json
apps/voicememory_mobile/1785451718439134_haa.json
apps/voicememory_mobile/1785451718538002_haa.json
apps/voicememory_mobile/1785451718618802_haa.json
apps/voicememory_mobile/1785451718702978_haa.json
apps/voicememory_mobile/1785451718750961_haa.json
apps/voicememory_mobile/1785451718816548_haa.json
apps/voicememory_mobile/1785451718863938_haa.json
apps/voicememory_mobile/1785451718946130_haa.json
apps/voicememory_mobile/1785451719034484_haa.json
apps/voicememory_mobile/1785451719102408_haa.json
apps/voicememory_mobile/1785451719940248_haa.json
apps/voicememory_mobile/1785451720084451_haa.json
apps/voicememory_mobile/1785451720128886_haa.json
apps/voicememory_mobile/1785451760373366_rcp.json
apps/voicememory_mobile/1785451760587529_rcp.json
apps/voicememory_mobile/1785451760820000_rcp.json
apps/voicememory_mobile/1785451760905884_rcp.json
apps/voicememory_mobile/1785451761030835_rcp.json
apps/voicememory_mobile/1785451761158541_rcp.json
apps/voicememory_mobile/1785451761246245_rcp.json
apps/voicememory_mobile/1785451761344793_rcp.json
apps/voicememory_mobile/1785451761459504_rcp.json
apps/voicememory_mobile/1785451761544990_rcp.json
apps/voicememory_mobile/1785451761607819_rcp.json
apps/voicememory_mobile/1785451761676195_rcp.json
apps/voicememory_mobile/1785451761791531_rcp.json
apps/voicememory_mobile/1785451762394905_rcp.json
apps/voicememory_mobile/1785451762474188_rcp.json
apps/voicememory_mobile/1785451762555096_rcp.json
apps/voicememory_mobile/1785451762650728_rcp.json
apps/voicememory_mobile/1785451762720108_rcp.json
apps/voicememory_mobile/1785451762792920_rcp.json
apps/voicememory_mobile/1785451960181212_archive_beta_mission.json
apps/voicememory_mobile/1785456591538340_pattern_changed.json
apps/voicememory_mobile/1785456591686003_pattern_changed.json
apps/voicememory_mobile/1785456591771723_pattern_changed.json
apps/voicememory_mobile/1785456591830342_pattern_changed.json
apps/voicememory_mobile/1785456591884538_pattern_changed.json
apps/voicememory_mobile/1785456591939524_pattern_changed.json
apps/voicememory_mobile/1785456591992463_pattern_changed.json
apps/voicememory_mobile/1785456592046429_pattern_changed.json
apps/voicememory_mobile/1785456592094079_pattern_changed.json
apps/voicememory_mobile/1785456592141306_pattern_changed.json
apps/voicememory_mobile/1785456592203977_pattern_changed.json
apps/voicememory_mobile/1785456592252866_pattern_changed.json
apps/voicememory_mobile/1785456592299071_pattern_changed.json
apps/voicememory_mobile/1785456592373004_pattern_changed.json
apps/voicememory_mobile/1785456592837630_pattern_changed.json
apps/voicememory_mobile/1785456592951312_pattern_changed.json
apps/voicememory_mobile/1785456593135399_pattern_changed.json
apps/voicememory_mobile/1785456593260370_pattern_changed.json
apps/voicememory_mobile/1785456593344830_pattern_changed.json
apps/voicememory_mobile/1785456594015093_pattern_changed.json
apps/voicememory_mobile/1785456594068080_pattern_changed.json
apps/voicememory_mobile/1785456594239714_pattern_changed.json
apps/voicememory_mobile/1785456594307547_pattern_changed.json
apps/voicememory_mobile/1785456625031414_wcslt.json
apps/voicememory_mobile/1785456625183364_wcslt.json
apps/voicememory_mobile/1785456625355645_wcslt.json
apps/voicememory_mobile/1785456625467701_wcslt.json
apps/voicememory_mobile/1785456625553358_wcslt.json
apps/voicememory_mobile/1785456625638401_wcslt.json
apps/voicememory_mobile/1785456625760350_wcslt.json
apps/voicememory_mobile/1785456625867246_wcslt.json
apps/voicememory_mobile/1785456625996427_wcslt.json
apps/voicememory_mobile/1785456626088707_wcslt.json
apps/voicememory_mobile/1785456626182756_wcslt.json
apps/voicememory_mobile/1785456626304066_wcslt.json
apps/voicememory_mobile/1785456626365690_wcslt.json
apps/voicememory_mobile/1785456626430784_wcslt.json
apps/voicememory_mobile/1785456627355152_wcslt.json
apps/voicememory_mobile/1785456627433278_wcslt.json
apps/voicememory_mobile/1785456627540094_wcslt.json
apps/voicememory_mobile/1785456627608261_wcslt.json
apps/voicememory_mobile/1785456852905839_confirmed_repeat_beta.json
apps/voicememory_mobile/1785456853062204_confirmed_repeat_beta.json
apps/voicememory_mobile/1785456853133449_confirmed_repeat_beta.json
apps/voicememory_mobile/1785456853197638_confirmed_repeat_beta.json
apps/voicememory_mobile/1785456853285710_confirmed_repeat_beta.json
apps/voicememory_mobile/1785456853360139_confirmed_repeat_beta.json
apps/voicememory_mobile/1785456853418432_confirmed_repeat_beta.json
apps/voicememory_mobile/1785456853475297_confirmed_repeat_beta.json
apps/voicememory_mobile/1785456853544919_confirmed_repeat_beta.json
apps/voicememory_mobile/1785456853617152_confirmed_repeat_beta.json
apps/voicememory_mobile/1785456854150888_confirmed_repeat_beta.json
apps/voicememory_mobile/1785456854351433_confirmed_repeat_beta.json
apps/voicememory_mobile/1785456854504408_confirmed_repeat_beta.json
apps/voicememory_mobile/1785456854644003_confirmed_repeat_beta.json
apps/voicememory_mobile/1785456854849182_confirmed_repeat_beta.json
apps/voicememory_mobile/1785456854989617_confirmed_repeat_beta.json
apps/voicememory_mobile/1785456855083889_confirmed_repeat_beta.json
apps/voicememory_mobile/1785456855154487_confirmed_repeat_beta.json
apps/voicememory_mobile/1785456858016024_haa.json
apps/voicememory_mobile/1785456858310073_haa.json
apps/voicememory_mobile/1785456858412952_haa.json
apps/voicememory_mobile/1785456858484712_haa.json
apps/voicememory_mobile/1785456858576420_haa.json
apps/voicememory_mobile/1785456858649431_haa.json
apps/voicememory_mobile/1785456858723105_haa.json
apps/voicememory_mobile/1785456858789045_haa.json
apps/voicememory_mobile/1785456858853498_haa.json
apps/voicememory_mobile/1785456858936024_haa.json
apps/voicememory_mobile/1785456859040507_haa.json
apps/voicememory_mobile/1785456859153735_haa.json
apps/voicememory_mobile/1785456859263896_haa.json
apps/voicememory_mobile/1785456859718829_haa.json
apps/voicememory_mobile/1785456859773149_haa.json
apps/voicememory_mobile/1785456859825567_haa.json
apps/voicememory_mobile/1785456898897607_rcp.json
apps/voicememory_mobile/1785456899061391_rcp.json
apps/voicememory_mobile/1785456899273318_rcp.json
apps/voicememory_mobile/1785456899362082_rcp.json
apps/voicememory_mobile/1785456900133178_rcp.json
apps/voicememory_mobile/1785456900331135_rcp.json
apps/voicememory_mobile/1785456900425252_rcp.json
apps/voicememory_mobile/1785456900532177_rcp.json
apps/voicememory_mobile/1785456900669136_rcp.json
apps/voicememory_mobile/1785456900772297_rcp.json
apps/voicememory_mobile/1785456900869756_rcp.json
apps/voicememory_mobile/1785456900941613_rcp.json
apps/voicememory_mobile/1785456900996887_rcp.json
apps/voicememory_mobile/1785456901526088_rcp.json
apps/voicememory_mobile/1785456901650671_rcp.json
apps/voicememory_mobile/1785456901723938_rcp.json
apps/voicememory_mobile/1785456901823888_rcp.json
apps/voicememory_mobile/1785456901922278_rcp.json
apps/voicememory_mobile/1785456901984396_rcp.json
apps/voicememory_mobile/1785457099085040_archive_beta_mission.json
apps/voicememory_mobile/1785479804787387_wcslt.json
apps/voicememory_mobile/1785479805048291_wcslt.json
apps/voicememory_mobile/1785479805277335_wcslt.json
apps/voicememory_mobile/1785479805462496_wcslt.json
apps/voicememory_mobile/1785479805737513_wcslt.json
apps/voicememory_mobile/1785479805894955_wcslt.json
apps/voicememory_mobile/1785479806238582_wcslt.json
apps/voicememory_mobile/1785479806411294_wcslt.json
apps/voicememory_mobile/1785479806537823_wcslt.json
apps/voicememory_mobile/1785479806626586_wcslt.json
apps/voicememory_mobile/1785479806750389_wcslt.json
apps/voicememory_mobile/1785479806902753_wcslt.json
apps/voicememory_mobile/1785479807002367_wcslt.json
apps/voicememory_mobile/1785479807087306_wcslt.json
apps/voicememory_mobile/1785479807595895_wcslt.json
apps/voicememory_mobile/1785479807667336_wcslt.json
apps/voicememory_mobile/1785479807795755_wcslt.json
apps/voicememory_mobile/1785479807850851_wcslt.json
apps/voicememory_mobile/1785480502565034_wcslt.json
apps/voicememory_mobile/1785480502858490_wcslt.json
apps/voicememory_mobile/1785480503079046_wcslt.json
apps/voicememory_mobile/1785480503189886_wcslt.json
apps/voicememory_mobile/1785480503316650_wcslt.json
apps/voicememory_mobile/1785480503466009_wcslt.json
apps/voicememory_mobile/1785480503567124_wcslt.json
apps/voicememory_mobile/1785480503668733_wcslt.json
apps/voicememory_mobile/1785480503829741_wcslt.json
apps/voicememory_mobile/1785480503986708_wcslt.json
apps/voicememory_mobile/1785480504482139_wcslt.json
apps/voicememory_mobile/1785480504653225_wcslt.json
apps/voicememory_mobile/1785480504831803_wcslt.json
apps/voicememory_mobile/1785480504928692_wcslt.json
apps/voicememory_mobile/1785480505519206_wcslt.json
apps/voicememory_mobile/1785480505667750_wcslt.json
apps/voicememory_mobile/1785480505760432_wcslt.json
apps/voicememory_mobile/1785480505809417_wcslt.json
apps/voicememory_mobile/1785480707328112_pattern_changed.json
apps/voicememory_mobile/1785480707493535_pattern_changed.json
apps/voicememory_mobile/1785480707609084_pattern_changed.json
apps/voicememory_mobile/1785480707702907_pattern_changed.json
apps/voicememory_mobile/1785480707786809_pattern_changed.json
apps/voicememory_mobile/1785480707856291_pattern_changed.json
apps/voicememory_mobile/1785480707932131_pattern_changed.json
apps/voicememory_mobile/1785480707994105_pattern_changed.json
apps/voicememory_mobile/1785480708058858_pattern_changed.json
apps/voicememory_mobile/1785480708139066_pattern_changed.json
apps/voicememory_mobile/1785480708222501_pattern_changed.json
apps/voicememory_mobile/1785480708324682_pattern_changed.json
apps/voicememory_mobile/1785480708407535_pattern_changed.json
apps/voicememory_mobile/1785480708540337_pattern_changed.json
apps/voicememory_mobile/1785480708977527_pattern_changed.json
apps/voicememory_mobile/1785480709054896_pattern_changed.json
apps/voicememory_mobile/1785480709173266_pattern_changed.json
apps/voicememory_mobile/1785480709276552_pattern_changed.json
apps/voicememory_mobile/1785480709360920_pattern_changed.json
apps/voicememory_mobile/1785480709460339_pattern_changed.json
apps/voicememory_mobile/1785480709549297_pattern_changed.json
apps/voicememory_mobile/1785480709620113_pattern_changed.json
apps/voicememory_mobile/1785480709688207_pattern_changed.json
apps/voicememory_mobile/1785480742617420_wcslt.json
apps/voicememory_mobile/1785480742815787_wcslt.json
apps/voicememory_mobile/1785480743021536_wcslt.json
apps/voicememory_mobile/1785480743147624_wcslt.json
apps/voicememory_mobile/1785480743233322_wcslt.json
apps/voicememory_mobile/1785480743324876_wcslt.json
apps/voicememory_mobile/1785480743456245_wcslt.json
apps/voicememory_mobile/1785480743836653_wcslt.json
apps/voicememory_mobile/1785480743970627_wcslt.json
apps/voicememory_mobile/1785480744026970_wcslt.json
apps/voicememory_mobile/1785480744122725_wcslt.json
apps/voicememory_mobile/1785480744204039_wcslt.json
apps/voicememory_mobile/1785480744285627_wcslt.json
apps/voicememory_mobile/1785480744351440_wcslt.json
apps/voicememory_mobile/1785480744878765_wcslt.json
apps/voicememory_mobile/1785480744989244_wcslt.json
apps/voicememory_mobile/1785480745082586_wcslt.json
apps/voicememory_mobile/1785480745141322_wcslt.json
apps/voicememory_mobile/1785480947360334_confirmed_repeat_beta.json
apps/voicememory_mobile/1785480947536811_confirmed_repeat_beta.json
apps/voicememory_mobile/1785480947623639_confirmed_repeat_beta.json
apps/voicememory_mobile/1785480947692707_confirmed_repeat_beta.json
apps/voicememory_mobile/1785480947760047_confirmed_repeat_beta.json
apps/voicememory_mobile/1785480947820463_confirmed_repeat_beta.json
apps/voicememory_mobile/1785480947881763_confirmed_repeat_beta.json
apps/voicememory_mobile/1785480948018180_confirmed_repeat_beta.json
apps/voicememory_mobile/1785480948564418_confirmed_repeat_beta.json
apps/voicememory_mobile/1785480948892883_confirmed_repeat_beta.json
apps/voicememory_mobile/1785480949418767_confirmed_repeat_beta.json
apps/voicememory_mobile/1785480949769456_confirmed_repeat_beta.json
apps/voicememory_mobile/1785480949953061_confirmed_repeat_beta.json
apps/voicememory_mobile/1785480950108320_confirmed_repeat_beta.json
apps/voicememory_mobile/1785480950262121_confirmed_repeat_beta.json
apps/voicememory_mobile/1785480950405995_confirmed_repeat_beta.json
apps/voicememory_mobile/1785480950509098_confirmed_repeat_beta.json
apps/voicememory_mobile/1785480950641398_confirmed_repeat_beta.json
apps/voicememory_mobile/1785480952776022_haa.json
apps/voicememory_mobile/1785480953083864_haa.json
apps/voicememory_mobile/1785480953189453_haa.json
apps/voicememory_mobile/1785480953266982_haa.json
apps/voicememory_mobile/1785480953372753_haa.json
apps/voicememory_mobile/1785480953457970_haa.json
apps/voicememory_mobile/1785480953575904_haa.json
apps/voicememory_mobile/1785480953678910_haa.json
apps/voicememory_mobile/1785480953766391_haa.json
apps/voicememory_mobile/1785480953838850_haa.json
apps/voicememory_mobile/1785480953938331_haa.json
apps/voicememory_mobile/1785480954030602_haa.json
apps/voicememory_mobile/1785480954121090_haa.json
apps/voicememory_mobile/1785480954621417_haa.json
apps/voicememory_mobile/1785480954720949_haa.json
apps/voicememory_mobile/1785480954811728_haa.json
apps/voicememory_mobile/1785480992945304_rcp.json
apps/voicememory_mobile/1785480993108300_rcp.json
apps/voicememory_mobile/1785480993329630_rcp.json
apps/voicememory_mobile/1785480993429072_rcp.json
apps/voicememory_mobile/1785480993530253_rcp.json
apps/voicememory_mobile/1785480993626936_rcp.json
apps/voicememory_mobile/1785480993747802_rcp.json
apps/voicememory_mobile/1785480993860197_rcp.json
apps/voicememory_mobile/1785480993966451_rcp.json
apps/voicememory_mobile/1785480994059922_rcp.json
apps/voicememory_mobile/1785480994116949_rcp.json
apps/voicememory_mobile/1785480994188183_rcp.json
apps/voicememory_mobile/1785480994243891_rcp.json
apps/voicememory_mobile/1785480995084572_rcp.json
apps/voicememory_mobile/1785480995162590_rcp.json
apps/voicememory_mobile/1785480995224717_rcp.json
apps/voicememory_mobile/1785480995317648_rcp.json
apps/voicememory_mobile/1785480995386198_rcp.json
apps/voicememory_mobile/1785480995458995_rcp.json
apps/voicememory_mobile/1785486276049178_pattern_changed.json
apps/voicememory_mobile/1785486276528953_pattern_changed.json
apps/voicememory_mobile/1785486276669436_pattern_changed.json
apps/voicememory_mobile/1785486276768890_pattern_changed.json
apps/voicememory_mobile/1785486276865786_pattern_changed.json
apps/voicememory_mobile/1785486276962053_pattern_changed.json
apps/voicememory_mobile/1785486277036434_pattern_changed.json
apps/voicememory_mobile/1785486277110330_pattern_changed.json
apps/voicememory_mobile/1785486277175258_pattern_changed.json
apps/voicememory_mobile/1785486277264032_pattern_changed.json
apps/voicememory_mobile/1785486277345898_pattern_changed.json
apps/voicememory_mobile/1785486277411836_pattern_changed.json
apps/voicememory_mobile/1785486277502854_pattern_changed.json
apps/voicememory_mobile/1785486277654090_pattern_changed.json
apps/voicememory_mobile/1785486278176715_pattern_changed.json
apps/voicememory_mobile/1785486278267574_pattern_changed.json
apps/voicememory_mobile/1785486278510029_pattern_changed.json
apps/voicememory_mobile/1785486278610470_pattern_changed.json
apps/voicememory_mobile/1785486278722047_pattern_changed.json
apps/voicememory_mobile/1785486279138379_pattern_changed.json
apps/voicememory_mobile/1785486279189441_pattern_changed.json
apps/voicememory_mobile/1785486279263457_pattern_changed.json
apps/voicememory_mobile/1785486279321547_pattern_changed.json
apps/voicememory_mobile/1785486310041982_wcslt.json
apps/voicememory_mobile/1785486310228255_wcslt.json
apps/voicememory_mobile/1785486310418928_wcslt.json
apps/voicememory_mobile/1785486310521795_wcslt.json
apps/voicememory_mobile/1785486310640649_wcslt.json
apps/voicememory_mobile/1785486310732057_wcslt.json
apps/voicememory_mobile/1785486310863641_wcslt.json
apps/voicememory_mobile/1785486310970377_wcslt.json
apps/voicememory_mobile/1785486311059751_wcslt.json
apps/voicememory_mobile/1785486311118301_wcslt.json
apps/voicememory_mobile/1785486311226333_wcslt.json
apps/voicememory_mobile/1785486311346906_wcslt.json
apps/voicememory_mobile/1785486311648436_wcslt.json
apps/voicememory_mobile/1785486311746952_wcslt.json
apps/voicememory_mobile/1785486312335733_wcslt.json
apps/voicememory_mobile/1785486312428058_wcslt.json
apps/voicememory_mobile/1785486312517952_wcslt.json
apps/voicememory_mobile/1785486312628761_wcslt.json
apps/voicememory_mobile/1785486514193985_confirmed_repeat_beta.json
apps/voicememory_mobile/1785486514409373_confirmed_repeat_beta.json
apps/voicememory_mobile/1785486514517590_confirmed_repeat_beta.json
apps/voicememory_mobile/1785486514575621_confirmed_repeat_beta.json
apps/voicememory_mobile/1785486514638220_confirmed_repeat_beta.json
apps/voicememory_mobile/1785486514752097_confirmed_repeat_beta.json
apps/voicememory_mobile/1785486514807755_confirmed_repeat_beta.json
apps/voicememory_mobile/1785486515077928_confirmed_repeat_beta.json
apps/voicememory_mobile/1785486515211834_confirmed_repeat_beta.json
apps/voicememory_mobile/1785486515364715_confirmed_repeat_beta.json
apps/voicememory_mobile/1785486516148534_confirmed_repeat_beta.json
apps/voicememory_mobile/1785486516383516_confirmed_repeat_beta.json
apps/voicememory_mobile/1785486516552332_confirmed_repeat_beta.json
apps/voicememory_mobile/1785486516677247_confirmed_repeat_beta.json
apps/voicememory_mobile/1785486516821468_confirmed_repeat_beta.json
apps/voicememory_mobile/1785486516982721_confirmed_repeat_beta.json
apps/voicememory_mobile/1785486517170198_confirmed_repeat_beta.json
apps/voicememory_mobile/1785486517244644_confirmed_repeat_beta.json
apps/voicememory_mobile/1785486518849977_haa.json
apps/voicememory_mobile/1785486519077350_haa.json
apps/voicememory_mobile/1785486519172028_haa.json
apps/voicememory_mobile/1785486519230966_haa.json
apps/voicememory_mobile/1785486519338574_haa.json
apps/voicememory_mobile/1785486519427237_haa.json
apps/voicememory_mobile/1785486519578305_haa.json
apps/voicememory_mobile/1785486519640559_haa.json
apps/voicememory_mobile/1785486519699454_haa.json
apps/voicememory_mobile/1785486519773071_haa.json
apps/voicememory_mobile/1785486519899248_haa.json
apps/voicememory_mobile/1785486519993372_haa.json
apps/voicememory_mobile/1785486520082454_haa.json
apps/voicememory_mobile/1785486520570856_haa.json
apps/voicememory_mobile/1785486520653381_haa.json
apps/voicememory_mobile/1785486520706593_haa.json
apps/voicememory_mobile/1785486666116034_archive_beta_mission.json
apps/voicememory_mobile/1785488404678400_pattern_changed.json
apps/voicememory_mobile/1785488404924785_pattern_changed.json
apps/voicememory_mobile/1785488405032263_pattern_changed.json
apps/voicememory_mobile/1785488405137157_pattern_changed.json
apps/voicememory_mobile/1785488405244157_pattern_changed.json
apps/voicememory_mobile/1785488405333613_pattern_changed.json
apps/voicememory_mobile/1785488405469230_pattern_changed.json
apps/voicememory_mobile/1785488405727430_pattern_changed.json
apps/voicememory_mobile/1785488405817797_pattern_changed.json
apps/voicememory_mobile/1785488405883593_pattern_changed.json
apps/voicememory_mobile/1785488405954052_pattern_changed.json
apps/voicememory_mobile/1785488406011884_pattern_changed.json
apps/voicememory_mobile/1785488406086479_pattern_changed.json
apps/voicememory_mobile/1785488406195259_pattern_changed.json
apps/voicememory_mobile/1785488406702591_pattern_changed.json
apps/voicememory_mobile/1785488406815266_pattern_changed.json
apps/voicememory_mobile/1785488406955221_pattern_changed.json
apps/voicememory_mobile/1785488407082594_pattern_changed.json
apps/voicememory_mobile/1785488407227740_pattern_changed.json
apps/voicememory_mobile/1785488407431482_pattern_changed.json
apps/voicememory_mobile/1785488407510736_pattern_changed.json
apps/voicememory_mobile/1785488407584984_pattern_changed.json
apps/voicememory_mobile/1785488407719756_pattern_changed.json
apps/voicememory_mobile/1785488436554066_wcslt.json
apps/voicememory_mobile/1785488436722110_wcslt.json
apps/voicememory_mobile/1785488436918793_wcslt.json
apps/voicememory_mobile/1785488437013773_wcslt.json
apps/voicememory_mobile/1785488437104235_wcslt.json
apps/voicememory_mobile/1785488437185991_wcslt.json
apps/voicememory_mobile/1785488437275075_wcslt.json
apps/voicememory_mobile/1785488437381370_wcslt.json
apps/voicememory_mobile/1785488437493010_wcslt.json
apps/voicememory_mobile/1785488437557161_wcslt.json
apps/voicememory_mobile/1785488437850003_wcslt.json
apps/voicememory_mobile/1785488437969003_wcslt.json
apps/voicememory_mobile/1785488438033232_wcslt.json
apps/voicememory_mobile/1785488438099718_wcslt.json
apps/voicememory_mobile/1785488438624519_wcslt.json
apps/voicememory_mobile/1785488438675847_wcslt.json
apps/voicememory_mobile/1785488438820710_wcslt.json
apps/voicememory_mobile/1785488438902042_wcslt.json
apps/voicememory_mobile/1785506163345811_pattern_changed.json
apps/voicememory_mobile/1785506163512257_pattern_changed.json
apps/voicememory_mobile/1785506163690872_pattern_changed.json
apps/voicememory_mobile/1785506163770298_pattern_changed.json
apps/voicememory_mobile/1785506163849658_pattern_changed.json
apps/voicememory_mobile/1785506163951934_pattern_changed.json
apps/voicememory_mobile/1785506164025421_pattern_changed.json
apps/voicememory_mobile/1785506164105600_pattern_changed.json
apps/voicememory_mobile/1785506164171147_pattern_changed.json
apps/voicememory_mobile/1785506164617087_pattern_changed.json
apps/voicememory_mobile/1785506164727374_pattern_changed.json
apps/voicememory_mobile/1785506164786169_pattern_changed.json
apps/voicememory_mobile/1785506164851083_pattern_changed.json
apps/voicememory_mobile/1785506164954081_pattern_changed.json
apps/voicememory_mobile/1785506165405881_pattern_changed.json
apps/voicememory_mobile/1785506165495397_pattern_changed.json
apps/voicememory_mobile/1785506165689478_pattern_changed.json
apps/voicememory_mobile/1785506165815917_pattern_changed.json
apps/voicememory_mobile/1785506165872049_pattern_changed.json
apps/voicememory_mobile/1785506165945537_pattern_changed.json
apps/voicememory_mobile/1785506166001426_pattern_changed.json
apps/voicememory_mobile/1785506166053224_pattern_changed.json
apps/voicememory_mobile/1785506166099453_pattern_changed.json
apps/voicememory_mobile/1785506198737047_wcslt.json
apps/voicememory_mobile/1785506198888261_wcslt.json
apps/voicememory_mobile/1785506199050629_wcslt.json
apps/voicememory_mobile/1785506199144640_wcslt.json
apps/voicememory_mobile/1785506199230372_wcslt.json
apps/voicememory_mobile/1785506199325741_wcslt.json
apps/voicememory_mobile/1785506199426641_wcslt.json
apps/voicememory_mobile/1785506199537683_wcslt.json
apps/voicememory_mobile/1785506199627446_wcslt.json
apps/voicememory_mobile/1785506199684604_wcslt.json
apps/voicememory_mobile/1785506199775592_wcslt.json
apps/voicememory_mobile/1785506200118988_wcslt.json
apps/voicememory_mobile/1785506200201934_wcslt.json
apps/voicememory_mobile/1785506200264328_wcslt.json
apps/voicememory_mobile/1785506200737391_wcslt.json
apps/voicememory_mobile/1785506200880224_wcslt.json
apps/voicememory_mobile/1785506201016800_wcslt.json
apps/voicememory_mobile/1785506201094134_wcslt.json
apps/voicememory_mobile/1785506415287043_confirmed_repeat_beta.json
apps/voicememory_mobile/1785506415520509_confirmed_repeat_beta.json
apps/voicememory_mobile/1785506415626132_confirmed_repeat_beta.json
apps/voicememory_mobile/1785506415698725_confirmed_repeat_beta.json
apps/voicememory_mobile/1785506415774972_confirmed_repeat_beta.json
apps/voicememory_mobile/1785506415838141_confirmed_repeat_beta.json
apps/voicememory_mobile/1785506415921192_confirmed_repeat_beta.json
apps/voicememory_mobile/1785506416031829_confirmed_repeat_beta.json
apps/voicememory_mobile/1785506416136405_confirmed_repeat_beta.json
apps/voicememory_mobile/1785506416193220_confirmed_repeat_beta.json
apps/voicememory_mobile/1785506416668647_confirmed_repeat_beta.json
apps/voicememory_mobile/1785506417135386_confirmed_repeat_beta.json
apps/voicememory_mobile/1785506417341579_confirmed_repeat_beta.json
apps/voicememory_mobile/1785506417484744_confirmed_repeat_beta.json
apps/voicememory_mobile/1785506417650160_confirmed_repeat_beta.json
apps/voicememory_mobile/1785506417780657_confirmed_repeat_beta.json
apps/voicememory_mobile/1785506417914975_confirmed_repeat_beta.json
apps/voicememory_mobile/1785506417994053_confirmed_repeat_beta.json
apps/voicememory_mobile/1785506420986801_haa.json
apps/voicememory_mobile/1785506421208769_haa.json
apps/voicememory_mobile/1785506421297159_haa.json
apps/voicememory_mobile/1785506421388696_haa.json
apps/voicememory_mobile/1785506421512089_haa.json
apps/voicememory_mobile/1785506421609413_haa.json
apps/voicememory_mobile/1785506421687283_haa.json
apps/voicememory_mobile/1785506421747306_haa.json
apps/voicememory_mobile/1785506421837695_haa.json
apps/voicememory_mobile/1785506421922341_haa.json
apps/voicememory_mobile/1785506422018229_haa.json
apps/voicememory_mobile/1785506422100561_haa.json
apps/voicememory_mobile/1785506422181534_haa.json
apps/voicememory_mobile/1785506422711833_haa.json
apps/voicememory_mobile/1785506422785769_haa.json
apps/voicememory_mobile/1785506422995222_haa.json
apps/voicememory_mobile/1785515647966597_pattern_changed.json
apps/voicememory_mobile/1785515648134199_pattern_changed.json
apps/voicememory_mobile/1785515648264765_pattern_changed.json
apps/voicememory_mobile/1785515648338441_pattern_changed.json
apps/voicememory_mobile/1785515648409267_pattern_changed.json
apps/voicememory_mobile/1785515648496326_pattern_changed.json
apps/voicememory_mobile/1785515648566538_pattern_changed.json
apps/voicememory_mobile/1785515648640957_pattern_changed.json
apps/voicememory_mobile/1785515648704262_pattern_changed.json
apps/voicememory_mobile/1785515648768113_pattern_changed.json
apps/voicememory_mobile/1785515648836209_pattern_changed.json
apps/voicememory_mobile/1785515648909863_pattern_changed.json
apps/voicememory_mobile/1785515648968129_pattern_changed.json
apps/voicememory_mobile/1785515649083878_pattern_changed.json
apps/voicememory_mobile/1785515649579016_pattern_changed.json
apps/voicememory_mobile/1785515649724260_pattern_changed.json
apps/voicememory_mobile/1785515649839307_pattern_changed.json
apps/voicememory_mobile/1785515649920833_pattern_changed.json
apps/voicememory_mobile/1785515649968804_pattern_changed.json
apps/voicememory_mobile/1785515650054502_pattern_changed.json
apps/voicememory_mobile/1785515650141918_pattern_changed.json
apps/voicememory_mobile/1785515650216016_pattern_changed.json
apps/voicememory_mobile/1785515650263177_pattern_changed.json
apps/voicememory_mobile/1785515684410501_wcslt.json
apps/voicememory_mobile/1785515684599887_wcslt.json
apps/voicememory_mobile/1785515684762575_wcslt.json
apps/voicememory_mobile/1785515684855721_wcslt.json
apps/voicememory_mobile/1785515684934670_wcslt.json
apps/voicememory_mobile/1785515685013197_wcslt.json
apps/voicememory_mobile/1785515685103793_wcslt.json
apps/voicememory_mobile/1785515685227791_wcslt.json
apps/voicememory_mobile/1785515685351144_wcslt.json
apps/voicememory_mobile/1785515685443356_wcslt.json
apps/voicememory_mobile/1785515685535335_wcslt.json
apps/voicememory_mobile/1785515685640380_wcslt.json
apps/voicememory_mobile/1785515685723912_wcslt.json
apps/voicememory_mobile/1785515685780654_wcslt.json
apps/voicememory_mobile/1785515686269959_wcslt.json
apps/voicememory_mobile/1785515686334242_wcslt.json
apps/voicememory_mobile/1785515686476575_wcslt.json
apps/voicememory_mobile/1785515686550571_wcslt.json
apps/voicememory_mobile/1785515901086593_confirmed_repeat_beta.json
apps/voicememory_mobile/1785515901533091_confirmed_repeat_beta.json
apps/voicememory_mobile/1785515901630010_confirmed_repeat_beta.json
apps/voicememory_mobile/1785515901728616_confirmed_repeat_beta.json
apps/voicememory_mobile/1785515901855568_confirmed_repeat_beta.json
apps/voicememory_mobile/1785515901954367_confirmed_repeat_beta.json
apps/voicememory_mobile/1785515902019279_confirmed_repeat_beta.json
apps/voicememory_mobile/1785515902080725_confirmed_repeat_beta.json
apps/voicememory_mobile/1785515902146284_confirmed_repeat_beta.json
apps/voicememory_mobile/1785515902268210_confirmed_repeat_beta.json
apps/voicememory_mobile/1785515902692475_confirmed_repeat_beta.json
apps/voicememory_mobile/1785515903134764_confirmed_repeat_beta.json
apps/voicememory_mobile/1785515903459889_confirmed_repeat_beta.json
apps/voicememory_mobile/1785515903617262_confirmed_repeat_beta.json
apps/voicememory_mobile/1785515903800456_confirmed_repeat_beta.json
apps/voicememory_mobile/1785515904022768_confirmed_repeat_beta.json
apps/voicememory_mobile/1785515904158279_confirmed_repeat_beta.json
apps/voicememory_mobile/1785515904222920_confirmed_repeat_beta.json
apps/voicememory_mobile/1785515907077740_haa.json
apps/voicememory_mobile/1785515907317473_haa.json
apps/voicememory_mobile/1785515907501892_haa.json
apps/voicememory_mobile/1785515907588050_haa.json
apps/voicememory_mobile/1785515907732693_haa.json
apps/voicememory_mobile/1785515907821977_haa.json
apps/voicememory_mobile/1785515907889504_haa.json
apps/voicememory_mobile/1785515907953795_haa.json
apps/voicememory_mobile/1785515908010699_haa.json
apps/voicememory_mobile/1785515908063073_haa.json
apps/voicememory_mobile/1785515908144386_haa.json
apps/voicememory_mobile/1785515908219059_haa.json
apps/voicememory_mobile/1785515908302230_haa.json
apps/voicememory_mobile/1785515908824527_haa.json
apps/voicememory_mobile/1785515908922426_haa.json
apps/voicememory_mobile/1785515909000529_haa.json
apps/voicememory_mobile/1785515952713061_rcp.json
apps/voicememory_mobile/1785515952861966_rcp.json
apps/voicememory_mobile/1785515953044329_rcp.json
apps/voicememory_mobile/1785515953139958_rcp.json
apps/voicememory_mobile/1785515953248069_rcp.json
apps/voicememory_mobile/1785515953329086_rcp.json
apps/voicememory_mobile/1785515953412411_rcp.json
apps/voicememory_mobile/1785515953509150_rcp.json
apps/voicememory_mobile/1785515953619804_rcp.json
apps/voicememory_mobile/1785515953710987_rcp.json
apps/voicememory_mobile/1785515953784665_rcp.json
apps/voicememory_mobile/1785515953862144_rcp.json
apps/voicememory_mobile/1785515953929891_rcp.json
apps/voicememory_mobile/1785515954925209_rcp.json
apps/voicememory_mobile/1785515955088384_rcp.json
apps/voicememory_mobile/1785515955193280_rcp.json
apps/voicememory_mobile/1785515955419075_rcp.json
apps/voicememory_mobile/1785515955492335_rcp.json
apps/voicememory_mobile/1785515955560990_rcp.json
apps/voicememory_mobile/1785541189989192_wcslt.json
apps/voicememory_mobile/1785541190456408_wcslt.json
apps/voicememory_mobile/1785541190612061_wcslt.json
apps/voicememory_mobile/1785541190694433_wcslt.json
apps/voicememory_mobile/1785541190762936_wcslt.json
apps/voicememory_mobile/1785541190834954_wcslt.json
apps/voicememory_mobile/1785541190904219_wcslt.json
apps/voicememory_mobile/1785541190983138_wcslt.json
apps/voicememory_mobile/1785541191064752_wcslt.json
apps/voicememory_mobile/1785541191109343_wcslt.json
apps/voicememory_mobile/1785541191186133_wcslt.json
apps/voicememory_mobile/1785541191257608_wcslt.json
apps/voicememory_mobile/1785541191298119_wcslt.json
apps/voicememory_mobile/1785541191340612_wcslt.json
apps/voicememory_mobile/1785541191764789_wcslt.json
apps/voicememory_mobile/1785541191806451_wcslt.json
apps/voicememory_mobile/1785541191889533_wcslt.json
apps/voicememory_mobile/1785541191929977_wcslt.json
apps/voicememory_mobile/1785541765978506_wcslt.json
apps/voicememory_mobile/1785541766145364_wcslt.json
apps/voicememory_mobile/1785541766328884_wcslt.json
apps/voicememory_mobile/1785541766446897_wcslt.json
apps/voicememory_mobile/1785541766551803_wcslt.json
apps/voicememory_mobile/1785541766675778_wcslt.json
apps/voicememory_mobile/1785541766778306_wcslt.json
apps/voicememory_mobile/1785541766880688_wcslt.json
apps/voicememory_mobile/1785541766992535_wcslt.json
apps/voicememory_mobile/1785541767085390_wcslt.json
apps/voicememory_mobile/1785541767178515_wcslt.json
apps/voicememory_mobile/1785541767280183_wcslt.json
apps/voicememory_mobile/1785541767345731_wcslt.json
apps/voicememory_mobile/1785541767404643_wcslt.json
apps/voicememory_mobile/1785541767921221_wcslt.json
apps/voicememory_mobile/1785541768008302_wcslt.json
apps/voicememory_mobile/1785541768138996_wcslt.json
apps/voicememory_mobile/1785541768219828_wcslt.json
apps/voicememory_mobile/1785541854262652_wcslt.json
apps/voicememory_mobile/1785541854415976_wcslt.json
apps/voicememory_mobile/1785541854614048_wcslt.json
apps/voicememory_mobile/1785541854727002_wcslt.json
apps/voicememory_mobile/1785541854821881_wcslt.json
apps/voicememory_mobile/1785541854923852_wcslt.json
apps/voicememory_mobile/1785541855029511_wcslt.json
apps/voicememory_mobile/1785541855141532_wcslt.json
apps/voicememory_mobile/1785541855238599_wcslt.json
apps/voicememory_mobile/1785541855329115_wcslt.json
apps/voicememory_mobile/1785541855427571_wcslt.json
apps/voicememory_mobile/1785541855525408_wcslt.json
apps/voicememory_mobile/1785541855589209_wcslt.json
apps/voicememory_mobile/1785541855663053_wcslt.json
apps/voicememory_mobile/1785541856219074_wcslt.json
apps/voicememory_mobile/1785541856313361_wcslt.json
apps/voicememory_mobile/1785541856391342_wcslt.json
apps/voicememory_mobile/1785541856445725_wcslt.json
apps/voicememory_mobile/1785556314940927_wcslt.json
apps/voicememory_mobile/1785556315128287_wcslt.json
apps/voicememory_mobile/1785556315362132_wcslt.json
apps/voicememory_mobile/1785556315756440_wcslt.json
apps/voicememory_mobile/1785556315959837_wcslt.json
apps/voicememory_mobile/1785556316097737_wcslt.json
apps/voicememory_mobile/1785556316227311_wcslt.json
apps/voicememory_mobile/1785556316356663_wcslt.json
apps/voicememory_mobile/1785556316533064_wcslt.json
apps/voicememory_mobile/1785556316693404_wcslt.json
apps/voicememory_mobile/1785556316810722_wcslt.json
apps/voicememory_mobile/1785556316960253_wcslt.json
apps/voicememory_mobile/1785556317070898_wcslt.json
apps/voicememory_mobile/1785556317185738_wcslt.json
apps/voicememory_mobile/1785556317804415_wcslt.json
apps/voicememory_mobile/1785556318078153_wcslt.json
apps/voicememory_mobile/1785556318260133_wcslt.json
apps/voicememory_mobile/1785556318359454_wcslt.json
apps/voicememory_mobile/1785556453342071_wcslt.json
apps/voicememory_mobile/1785556453560429_wcslt.json
apps/voicememory_mobile/1785556453850224_wcslt.json
apps/voicememory_mobile/1785556453977339_wcslt.json
apps/voicememory_mobile/1785556454175457_wcslt.json
apps/voicememory_mobile/1785556454381439_wcslt.json
apps/voicememory_mobile/1785556454771308_wcslt.json
apps/voicememory_mobile/1785556454854523_wcslt.json
apps/voicememory_mobile/1785556454956298_wcslt.json
apps/voicememory_mobile/1785556455035564_wcslt.json
apps/voicememory_mobile/1785556455190927_wcslt.json
apps/voicememory_mobile/1785556455338092_wcslt.json
apps/voicememory_mobile/1785556455404014_wcslt.json
apps/voicememory_mobile/1785556455481478_wcslt.json
apps/voicememory_mobile/1785556456046739_wcslt.json
apps/voicememory_mobile/1785556456113015_wcslt.json
apps/voicememory_mobile/1785556456272713_wcslt.json
apps/voicememory_mobile/1785556456485709_wcslt.json
apps/voicememory_mobile/1785556573741352_wcslt.json
apps/voicememory_mobile/1785556573990914_wcslt.json
apps/voicememory_mobile/1785556574216711_wcslt.json
apps/voicememory_mobile/1785556574477184_wcslt.json
apps/voicememory_mobile/1785556574635091_wcslt.json
apps/voicememory_mobile/1785556574731930_wcslt.json
apps/voicememory_mobile/1785556574849577_wcslt.json
apps/voicememory_mobile/1785556574969259_wcslt.json
apps/voicememory_mobile/1785556575066068_wcslt.json
apps/voicememory_mobile/1785556575133317_wcslt.json
apps/voicememory_mobile/1785556575225549_wcslt.json
apps/voicememory_mobile/1785556575503409_wcslt.json
apps/voicememory_mobile/1785556575778974_wcslt.json
apps/voicememory_mobile/1785556575882795_wcslt.json
apps/voicememory_mobile/1785556576429116_wcslt.json
apps/voicememory_mobile/1785556576516032_wcslt.json
apps/voicememory_mobile/1785556576643236_wcslt.json
apps/voicememory_mobile/1785556576704781_wcslt.json
apps/voicememory_mobile/1785594125061289_pattern_changed.json
apps/voicememory_mobile/1785594125162402_pattern_changed.json
apps/voicememory_mobile/1785594125218252_pattern_changed.json
apps/voicememory_mobile/1785594125247720_pattern_changed.json
apps/voicememory_mobile/1785594125268387_pattern_changed.json
apps/voicememory_mobile/1785594125287103_pattern_changed.json
apps/voicememory_mobile/1785594125307879_pattern_changed.json
apps/voicememory_mobile/1785594125327248_pattern_changed.json
apps/voicememory_mobile/1785594125353304_pattern_changed.json
apps/voicememory_mobile/1785594125417270_pattern_changed.json
apps/voicememory_mobile/1785594125436407_pattern_changed.json
apps/voicememory_mobile/1785594125451947_pattern_changed.json
apps/voicememory_mobile/1785594125463664_pattern_changed.json
apps/voicememory_mobile/1785594125507466_pattern_changed.json
apps/voicememory_mobile/1785594126073911_pattern_changed.json
apps/voicememory_mobile/1785594126137540_pattern_changed.json
apps/voicememory_mobile/1785594126222798_pattern_changed.json
apps/voicememory_mobile/1785594126629947_pattern_changed.json
apps/voicememory_mobile/1785594126643830_pattern_changed.json
apps/voicememory_mobile/1785594126662339_pattern_changed.json
apps/voicememory_mobile/1785594126676281_pattern_changed.json
apps/voicememory_mobile/1785594126690319_pattern_changed.json
apps/voicememory_mobile/1785594126837469_pattern_changed.json
apps/voicememory_mobile/1785594148243420_wcslt.json
apps/voicememory_mobile/1785594148318009_wcslt.json
apps/voicememory_mobile/1785594148433700_wcslt.json
apps/voicememory_mobile/1785594148480346_wcslt.json
apps/voicememory_mobile/1785594148528230_wcslt.json
apps/voicememory_mobile/1785594148570346_wcslt.json
apps/voicememory_mobile/1785594148615554_wcslt.json
apps/voicememory_mobile/1785594148677613_wcslt.json
apps/voicememory_mobile/1785594148721128_wcslt.json
apps/voicememory_mobile/1785594148734695_wcslt.json
apps/voicememory_mobile/1785594148782832_wcslt.json
apps/voicememory_mobile/1785594148832798_wcslt.json
apps/voicememory_mobile/1785594148851233_wcslt.json
apps/voicememory_mobile/1785594148887129_wcslt.json
apps/voicememory_mobile/1785594149336634_wcslt.json
apps/voicememory_mobile/1785594149350306_wcslt.json
apps/voicememory_mobile/1785594149393446_wcslt.json
apps/voicememory_mobile/1785594149409751_wcslt.json
"apps/voicememory_mobile/Directory: '/"
apps/voicememory_mobile/android/app/src/main/kotlin/com/voicememory/mobile/audio/
apps/voicememory_mobile/android/app/src/main/kotlin/com/voicememory/mobile/integration/
apps/voicememory_mobile/android/app/src/main/kotlin/com/voicememory/mobile/widget/AndroidWidgetStorage.kt
apps/voicememory_mobile/android/app/src/main/kotlin/com/voicememory/mobile/widget/NativeWidgetProviders.kt
apps/voicememory_mobile/android/app/src/main/res/layout/micro_habit_widget.xml
apps/voicememory_mobile/android/app/src/main/res/layout/quick_capture_widget.xml
apps/voicememory_mobile/android/app/src/main/res/layout/semantic_cluster_widget.xml
apps/voicememory_mobile/android/app/src/main/res/xml/data_extraction_rules.xml
apps/voicememory_mobile/android/app/src/main/res/xml/micro_habit_widget_info.xml
apps/voicememory_mobile/android/app/src/main/res/xml/quick_capture_widget_info.xml
apps/voicememory_mobile/android/app/src/main/res/xml/semantic_cluster_widget_info.xml
apps/voicememory_mobile/android/app/src/test/
apps/voicememory_mobile/android/build/
apps/voicememory_mobile/android/fastlane/
apps/voicememory_mobile/android/key.properties.example
apps/voicememory_mobile/assets/fonts/
apps/voicememory_mobile/docs/DEVELOPMENT_TOOLCHAIN.md
apps/voicememory_mobile/docs/ENCRYPTED_GRAPH_CLOUD_SYNC_SETUP.md
apps/voicememory_mobile/docs/FIRST25_METRICS_DASHBOARD.md
apps/voicememory_mobile/docs/FOCUSED_RETURN_QA.md
apps/voicememory_mobile/docs/LLAMA_CPP_FFI_RUNTIME.md
apps/voicememory_mobile/docs/RELEASE_READINESS.md
apps/voicememory_mobile/docs/REVENUECAT_PHYSICAL_DEVICE_PROOF.md
apps/voicememory_mobile/docs/V1_PERMISSION_MATRIX.md
apps/voicememory_mobile/docs/accessibility/
apps/voicememory_mobile/ios/ArchiveMeWidgets/
apps/voicememory_mobile/ios/Flutter/ExtensionVersion.xcconfig
apps/voicememory_mobile/ios/OS_INTEGRATION.md
apps/voicememory_mobile/ios/Runner.xcodeproj/project.xcworkspace/xcshareddata/swiftpm/
apps/voicememory_mobile/ios/Runner.xcworkspace/xcshareddata/swiftpm/
apps/voicememory_mobile/ios/Runner/ICloudGraphSyncHandler.swift
apps/voicememory_mobile/ios/Runner/Info-Release.plist
apps/voicememory_mobile/ios/Runner/OSLevelIntegrationHandler.swift
apps/voicememory_mobile/ios/Runner/Runner-Release.entitlements
apps/voicememory_mobile/ios/ShareExtension/
apps/voicememory_mobile/ios/SharedIntegration/
apps/voicememory_mobile/ios/fastlane/
apps/voicememory_mobile/l10n.yaml
apps/voicememory_mobile/lib/api/api_models.dart
apps/voicememory_mobile/lib/api/api_transport.dart
apps/voicememory_mobile/lib/api/auth_api_client.dart
apps/voicememory_mobile/lib/api/billing_api_client.dart
apps/voicememory_mobile/lib/api/journal_sync_api_client.dart
apps/voicememory_mobile/lib/api/voice_capture_api_client.dart
apps/voicememory_mobile/lib/billing/billing_platform.dart
apps/voicememory_mobile/lib/billing/purchase_failure.dart
apps/voicememory_mobile/lib/billing/revenuecat_app_user_id_store.dart
apps/voicememory_mobile/lib/billing/revenuecat_configuration.dart
apps/voicememory_mobile/lib/billing/subscription_purchase_coordinator.dart
apps/voicememory_mobile/lib/config/app_feature_flags.dart
apps/voicememory_mobile/lib/config/release_identity.dart
apps/voicememory_mobile/lib/core/config/v1_capability_registry.dart
apps/voicememory_mobile/lib/core/config/v1_feature_flags.dart
apps/voicememory_mobile/lib/core/errors/
apps/voicememory_mobile/lib/core/search/
apps/voicememory_mobile/lib/core/sync/
apps/voicememory_mobile/lib/features/adaptive_question/
apps/voicememory_mobile/lib/features/ai_engines/
apps/voicememory_mobile/lib/features/analysis/
apps/voicememory_mobile/lib/features/app_review/archive_app_review_session.dart
apps/voicememory_mobile/lib/features/archive_export/archive_ownership_copy.dart
apps/voicememory_mobile/lib/features/archive_export/archive_privacy_summary.dart
apps/voicememory_mobile/lib/features/archive_export/complete_archive_export.dart
apps/voicememory_mobile/lib/features/archive_ownership/
apps/voicememory_mobile/lib/features/archive_semantic_search/
apps/voicememory_mobile/lib/features/capture_api_retry/
apps/voicememory_mobile/lib/features/changes/
apps/voicememory_mobile/lib/features/explainable_conclusion/
apps/voicememory_mobile/lib/features/impossible_insight/
apps/voicememory_mobile/lib/features/insight_feedback/explainable_conclusion_feedback_coordinator.dart
apps/voicememory_mobile/lib/features/journal/migration/
apps/voicememory_mobile/lib/features/journal/sync/
apps/voicememory_mobile/lib/features/media/
apps/voicememory_mobile/lib/features/monetization/data/
apps/voicememory_mobile/lib/features/monetization/domain/
apps/voicememory_mobile/lib/features/performance/
apps/voicememory_mobile/lib/features/privacy/
apps/voicememory_mobile/lib/features/processing_preferences/
apps/voicememory_mobile/lib/features/product_metrics/
apps/voicememory_mobile/lib/features/record/recording_duration_policy.dart
apps/voicememory_mobile/lib/features/recording/domain/
apps/voicememory_mobile/lib/features/recording/post_capture_choice_sheet.dart
apps/voicememory_mobile/lib/features/remote_transcription/
apps/voicememory_mobile/lib/features/structured_markers/
apps/voicememory_mobile/lib/features/study_mode/
apps/voicememory_mobile/lib/features/theme_system/
apps/voicememory_mobile/lib/features/transcription_queue/
apps/voicememory_mobile/lib/features/voice_capture/audio/capture_audio_session.dart
apps/voicememory_mobile/lib/features/voice_capture/audio/native_audio_recorder.dart
apps/voicememory_mobile/lib/features/voice_capture/onboarding_microphone_state.dart
apps/voicememory_mobile/lib/features/voice_capture/transcription/on_device_transcription_engine.dart
apps/voicememory_mobile/lib/features/voice_capture/transcription/transcription_connectivity.dart
apps/voicememory_mobile/lib/features/weekly_review/weekly_review.dart
apps/voicememory_mobile/lib/features/weekly_review/weekly_review_access.dart
apps/voicememory_mobile/lib/features/weekly_review/weekly_review_engine.dart
apps/voicememory_mobile/lib/features/weekly_review/weekly_review_entry_card.dart
apps/voicememory_mobile/lib/features/weekly_review/weekly_review_notification.dart
apps/voicememory_mobile/lib/features/weekly_review/weekly_review_repository.dart
apps/voicememory_mobile/lib/features/weekly_review/weekly_review_screen.dart
apps/voicememory_mobile/lib/features/weekly_review/weekly_review_store.dart
apps/voicememory_mobile/lib/features/weekly_review/weekly_review_sufficiency.dart
apps/voicememory_mobile/lib/l10n/
apps/voicememory_mobile/lib/models/journal_sync_metadata.dart
apps/voicememory_mobile/lib/models/local_capture_context.dart
apps/voicememory_mobile/lib/product/archive_me_v1_product_contract.dart
apps/voicememory_mobile/lib/product/auditable_change_positioning.dart
apps/voicememory_mobile/lib/product/core_product_vision.dart
apps/voicememory_mobile/lib/router/onboarding_route_policy.dart
apps/voicememory_mobile/lib/screens/archive_semantic_search_screen.dart
apps/voicememory_mobile/lib/screens/recording_recovery_screen.dart
apps/voicememory_mobile/lib/screens/v1_account_screen.dart
apps/voicememory_mobile/lib/screens/v1_settings_screen.dart
apps/voicememory_mobile/lib/security/behavioral_log_export_service.dart
apps/voicememory_mobile/lib/security/secure_archive_shell.dart
apps/voicememory_mobile/lib/services/ai/
apps/voicememory_mobile/lib/services/analytics/
apps/voicememory_mobile/lib/services/composition/
apps/voicememory_mobile/lib/services/evidence_receipt_analytics.dart
apps/voicememory_mobile/lib/services/focused_return_analytics.dart
apps/voicememory_mobile/lib/services/local_storage/
apps/voicememory_mobile/lib/services/privacy/
apps/voicememory_mobile/lib/services/security/
apps/voicememory_mobile/lib/services/subscription_service.dart
apps/voicememory_mobile/lib/services/sync_diagnostic_log.dart
apps/voicememory_mobile/lib/subscriptions/
apps/voicememory_mobile/lib/theme/archive_semantic_colors.dart
apps/voicememory_mobile/lib/theme/system_overlay_style_resolver.dart
apps/voicememory_mobile/lib/widgets/accessibility/
apps/voicememory_mobile/lib/widgets/record/compact_auditable_conclusion_card.dart
apps/voicememory_mobile/lib/widgets/record/evidence_grounded_next_question_card.dart
apps/voicememory_mobile/lib/widgets/record/focused_auditable_post_save_section.dart
apps/voicememory_mobile/lib/widgets/record/optional_structured_check_card.dart
apps/voicememory_mobile/lib/widgets/record/post_save_action_button.dart
apps/voicememory_mobile/lib/widgets/record/post_save_conclusion_view.dart
apps/voicememory_mobile/lib/widgets/record/post_save_evidence_detail_sheet.dart
apps/voicememory_mobile/linux/
apps/voicememory_mobile/macos/
apps/voicememory_mobile/native/
apps/voicememory_mobile/test/accessibility_matrix_test.dart
apps/voicememory_mobile/test/adaptive_question_test.dart
apps/voicememory_mobile/test/ai_processing_controls_test.dart
apps/voicememory_mobile/test/analytics_source_audit_test.dart
apps/voicememory_mobile/test/anti_feature_guard_test.dart
apps/voicememory_mobile/test/api_domain_clients_test.dart
apps/voicememory_mobile/test/api_transport_error_mapping_test.dart
apps/voicememory_mobile/test/archive_account_isolation_test.dart
apps/voicememory_mobile/test/archive_ownership_decision_sheet_test.dart
apps/voicememory_mobile/test/archive_semantic_search_screen_test.dart
apps/voicememory_mobile/test/audio_privacy_wipe_wiring_test.dart
apps/voicememory_mobile/test/auditable_personal_change_test.dart
apps/voicememory_mobile/test/behavioral_log_privacy_test.dart
apps/voicememory_mobile/test/belief_changes_screen_v1_test.dart
apps/voicememory_mobile/test/billing_cache_first_refresh_test.dart
apps/voicememory_mobile/test/biometric_vault_test.dart
apps/voicememory_mobile/test/capture_performance_test.dart
apps/voicememory_mobile/test/capture_pipeline_audio_vault_test.dart
apps/voicememory_mobile/test/change_thread_projection_test.dart
apps/voicememory_mobile/test/change_thread_ui_test.dart
apps/voicememory_mobile/test/changes_analytics_test.dart
apps/voicememory_mobile/test/cold_start_service_gating_test.dart
apps/voicememory_mobile/test/conclusion_evaluation_harness_test.dart
apps/voicememory_mobile/test/contextual_paywall_test.dart
apps/voicememory_mobile/test/core/
apps/voicememory_mobile/test/core_product_vision_test.dart
apps/voicememory_mobile/test/dark_mode_semantic_theme_test.dart
apps/voicememory_mobile/test/entry_detail_interpretation_handoff_test.dart
apps/voicememory_mobile/test/evidence_card_test.dart
apps/voicememory_mobile/test/evidence_receipt_analytics_test.dart
apps/voicememory_mobile/test/explainable_conclusion_validator_v1_test.dart
apps/voicememory_mobile/test/explainable_conclusion_widgets_test.dart
apps/voicememory_mobile/test/export_round_trip_test.dart
apps/voicememory_mobile/test/failures/archive_journal_phone_isolatedDiff.png
apps/voicememory_mobile/test/failures/archive_journal_phone_maskedDiff.png
apps/voicememory_mobile/test/failures/archive_journal_phone_masterImage.png
apps/voicememory_mobile/test/failures/archive_journal_phone_testImage.png
apps/voicememory_mobile/test/failures/changes_insufficient_phone_isolatedDiff.png
apps/voicememory_mobile/test/failures/changes_insufficient_phone_maskedDiff.png
apps/voicememory_mobile/test/failures/changes_insufficient_phone_masterImage.png
apps/voicememory_mobile/test/failures/changes_insufficient_phone_testImage.png
apps/voicememory_mobile/test/failures/changes_then_now_phone_isolatedDiff.png
apps/voicememory_mobile/test/failures/changes_then_now_phone_maskedDiff.png
apps/voicememory_mobile/test/failures/changes_then_now_phone_masterImage.png
apps/voicememory_mobile/test/failures/changes_then_now_phone_testImage.png
apps/voicememory_mobile/test/features/capture_api_retry/
apps/voicememory_mobile/test/features/recording/
apps/voicememory_mobile/test/features/theme_system/
apps/voicememory_mobile/test/features/transcription_queue/
apps/voicememory_mobile/test/features/widgets/
apps/voicememory_mobile/test/focused_auditable_post_save_section_test.dart
apps/voicememory_mobile/test/focused_v1_return_flow_test.dart
apps/voicememory_mobile/test/goldens/
apps/voicememory_mobile/test/helpers/memory_secure_storage.dart
apps/voicememory_mobile/test/helpers/mock_audioplayers.dart
apps/voicememory_mobile/test/impossible_insight_engine_test.dart
apps/voicememory_mobile/test/journal_audio_security_test.dart
apps/voicememory_mobile/test/legacy_user_profile_null_safety_test.dart
apps/voicememory_mobile/test/mobile_prefs_secure_storage_test.dart
apps/voicememory_mobile/test/monetization/
apps/voicememory_mobile/test/native_audio_platform_contract_test.dart
apps/voicememory_mobile/test/native_audio_recorder_contract_test.dart
apps/voicememory_mobile/test/paywall_purchase_flow_test.dart
apps/voicememory_mobile/test/post_capture_choice_sheet_test.dart
apps/voicememory_mobile/test/post_capture_disposition_test.dart
apps/voicememory_mobile/test/post_save_experience_coordinator_test.dart
apps/voicememory_mobile/test/post_save_progressive_disclosure_test.dart
apps/voicememory_mobile/test/prior_analysis_evidence_builder_test.dart
apps/voicememory_mobile/test/privacy_ownership_copy_test.dart
apps/voicememory_mobile/test/product_metrics_test.dart
apps/voicememory_mobile/test/product_positioning_copy_test.dart
apps/voicememory_mobile/test/product_value_delivery_ledger_test.dart
apps/voicememory_mobile/test/recording_duration_policy_test.dart
apps/voicememory_mobile/test/remote_transcription_disclosure_dialog_test.dart
apps/voicememory_mobile/test/remote_transcription_disclosure_test.dart
apps/voicememory_mobile/test/revenuecat_configuration_test.dart
apps/voicememory_mobile/test/revenuecat_offline_cache_policy_test.dart
apps/voicememory_mobile/test/revenuecat_resilience_test.dart
apps/voicememory_mobile/test/revenuecat_server_link_test.dart
apps/voicememory_mobile/test/router/onboarding_route_policy_test.dart
apps/voicememory_mobile/test/saved_moment_encrypted_sync_test.dart
apps/voicememory_mobile/test/semantic_conclusion_gate_test.dart
apps/voicememory_mobile/test/sensitive_temporary_audio_platform_contract_test.dart
apps/voicememory_mobile/test/services/
apps/voicememory_mobile/test/structured_markers_test.dart
apps/voicememory_mobile/test/study_mode_test.dart
apps/voicememory_mobile/test/subscription_purchase_coordinator_test.dart
apps/voicememory_mobile/test/subscriptions/
apps/voicememory_mobile/test/support/accessibility_matrix.dart
apps/voicememory_mobile/test/support/ios_device_viewport.dart
apps/voicememory_mobile/test/support/ios_layout_assertions.dart
apps/voicememory_mobile/test/support/provider_test_harness.dart
apps/voicememory_mobile/test/support/record_screen_layout_assertions.dart
apps/voicememory_mobile/test/support/recording_feature_source.dart
apps/voicememory_mobile/test/support/scripted_sync_harness.dart
apps/voicememory_mobile/test/support/widget_test_pump.dart
apps/voicememory_mobile/test/transcript_editing_service_test.dart
apps/voicememory_mobile/test/v1_navigation_guard_test.dart
apps/voicememory_mobile/test/v1_permission_envelope_test.dart
apps/voicememory_mobile/test/v1_shipping_graph_test.dart
apps/voicememory_mobile/test/weekly_review_test.dart
apps/voicememory_mobile/third_party/
apps/voicememory_mobile/tool/audit_v1_permissions.sh
apps/voicememory_mobile/tool/conclusion_evaluation/
apps/voicememory_mobile/tool/export_app22_code.sh
apps/voicememory_mobile/tool/export_lib_for_apple_notes.py
apps/voicememory_mobile/tool/fetch_llama_cpp.sh
apps/voicememory_mobile/tool/fixtures/
apps/voicememory_mobile/tool/run_v1_testflight_build.sh
apps/voicememory_mobile/tool/screenshots/evidence_first_v1/
apps/voicememory_mobile/tool/test_audit_v1_permissions.sh
apps/voicememory_mobile/tool/test_revenuecat_configuration_gate.sh
apps/voicememory_mobile/tool/validate_release_readiness.sh
apps/voicememory_mobile/tool/validate_release_version.sh
apps/voicememory_mobile/tool/validate_revenuecat_configuration.sh
apps/voicememory_mobile/tool/verify_android_release_artifact.sh
apps/voicememory_mobile/transcription_queue/
apps/voicememory_mobile/windows/
artifacts/
backend/
browser_extension/
components/analytics/
components/spatial-nexus/
config/
docs/SERVER_MONETIZATION_CONTROLS.md
docs/UNIT_ECONOMICS_PRODUCTION_ACTIVATION.md
docs/V1_REVIEWER_INSTRUCTIONS.md
docs/current/
docs/history/FLUTTER_V1_RELEASE_PIPELINE.md
docs/history/README.md
docs/monetization/
docs/protocols/
docs/sql/002_cloud_relay_schema.sql
docs/sql/004_unit_economics.sql
docs/sql/005_ai_accuracy_feedback.sql
docs/sql/006_e2ee_crdt_sync.sql
docs/sql/007_stripe_subscription_end_date.sql
docs/sql/008_legacy_user_profiles_backfill.sql
docs/sql/009_account_deletion.sql
docs/sql/010_monetized_usage.sql
docs/sql/011_monetized_usage_ledger_metadata.sql
experiments/README.md
experiments/archive_me_legacy_flutter/
experiments/archive_me_legacy_web/
experiments/backend/app/api/action-plan-generator/
experiments/backend/app/api/ai-feedback/
experiments/backend/app/api/cluster-synthesis/
experiments/backend/app/api/dashboard-synthesis/
experiments/backend/app/api/document-ingestion/
experiments/backend/app/api/horizon-simulation/
experiments/backend/app/api/life-simulator/
experiments/backend/app/api/life-story-replay/
experiments/backend/app/api/live-audio/vault-chunk/
experiments/backend/app/api/morning-briefing/
experiments/backend/app/api/relationship-synthesis/
experiments/backend/app/api/search-translator/
experiments/backend/app/api/sync-relay/
experiments/backend/app/api/vision-extraction/
experiments/backend/app/api/voice-session/
experiments/backend/app/api/weekly-intelligence-synthesis/
export_to_desktop.sh
ios/
lib/action-plan-generator/
lib/ai-feedback/
lib/ai/
lib/analytics/
lib/analyze/prior-evidence.ts
lib/cluster-synthesis/
lib/dashboard-synthesis/
lib/document-ingestion/
lib/explainability/
lib/life-simulator/
lib/live-audio/vault-chunk-store.ts
lib/monetization/generated/
lib/privacy/
lib/product/archive-me-v1-product-contract.ts
lib/reliability/action-plan-generator-contract-tests.ts
lib/reliability/ai-feedback-contract-tests.ts
lib/reliability/cloud-relay-contract-tests.ts
lib/reliability/cluster-synthesis-contract-tests.ts
lib/reliability/dashboard-synthesis-contract-tests.ts
lib/reliability/document-ingestion-contract-tests.ts
lib/reliability/e2ee-sync-relay-contract-tests.ts
lib/reliability/explainable-conclusion-tests.ts
lib/reliability/horizon-simulation-contract-tests.ts
lib/reliability/hypothesis-evolution-contract-tests.ts
lib/reliability/life-simulator-contract-tests.ts
lib/reliability/life-story-replay-contract-tests.ts
lib/reliability/monetized-usage-tests.ts
lib/reliability/search-translator-contract-tests.ts
lib/reliability/spatial-nexus-contract-tests.ts
lib/reliability/unit-economics-tests.ts
lib/reliability/vision-extraction-contract-tests.ts
lib/reliability/voice-session-route-tests.ts
lib/reliability/weekly-intelligence-contract-tests.ts
lib/search-translator/
lib/server/ai-feedback-store.ts
lib/server/allowed-api-origin.ts
lib/server/analytics-service.ts
lib/server/authoritative-entitlement-store.ts
lib/server/cloud-relay-store.ts
lib/server/monetization-policy.ts
lib/server/monetized-access-guard.ts
lib/server/owner-scope.ts
lib/server/privacy/
lib/server/remote-transcription-disclosure.ts
lib/server/revenuecat-entitlement-guard.ts
lib/server/revenuecat-mapping.ts
lib/server/revenuecat-verifier.ts
lib/server/revenuecat-webhook-handler.ts
lib/server/serialized-json-response.ts
lib/server/unit-economics-breach-store.ts
lib/server/unit-economics-config.ts
lib/server/unit-economics-cron.ts
lib/server/unit-economics-domain.ts
lib/server/unit-economics-engine.ts
lib/server/unit-economics-ledger-store.ts
lib/server/unit-economics-meter.ts
lib/server/unit-economics-pricing-catalog.ts
lib/server/unit-economics-pricing-store.ts
lib/server/unit-economics-readiness.ts
lib/server/unit-economics-revenue-input.ts
lib/server/unit-economics-rollup-store.ts
lib/server/unit-economics-route.ts
lib/server/unit-economics-storage-reconcile.ts
lib/server/unit-economics-subject-key.ts
lib/server/usage-allowance-config.ts
lib/server/usage-reservation-store.ts
lib/spatial-nexus/
lib/sync/cloud-relay-auth.ts
lib/sync/cloud-relay-contract.ts
lib/sync/cloud-relay-ws-upgrade.ts
lib/sync/e2ee-relay-contract.ts
lib/vision-extraction/
lib/weekly-intelligence/
scripts/activate-monetized-usage-schema.mjs
scripts/activate-unit-economics-pricing.mjs
scripts/activate-unit-economics-schema.mjs
scripts/archive-me-v1-product-contract.test.ts
scripts/archive-me-v1-release-architecture.mjs
scripts/archive-me-v1-release-architecture.test.mjs
scripts/build-backend-release.mjs
scripts/build/
scripts/check-backend-allowlist.mjs
scripts/check-release-identity.mjs
scripts/documentation-drift.test.ts
scripts/generate-monetization-contract.mjs
scripts/isolate-non-v1-flutter.mjs
scripts/isolate-non-v1-web-ui.mjs
scripts/monetization-readiness-verifier.mjs
scripts/monetization-readiness-verifier.test.ts
scripts/owner-scope-guard.test.ts
scripts/run-account-deletion-outbox.mjs
scripts/run-action-plan-generator-contract-tests.mjs
scripts/run-ai-feedback-contract-tests.mjs
scripts/run-cloud-relay-contract-tests.mjs
scripts/run-cluster-synthesis-contract-tests.mjs
scripts/run-dashboard-synthesis-contract-tests.mjs
scripts/run-document-ingestion-contract-tests.mjs
scripts/run-e2ee-sync-relay-contract-tests.mjs
scripts/run-explainable-conclusion-tests.mjs
scripts/run-horizon-simulation-contract-tests.mjs
scripts/run-hypothesis-evolution-contract-tests.mjs
scripts/run-life-simulator-contract-tests.mjs
scripts/run-life-story-replay-contract-tests.mjs
scripts/run-monetized-usage-tests.mjs
scripts/run-revenuecat-entitlement-tests.mjs
scripts/run-search-translator-contract-tests.mjs
scripts/run-spatial-nexus-contract-tests.mjs
scripts/run-unit-economics-tests.mjs
scripts/run-vision-extraction-contract-tests.mjs
scripts/run-voice-session-route-tests.mjs
scripts/run-weekly-intelligence-contract-tests.mjs
scripts/v1-codebase-metrics.mjs
scripts/validate-account-deletion.mjs
scripts/validate-archive-me-v1-anti-features.mjs
scripts/validate-archive-me-v1-capabilities.mjs
scripts/validate-archive-me-v1-release-architecture.sh
scripts/validate-monetization-contract-guards.mjs
scripts/validate-release-graph.mjs
scripts/verify-monetization-readiness.ts
tool/
types/action-plan-generator.ts
types/ai-feedback.ts
types/dashboard-synthesis.ts
types/explainability.ts
types/life-simulator.ts
types/relationship-synthesis.ts
types/weekly-intelligence-synthesis.ts

=== format changed Dart files ===

=== focused Flutter suites ===
Selected: test/consumer_copy_banned_words_test.dart test/product_positioning_copy_test.dart test/privacy_copy_policy_test.dart test/export_round_trip_test.dart test/private_data_service_test.dart test/archive_ownership_decision_sheet_test.dart test/accessibility_matrix_test.dart test/capture_pipeline_audio_vault_test.dart test/temp_recording_cleanup_test.dart test/post_capture_disposition_test.dart test/journal_audio_security_test.dart test/ai_processing_controls_test.dart test/weekly_review_test.dart test/capture_performance_test.dart test/cold_start_service_gating_test.dart test/change_thread_projection_test.dart test/change_thread_ui_test.dart test/belief_changes_screen_v1_test.dart test/archive_account_isolation_test.dart test/sync_service_test.dart test/journal_store_test.dart test/evidence_card_test.dart test/product_metrics_test.dart test/product_analytics_test.dart test/analytics_source_audit_test.dart test/adaptive_question_test.dart test/semantic_conclusion_gate_test.dart test/auditable_personal_change_test.dart test/explainable_conclusion_validator_v1_test.dart test/post_save_experience_coordinator_test.dart test/structured_markers_test.dart test/study_mode_test.dart
/Users/chiragpatel/development/flutter/bin/internal/update_engine_version.sh: line 71: /Users/chiragpatel/development/flutter/bin/cache/engine.stamp.tmp.36147: Operation not permitted
/Users/chiragpatel/development/flutter/bin/internal/update_engine_version.sh: line 78: /Users/chiragpatel/development/flutter/bin/cache/engine.realm: Operation not permitted
FAIL: focused Flutter suites
/Users/chiragpatel/development/flutter/bin/internal/update_engine_version.sh: line 71: /Users/chiragpatel/development/flutter/bin/cache/engine.stamp.tmp.36147: Operation not permitted
/Users/chiragpatel/development/flutter/bin/internal/update_engine_version.sh: line 78: /Users/chiragpatel/development/flutter/bin/cache/engine.realm: Operation not permitted

=== flutter analyze ===
